Community,WT_Rxns_high_fiber_vmh,WT_Growth_high_fiber_vmh,WT_M1_Growth_high_fiber_vmh,WT_M2_Growth_high_fiber_vmh,MRM_Rxns_high_fiber_vmh,MRM_Growth_high_fiber_vmh,MRM_M1_Growth_high_fiber_vmh,MRM_M2_Growth_high_fiber_vmh,WT_Rxns_Mediterranian,WT_Growth_Mediterranian,WT_M1_Growth_Mediterranian,WT_M2_Growth_Mediterranian,MRM_Rxns_Mediterranian,MRM_Growth_Mediterranian,MRM_M1_Growth_Mediterranian,MRM_M2_Growth_Mediterranian,WT_Rxns_Unhealthy,WT_Growth_Unhealthy,WT_M1_Growth_Unhealthy,WT_M2_Growth_Unhealthy,MRM_Rxns_Unhealthy,MRM_Growth_Unhealthy,MRM_M1_Growth_Unhealthy,MRM_M2_Growth_Unhealthy,WT_Rxns_vegetarian_diet,WT_Growth_vegetarian_diet,WT_M1_Growth_vegetarian_diet,WT_M2_Growth_vegetarian_diet,MRM_Rxns_vegetarian_diet,MRM_Growth_vegetarian_diet,MRM_M1_Growth_vegetarian_diet,MRM_M2_Growth_vegetarian_diet,WT_Rxns_Western_VMH,WT_Growth_Western_VMH,WT_M1_Growth_Western_VMH,WT_M2_Growth_Western_VMH,MRM_Rxns_Western_VMH,MRM_Growth_Western_VMH,MRM_M1_Growth_Western_VMH,MRM_M2_Growth_Western_VMH,WT_Rxns_No_Diet,WT_Growth_No_Diet,WT_M1_Growth_No_Diet,WT_M2_Growth_No_Diet,MRM_Rxns_No_Diet,MRM_Growth_No_Diet,MRM_M1_Growth_No_Diet,MRM_M2_Growth_No_Diet
Acidaminococcus_fermentans_DSM_20731_AND_Akkermansia_muciniphila_ATCC_BAA_835,1186,0.176031526338141,0.00943816075233213,0.166593365585809,1009,0.176031526338141,0.00943816075233214,0.166593365585809,1223,0.145252274036523,0.0453790327922194,0.0998732412443038,518,0.145252274036523,0,0.145252274036523,1183,0.0596911214264911,0.015625131216027,0.0440659902104642,1000,0.0556950055501372,0.015625131194359,0.0400698743557782,1188,0.115659624961341,0.00970315523796417,0.105956469723377,520,0.115659624961341,0,0.115659624961341,1207,0.0322914195385375,0.0103953993591653,0.0218960201793722,1017,0.0322914195385375,0.0103953993591653,0.0218960201793722,1184,63.4839379881435,32.6823265303765,30.801611457767,1007,43.1751087503606,16.3723382404429,26.8027705099177
Acidaminococcus_fermentans_DSM_20731_AND_Alistipes_finegoldii_DSM_17242,756,0.00943816075233214,0.00943816075233214,0,512,0.00943816075233214,0.00943816075233214,0,1186,0.145252274036523,0.0207472323192086,0.124505041717315,945,0.145252274036523,0.019508381970695,0.125743892065828,808,0.0596911214264911,0,0.0596911214264911,963,0.0596911214264911,0.0156251311943524,0.0440659902321388,1190,0.0695358667816562,0.00970315520645948,0.0598327115751967,971,0.0695358667815844,0.00970315520973975,0.0598327115718447,775,0.0103953993591454,0,0.0103953993591454,516,0.0103953993591653,0.0103953993591653,0,1136,109.831181560587,26.6605592014418,83.1706223591455,979,63.7912951138634,5.59237979278684,58.1989153210766
Acidaminococcus_fermentans_DSM_20731_AND_Alistipes_putredinis_DSM_17216,817,0.0207472323192086,0,0.0207472323192086,521,0.0207472323192086,0,0.0207472323192086,817,0.020747232319162,0,0.020747232319162,498,0.0207472323192086,0.0207472323192086,0,823,0.0156251311943507,0,0.0156251311943507,509,0.0156251311943505,0.0156251311943505,0,817,0.00970315520973979,0,0.00970315520973979,513,0.00970315520973992,0.00970315520973992,0,1174,0.0251309731219938,0.00892269577527056,0.0162082773467232,1019,0.0135700234924247,0.0100781208864197,0.00349190260600495,1135,83.1160818345499,22.9708299342271,60.1452519003228,1013,64.4927001220402,6.65018118391776,57.8425189381224
Acidaminococcus_fermentans_DSM_20731_AND_Alistipes_shahii_WAL_8301,782,0.00943816075233214,0,0.00943816075233214,512,0.00943816075233214,0.00943816075233214,0,1199,0.0341685666575315,0.0207472323192086,0.0134213343383228,978,0.0213820332077478,0.0200266113611766,0.00135542184657118,1187,0.0290464655407523,0.0156251312024295,0.0134213343383228,996,0.0290464655326744,0.0156251311943516,0.0134213343383228,1188,0.023124489526425,0.00970315518810217,0.0134213343383228,993,0.0231244895480626,0.00970315520973979,0.0134213343383228,731,0.0103953993591653,0.0103953993591653,0,492,0.0103953993591653,0,0.0103953993591653,1160,93.4219586083136,26.8010666532971,66.6208919550165,985,51.8998926559641,7.46884013923858,44.4310525167256
Acidaminococcus_fermentans_DSM_20731_AND_Bacteroides_caccae_ATCC_43185,1063,0.0793606476554002,0.00943816075233213,0.0699224869030681,882,0.0221940466741691,0.00943816075233214,0.012755885921837,1061,0.070114643602747,0.0207472323192086,0.0493674112835384,870,0.0261857095661182,0.0207472323192086,0.00543847724690962,1044,0.0330977076751909,0.0156251311976715,0.0174725764775194,880,0.0243778068688894,0.015625131194351,0.00875267567453835,1095,0.0517158845597344,0.00970315520974306,0.0420127293499913,883,0.0222875794222767,0.00970315520973984,0.0125844242125368,1098,0.0291332197758944,0.0103953993591653,0.0187378204167291,889,0.0138436233937939,0.00809328110241645,0.00575034229137748,1061,84.2094095272025,32.0394361786507,52.1699733485518,882,60.9466801577243,14.2967272600702,46.6499528976541
Acidaminococcus_fermentans_DSM_20731_AND_Bacteroides_coprocola_M16_DSM_17136,1105,0.0150607586665834,0.00943816075233214,0.00562259791425122,902,0.0150607586660515,0.00943816075233214,0.00562259791371941,1081,0.0263698302329996,0.0207472323192086,0.00562259791379095,888,0.0245790085641297,0.0207472323192086,0.00383177624492108,1105,0.0212477291166801,0.0156251312024289,0.00562259791425121,897,0.0212477291080704,0.0156251311943511,0.00562259791371936,1074,0.0153257531109776,0.00970315519734005,0.00562259791363753,903,0.0153257531234593,0.00970315520973992,0.00562259791371941,1114,0.0204476485873179,0.0103953993591653,0.0100522492281525,903,0.0140483070898146,0.00399605786172978,0.0100522492280848,1065,90.9820987592271,31.7987664078283,59.1833323513988,899,60.4487351345335,8.84045897834103,51.6082761561925
Acidaminococcus_fermentans_DSM_20731_AND_Bacteroides_eggerthii_DSM_20697,1104,0.0793606476554002,0.00943816075233214,0.0699224869030681,904,0.0200785696623311,0.00943816075233214,0.010640408909999,1090,0.070114643602747,0.0207472323192086,0.0493674112835384,893,0.031736760995345,0.0207472323192086,0.0109895286761364,1067,0.0330977076780621,0.0156251312024292,0.0174725764756329,901,0.0294588718466271,0.0156251311943506,0.0138337406522765,1096,0.0517158845799097,0.00970315524317411,0.0420127293367356,906,0.0204803378800626,0.00970315520973979,0.0107771826703228,1093,0.0291332197758944,0.0103953993591653,0.0187378204167291,903,0.0140257504937416,0.0044475809261349,0.00957816956760668,1095,38.6825759504686,35.1433793480973,3.53919660237126,883,24.0003754806181,20.4611788782468,3.53919660237126
Acidaminococcus_fermentans_DSM_20731_AND_Bacteroides_fragilis_NCTC_9343,1337,0.185783282412536,0.00943816075233214,0.176345121660203,1010,0.185783282412536,0.00943816075233214,0.176345121660203,933,0.145252274036523,0,0.145252274036523,996,0.145252274036523,0.0207472323192086,0.124505041717315,1328,0.0596911214264911,0.0156251312024289,0.0440659902240623,1009,0.0596911214264911,0.0156251311943505,0.0440659902321406,946,0.115659624961341,0,0.115659624961341,1019,0.115659624961341,0.00970315520973988,0.105956469751601,1301,0.0322914195385375,0.0103953993591653,0.0218960201793722,1054,0.0316900633504975,0.0103953993591653,0.0212946639913322,1280,82.0146736550653,35.1433793480973,46.871294306968,1070,40.1701492399442,5.39616131923194,34.7739879207122
Acidaminococcus_fermentans_DSM_20731_AND_Bacteroides_intestinalis_341_DSM_17393,1102,0.0793606476554002,0.00943816075233214,0.0699224869030681,859,0.0421586010911051,0.00943816075233214,0.032720440338773,1107,0.070114643602747,0.0207472323192086,0.0493674112835384,843,0.0392481720095571,0.00677678432832917,0.0324713876812279,1078,0.0330977076780621,0.0156251312024292,0.0174725764756329,865,0.0330977076731872,0.0156251311943513,0.0174725764788359,1109,0.051715884557753,0.00970315520645983,0.0420127293512932,867,0.0424483938345646,0.00970315520973992,0.0327452386248246,1101,0.0291332197758745,0.0103953993591454,0.0187378204167291,912,0.0291332197758944,0.0103953993591653,0.0187378204167291,1082,85.9697321555575,32.0394361786507,53.9302959769067,890,61.1439234280488,7.6471163962129,53.4968070318359
Acidaminococcus_fermentans_DSM_20731_AND_Bacteroides_stercoris_ATCC_43183,1131,0.0793606476554002,0.00943816075233214,0.0699224869030681,910,0.0220305298190665,0.00943816075233214,0.0125923690667343,1122,0.070114643602747,0.0207472323192086,0.0493674112835384,896,0.0340245825436433,0.0207472323192086,0.0132773502244347,1100,0.0330977076780621,0.0156251312024292,0.0174725764756329,906,0.030405943571448,0.0156251311943505,0.0147808123770975,1131,0.051715884557753,0.00970315520645983,0.0420127293512932,921,0.0249299799441738,0.0097031552097398,0.015226824734434,1107,0.0291332197758944,0.0103953993591653,0.0187378204167291,439,0.0142479368987371,0,0.0142479368987371,1079,44.7037184724468,35.1433793480974,9.56033912434942,890,30.0799420499236,20.5196029255742,9.56033912434942
Acidaminococcus_fermentans_DSM_20731_AND_Bacteroides_thetaiotaomicron_VPI_5482,914,0.185783282412536,0,0.185783282412536,1044,0.0461065680891772,0.00943816075233213,0.0366684073368451,1278,0.1173051127218,0.0207472323192086,0.0965578804025916,1016,0.042944887714942,0.00459980878182375,0.0383450789331183,926,0.0596911214264911,0,0.0596911214264911,1028,0.0596911214264911,0.0156251311943487,0.0440659902321425,1270,0.0626813900855402,0.00970315520973962,0.0529782348758006,1055,0.038774951819151,0.00970315520973988,0.0290717966094111,1279,0.0322914195385375,0.0103953993591653,0.0218960201793722,1056,0.0322914195385375,0.0103953993591653,0.0218960201793722,1268,104.42015144731,31.1675553856063,73.2525960617032,1046,79.5452425008231,6.32649029952027,73.2187522013028
Acidaminococcus_fermentans_DSM_20731_AND_Bacteroides_uniformis_ATCC_8492,1111,0.0793606476552902,0.00943816075214993,0.0699224869031403,901,0.0259600569134283,0.00943816075233214,0.0165218961610962,1101,0.070114643602747,0.0207472323192086,0.0493674112835384,890,0.0457824819506897,0.0207472323192086,0.0250352496314811,1054,0.0330977076780619,0.0156251312024289,0.0174725764756331,899,0.0265662931778993,0.0156251311943507,0.0109411619835486,1124,0.0517158845541713,0.00970315520052488,0.0420127293536464,903,0.025986022650855,0.00970315520973979,0.0162828674411152,1153,0.508015411514806,0.0103953993591653,0.49762001215564,877,0.0337233147549466,0.0101413809307844,0.0235819338241622,1092,102.796796912033,31.3973628116944,71.3994341003388,908,60.0659063557093,6.46759401934806,53.5983123363613
Acidaminococcus_fermentans_DSM_20731_AND_Bifidobacterium_adolescentis_ATCC_15703,696,0.0292193126763552,0,0.0292193126763552,946,0.0292193126693293,0.00943816075233214,0.0197811519169972,1093,0.0453790327924846,0.0207472323192086,0.024631800473276,913,0.0453790327922181,0.0207472323192086,0.0246318004730095,679,0.0156251312024295,0,0.0156251312024295,465,0.015625131194351,0,0.015625131194351,726,0.00970315520645948,0.00970315520645948,0,513,0.00970315520973975,0.00970315520973975,0,1128,0.0828026194277486,0.0103953993591653,0.0724072200685832,932,0.0828026194277486,0.0103953993591653,0.0724072200685832,1065,73.1045832597251,17.3021222868434,55.8024609728817,935,50.3234722331599,6.54334428733178,43.7801279458281
Acidaminococcus_fermentans_DSM_20731_AND_Bifidobacterium_bifidum_PRL2010,748,0.0292193126763552,0,0.0292193126763552,457,0.0259249234955508,0,0.0259249234955508,743,0.0453790327922162,0,0.0453790327922162,461,0.0259249234955508,0,0.0259249234955508,726,0.0156251312024292,0,0.0156251312024292,449,0.0156251311943505,0,0.0156251311943505,729,0.00970315520645948,0,0.00970315520645948,452,0.00970315520973962,0,0.00970315520973962,1223,6.72802626621293,0.0103953993591653,6.71763086685376,1059,6.72802626621454,0.0103953993591653,6.71763086685538,1082,100.834883533929,26.3889180860325,74.4459654478966,925,56.4790825501129,1.14023343454959,55.3388491155633
Acidaminococcus_fermentans_DSM_20731_AND_Bifidobacterium_longum_NCC2705,994,0.0604250332583551,0.00943816075233214,0.050986872506023,774,0.0213563754109141,0.00943816075233213,0.011918214658582,992,0.0849797052574453,0.0453790328000592,0.0396006724573861,760,0.0232890412798113,0.016764910315006,0.00652413096480538,941,0.0330977076780619,0.0156251312024289,0.0174725764756331,767,0.0200084257610169,0.015625131194351,0.00438329456666589,976,0.0341574943141775,0.00970315520645966,0.0244543391077178,768,0.0280536180343914,0.00970315520973957,0.0183504628246518,973,0.0291332197758944,0.0103953993591653,0.0187378204167291,779,0.0216603757749521,0.00292255535822299,0.0187378204167291,909,88.8419392605945,30.2666027003908,58.5753365602037,769,60.2021621565471,6.47117750723867,53.7309846493084
Acidaminococcus_fermentans_DSM_20731_AND_Bilophila_wadsworthia_3_1_6,1014,0.00988651982344868,0.00943816075233214,0.00044835907111654,861,0.00988576753992456,0.00943816075233214,0.000447606787592424,850,0.0453790328000592,0.0453790328000592,0,498,0.0207472323192086,0.0207472323192086,0,843,0.0156251312024289,0.0156251312024289,0,509,0.0156251311943505,0.0156251311943505,0,821,0.00970315518810252,0.00970315518810252,0,513,0.00970315520973979,0.00970315520973979,0,1022,0.0148789900697992,0.0103953993591653,0.00448359071063388,863,0.0140892541830675,0.00960566347225825,0.00448359071080923,1015,53.1299452276298,31.4213662521041,21.7085789755257,847,28.8851348660474,10.5133235139816,18.3718113520659
Acidaminococcus_fermentans_DSM_20731_AND_Blautia_wexlerae_DSM_19850,1121,0.0520489983581872,0.00943816075233213,0.042610837605855,942,0.0192608456105114,0.00943816075233214,0.00982268485817925,1116,0.0633580699252926,0.0207472323192086,0.0426108376060839,929,0.0356102129268056,0.0207261242557403,0.0148840886710652,1109,0.0328109617404655,0.0156251312011984,0.0171858305392671,940,0.0328109617362883,0.0156251311943505,0.0171858305419378,1131,0.0363356202710499,0.00970315518320797,0.026632465087842,940,0.0296880772461571,0.00970315520973962,0.0199849220364175,1126,0.0417940129232214,0.0103953993591653,0.0313986135640561,940,0.0114765417027985,0.00828837902346822,0.00318816267933024,1093,72.0819441375395,30.6095401419225,41.472403995617,963,42.2460857919524,20.5196029255742,21.7264828663782
Acidaminococcus_fermentans_DSM_20731_AND_Citrobacter_amalonaticus_Y19,944,0.185783282412536,0,0.185783282412536,516,0.185783282412536,0,0.185783282412536,1335,0.145252274036523,0.00803083586078591,0.137221438175737,985,0.145252274036523,0.0207472323192086,0.124505041717315,932,0.0596911214264911,0,0.0596911214264911,996,0.0596911214264911,0.0156251311943509,0.0440659902321403,1330,0.0803408017108073,0.00970315520974031,0.070637646501067,998,0.0803408017108071,0.00970315520973988,0.0706376465010673,1358,8.97416682140578,0.0103953993591653,8.96377142204661,1022,4.49228111038247,0.0103953993591653,4.48188571102331,1289,153.509798368289,28.5759371831452,124.933861185144,1031,105.686563720082,5.43889915428359,100.247664565798
Acidaminococcus_fermentans_DSM_20731_AND_Clostridium_clostridioforme_CM201,1138,0.017152852364225,0.00943816075233214,0.00771469161189289,917,0.0171528523541537,0.00943816075233214,0.00771469160182157,1148,0.03035368725105,0.0207472323192086,0.0096064549318414,913,0.0303500773986857,0.0207413145195829,0.0096087628791028,809,0.0156251312024289,0.0156251312024289,0,509,0.0156251311943505,0.0156251311943505,0,781,0.00970315520645966,0.00970315520645966,0,520,0.00970315520973968,0.00970315520973968,0,1170,0.0297034005948774,0.0103953993591653,0.0193080012357121,931,0.0237327857791828,0.00442478454347069,0.0193080012357121,1133,96.607697486232,32.0394361786507,64.5682613075813,949,53.3982360315104,19.5586387113166,33.8395973201938
Acidaminococcus_fermentans_DSM_20731_AND_Collinsella_tanakaei_YIT_12063,1132,0.0171528523499064,0.00943816075233213,0.00771469159757422,926,0.0171528523541537,0.00943816075233214,0.00771469160182153,782,0.0453790327922162,0.0453790327922162,0,910,0.0226132180847828,0.00981263872032033,0.0128005793644625,785,0.0156251311943505,0.0156251311943505,0,510,0.0156251311943505,0.0156251311943505,0,786,0.00970315522263406,0.00970315522263406,0,513,0.00970315520973957,0.00970315520973957,0,1157,0.0439397535155029,0.0103953993591653,0.0335443541563376,935,0.0184583729804862,0.0103953993591653,0.00806297362132084,1123,92.8149930271301,29.359648615984,63.4553444111461,953,66.9627407768519,16.379565166125,50.583175610727
Acidaminococcus_fermentans_DSM_20731_AND_Coprococcus_catus_GD_7,1108,0.0171528523570657,0.00943816075233214,0.00771469160473361,911,0.0171528523541537,0.00943816075233214,0.00771469160182157,1107,0.0303536872405496,0.0207472323192086,0.00960645492134096,908,0.0279523985873307,0.0168106797205832,0.0111417188667475,757,0.01562513120243,0.01562513120243,0,520,0.0156251311943505,0.0156251311943505,0,751,0.00970315518504134,0.00970315518504134,0,521,0.00970315520973979,0.00970315520973979,0,1111,0.0438423855519161,0.0103953993591653,0.0334469861927508,462,0.0243728064474197,0,0.0243728064474197,1111,81.4155297147777,30.1456635443081,51.2698661704696,958,51.3898338320678,20.1531005945824,31.2367332374853
Acidaminococcus_fermentans_DSM_20731_AND_Desulfovibrio_desulfuricans_subsp_desulfuricans_DSM_642,1203,0.0947835223293939,0.00943816075233214,0.0853453615770617,980,0.0853742845684156,0.00853718490275078,0.0768370996656648,1219,0.129621012958304,0.0453790327922162,0.0842419801660878,500,0.0894339866702847,0,0.0894339866702847,834,0.0596911214264911,0,0.0596911214264911,977,0.0596911214264911,0.0156251311943509,0.0440659902321402,1215,0.0530134116177655,0.00970315520646018,0.0433102564113053,984,0.0433431295687523,0.00970315520973975,0.0336399743590126,1219,0.101747481428658,0.0103953993591653,0.0913520820694928,987,0.101747481428418,0.0103953993591653,0.0913520820692527,1170,96.9107687131334,30.8566837164102,66.0540849967232,988,29.8148342661652,18.5194834325683,11.2953508335969
Acidaminococcus_fermentans_DSM_20731_AND_Desulfovibrio_piger_ATCC_29098,1073,0.0649071846306376,0.00943816075233215,0.0554690238783054,863,0.0106661923718868,0.00943816075233214,0.00122803161955462,1087,0.070114643602747,0.0207472323192086,0.0493674112835384,848,0.0212681852161796,0.0207472323192086,0.000520952896971009,1059,0.0330977076780626,0.01562513120243,0.0174725764756326,510,0.0156251311943505,0.0156251311943505,0,1080,0.0364587645769658,0.00970315520645983,0.026755609370506,513,0.00970315520973979,0.00970315520973979,0,1079,0.0336646379519645,0.0103953993591653,0.0232692385927992,657,0.0221173090174676,1.6976574571903e-05,0.0221003324428957,1025,66.9790338842325,31.8389672712932,35.1400666129393,858,40.6884921585188,11.1710650380021,29.5174271205167
Acidaminococcus_fermentans_DSM_20731_AND_Dialister_invisus_DSM_15470,686,0.00943816075233215,0.00943816075233215,0,512,0.00943816075233214,0.00943816075233214,0,725,0.0453790328275209,0.04537903280006,2.74609603539949e-11,498,0.0207472323192086,0.0207472323192086,0,1081,0.015625131224799,0.0128309732943868,0.00279415793041228,853,0.0157150345510203,0.0156251311943537,8.99033566665613e-05,695,0.00970315520973962,0.00970315520973962,0,513,0.00970315520973997,0.00970315520973997,0,722,0.0103953993591653,0.0103953993591653,0,516,0.0103953993591653,0.0103953993591653,0,658,35.1433793480973,35.1433793480973,0,942,20.7766212954967,20.5196029255742,0.257018369922535
Acidaminococcus_fermentans_DSM_20731_AND_Dorea_longicatena_DSM_13814,942,0.0172815721418986,0.00943816075233214,0.00784341138956644,789,0.0172815721425774,0.00943816075233214,0.00784341139024526,943,0.030513971149636,0.0207472323192086,0.00976673883042734,778,0.0235624167664901,0.0207472323192086,0.00281518444728146,730,0.0156251311943505,0.0156251311943505,0,511,0.0156251311943505,0.0156251311943505,0,776,0.00970315520645879,0.00970315520645879,0,513,0.00970315520973975,0.00970315520973975,0,982,0.0291332197758944,0.0103953993591653,0.0187378204167291,801,0.020796052161016,0.0103953993591653,0.0104006528018507,952,77.6002649293291,30.235043470153,47.3652214591761,787,47.4010974082395,8.056775635985,39.3443217722545
Acidaminococcus_fermentans_DSM_20731_AND_Enterobacter_cloacae_EcWSU1,1328,0.185783282412536,0.00943816075233214,0.176345121660203,518,0.185783282412536,0,0.185783282412536,1329,0.129621012962226,0.0453790328000609,0.0842419801621655,996,0.0690261725205044,0.0207472323192086,0.0482789402012958,1220,0.0596911214264911,4.33160683075766e-05,0.0596478053581836,1005,0.0596911214264911,0.0156251311943505,0.0440659902321407,1354,0.0626813900838977,0.00970315520645461,0.0529782348774431,1012,0.0626813900855402,0.00970315520973975,0.0529782348758005,1430,6.73322396589413,0.0103953993591653,6.72282856653496,1029,6.73322396589413,0.0103953993591653,6.72282856653496,1279,171.017683446479,20.608776875088,150.408906571391,1040,133.544137726122,8.05677563598498,125.487362090137
Acidaminococcus_fermentans_DSM_20731_AND_Enterococcus_faecium_TX1330,963,0.0172815721455382,0.00943816075233214,0.00784341139320609,761,0.0172815721425776,0.00943816075233214,0.0078434113902455,955,0.0305139711423574,0.0207472323192086,0.00976673882314877,746,0.0250104410886421,0.0174174933903806,0.00759294769826155,769,0.0156251312024289,0.0156251312024289,0,510,0.0156251311943516,0.0156251311943516,0,766,0.00970315522481714,0.00970315522481714,0,513,0.00970315520973979,0.00970315520973979,0,965,0.0231801323459274,0.0103953993591653,0.0127847329867621,765,0.0197210273565443,0.0103953993591653,0.00932562799737901,919,87.2376212253079,29.4948208444075,57.7428003809004,766,50.468691628895,11.5336691510056,38.9350224778893
Acidaminococcus_fermentans_DSM_20731_AND_Escherichia_coli_str_K_12_substr_MG1655,1264,0.0793606476554002,0.00943816075233214,0.0699224869030681,831,0.0793606476554002,0.00943816075233214,0.0699224869030681,1281,0.070114643602747,0.0207472323192086,0.0493674112835384,819,0.070114643602747,0.0207472323192086,0.0493674112835384,1305,0.0330977076780619,0.0156251312024289,0.0174725764756331,510,0.0156251311943505,0.0156251311943505,0,1286,0.0517158845577532,0.00970315520646018,0.042012729351293,826,0.0517158845597324,0.00970315520973981,0.0420127293499926,1378,5.34172396654115,0.0103953993591653,5.33132856718199,910,0.297206575396267,0.0103953993591653,0.286811176037101,1274,157.832128183913,35.1134771112524,122.71865107266,916,107.149704148932,5.39616131923194,101.7535428297
Acidaminococcus_fermentans_DSM_20731_AND_Eubacterium_rectale_M104_1,980,0.0471676598630135,0.00943816075233213,0.0377294991106814,766,0.0122602322593797,0.00943816075233214,0.00282207150704759,966,0.0831085319010495,0.0453790327908822,0.0377294991101672,506,0.0207472323192086,0.0207472323192086,0,974,0.0330977076780626,0.01562513120243,0.0174725764756326,516,0.0156251311943516,0.0156251311943516,0,964,0.0364621820019839,0.00970315520974013,0.0267590267922438,520,0.00970315520973957,0.00970315520973957,0,955,0.0291332197758944,0.0103953993591653,0.0187378204167291,781,0.0205155663274657,0.0102022490474541,0.0103133172800115,914,85.9597341896331,23.2618263940745,62.6979077955585,759,58.5736966241597,10.6599052130963,47.9137914110634
Acidaminococcus_fermentans_DSM_20731_AND_Faecalibacterium_prausnitzii_L2_6,918,0.0172815721425777,0.00943816075233214,0.00784341139024559,763,0.0172815721425776,0.00943816075233214,0.00784341139024546,768,0.0453790327922162,0.0453790327922162,0,754,0.030665079115601,0.0209976222292588,0.00966745688634222,735,0.0156251312024289,0.0156251312024289,0,517,0.0156251311943505,0.0156251311943505,0,688,0.00970315520973992,0.00970315520973992,0,520,0.00970315520973992,0.00970315520973992,0,975,0.0291332197758944,0.0103953993591653,0.0187378204167291,772,0.0216603757749521,0.00292255535822299,0.0187378204167291,932,87.9085177796443,28.9646348280403,58.943882951604,762,43.7636843624537,16.5304896270546,27.2331947353991
Acidaminococcus_fermentans_DSM_20731_AND_Fusobacterium_varium_ATCC_27725,877,0.0292193126763552,0.0292193126763552,0,869,0.0165220191234132,0.00872931346665354,0.00779270565675967,843,0.0453790328000609,0.0453790328000609,0,498,0.0207472323192086,0.0207472323192086,0,798,0.0156251312024289,0.0156251312024289,0,509,0.0156251311943516,0.0156251311943516,0,812,0.00970315520974031,0.00970315520974031,0,513,0.00970315520973962,0.00970315520973962,0,1133,0.14461103298662,0.0828026194277486,0.0618084135588713,880,0.0195883401783693,0.00947550644124659,0.0101128337371227,1055,85.9627035984733,24.5663043345633,61.3963992639101,903,60.3104746817171,6.71047869429451,53.5999959874225
Acidaminococcus_fermentans_DSM_20731_AND_Haemophilus_parainfluenzae_T3T1,816,0.0292193126763562,0,0.0292193126763562,1042,0.0136190572970331,0.00902031334277183,0.00459874395426124,801,0.0453790328000625,0,0.0453790328000625,999,0.045379032792219,0.0207472323192086,0.0246318004730104,832,0.0156251312352947,3.28657583137984e-11,0.0156251312024289,510,0.0156251311943505,0.0156251311943505,0,820,0.00970315520973962,0,0.00970315520973962,512,0.00970315520973979,0.00970315520973979,0,853,0.0253344142683421,0,0.0253344142683421,1063,0.0253344142683421,0.00120163396584497,0.0241327803024971,1192,116.165354809167,18.4486639742883,97.7166908348787,1036,85.6437241913715,11.8308258287651,73.8128983626065
Acidaminococcus_fermentans_DSM_20731_AND_Helicobacter_pylori_26695,1059,0.0652231418078444,0.00943816075233214,0.0557849810555123,863,0.0587280210644941,0.00943816075233214,0.049289860312162,1067,0.084979705251907,0.0453790327908822,0.0396006724610248,849,0.0647982763009056,0.0207472323192086,0.044051043981697,1055,0.0330977076725227,0.0156251311932502,0.0174725764792725,510,0.0156251311943505,0.0156251311943505,0,1047,0.0364587645783668,0.00970315520645983,0.026755609371907,513,0.00970315520973975,0.00970315520973975,0,1033,0.0231801323459274,0.0103953993591653,0.0127847329867621,850,0.0197210273565443,0.0103953993591653,0.00932562799737901,1020,78.8000962971992,30.6402523109496,48.1598439862496,863,37.9751500533989,6.59616241914225,31.3789876342566
Acidaminococcus_fermentans_DSM_20731_AND_Klebsiella_pneumoniae_pneumoniae_MGH78578,1189,0.0793606476554002,0.00943816075233214,0.0699224869030681,836,0.0793606476554002,0.00943816075233214,0.0699224869030681,1183,0.070114643602747,0.0207472323192086,0.0493674112835384,825,0.0684844247153858,0.0180459164884126,0.0504385082269732,1203,0.033097707673212,0.0156251311943923,0.0174725764788196,864,0.0330977076731866,0.0156251311943504,0.0174725764788363,1183,0.051715884557753,0.00970315520645983,0.0420127293512932,842,0.0517158845597324,0.00970315520973975,0.0420127293499926,1288,5.34172396654115,0.0103953993591653,5.33132856718199,862,2.67399874650718,0.0103953993591653,2.66360334714801,1173,133.473643656015,32.0095784798181,101.464065176197,881,95.1565282191196,13.9595407426547,81.1969874764649
Acidaminococcus_fermentans_DSM_20731_AND_Lactobacillus_mucosae_LM1,1056,0.0100675090558225,0.00943816075233214,0.000629348303490315,896,0.0100675090558594,0.00943816075233214,0.000629348303527274,713,0.0207472323192086,0.0207472323192086,0,498,0.0207472323192086,0.0207472323192086,0,719,0.0156251312024289,0.0156251312024289,0,518,0.0156251311943516,0.0156251311943516,0,718,0.00970315520645948,0.00970315520645948,0,521,0.00970315520973975,0.00970315520973975,0,1077,0.0124147033052211,0.0103953993591653,0.00201930394605577,904,0.0119670904352964,0.0103953993591653,0.0015716910761311,1046,75.0895918823837,30.5566432132277,44.532948669156,913,40.2822756897911,13.7347303510593,26.5475453387318
Acidaminococcus_fermentans_DSM_20731_AND_Lactobacillus_reuteri_SD2112_ATCC_55730,932,0.0172815721455385,0.00943816075233214,0.00784341139320631,747,0.0172815721425777,0.00943816075233214,0.00784341139024555,792,0.0453790328000605,0.0453790328000605,0,498,0.0207472323192086,0.0207472323192086,0,746,0.0156251312024278,0.0156251312024278,0,510,0.0156251311943505,0.0156251311943505,0,726,0.0097031552248168,0.0097031552248168,0,513,0.00970315520973992,0.00970315520973992,0,955,0.0230048595023295,0.0103953993591653,0.0126094601431642,622,0.0142442098915784,7.46047713884864e-05,0.0141696051201899,898,92.7338656404374,28.3480238971293,64.385841743308,753,68.3542221740139,4.39159562105325,63.9626265529606
Acidaminococcus_fermentans_DSM_20731_AND_Megasphaera_elsdenii_DSM_20460,830,0.0292193126693312,0,0.0292193126693312,545,0.0292193126693291,0,0.0292193126693291,813,0.0453790327922161,0,0.0453790327922161,957,0.0453790327922175,0.0073778849141599,0.0380011478780576,836,0.0156251312024289,0,0.0156251312024289,516,0.015625131194351,0,0.015625131194351,824,0.00970315520645983,0,0.00970315520645983,513,0.00970315520973992,0.00970315520973992,0,922,6.72802626619042,0,6.72802626619042,529,6.72802626621442,0,6.72802626621442,1143,93.4068116619243,31.9750077064554,61.4318039554689,991,66.3861248972486,20.1970852991883,46.1890395980604
Acidaminococcus_fermentans_DSM_20731_AND_Parabacteroides_distasonis_ATCC_8503,875,0.185783282412536,0,0.185783282412536,1033,0.0446388936300526,0.00943816075233214,0.0352007328777204,871,0.145252274036523,0,0.145252274036523,1021,0.06236188067543,0.0207472323192086,0.0416146483562214,869,0.0596911214264911,0,0.0596911214264911,1017,0.0572397795505721,0.0156251311943507,0.0416146483562214,876,0.115659624961341,0,0.115659624961341,1029,0.0386097043426594,0.00970315520973979,0.0289065491329196,1277,0.0322914195385375,0.0103953993591653,0.0218960201793722,1048,0.0168674350556001,0.0103953993591653,0.00647203569643477,1229,90.9946808139963,28.7832885352721,62.2113922787242,1063,63.4931661589434,14.4010263525237,49.0921398064197
Acidaminococcus_fermentans_DSM_20731_AND_Parabacteroides_johnsonii_DSM_18315,1103,0.0793606476554002,0.00943816075233214,0.0699224869030681,874,0.0421586010911056,0.00943816075233214,0.0327204403387734,1092,0.070114643602747,0.0207472323192086,0.0493674112835384,856,0.0392481720095571,0.00677678432832918,0.0324713876812279,1105,0.0330977076704268,0.0156251311897773,0.0174725764806495,872,0.0330977076731872,0.0156251311943513,0.0174725764788359,1133,0.0517158845466743,0.00970315518810217,0.0420127293585721,880,0.0424483938345644,0.00970315520973979,0.0327452386248246,1134,0.0291332197758944,0.0103953993591653,0.0187378204167291,901,0.0291332197758944,0.0103953993591653,0.0187378204167291,1074,80.2749560827978,25.0306860189494,55.2442700638483,902,54.4718514892561,17.6425015566169,36.8293499326391
Acidaminococcus_fermentans_DSM_20731_AND_Phascolarctobacterium_succinatutens_YIT_12067,1023,0.0133173318687678,0.00904999094817658,0.00426734092059118,871,0.0104330445980885,0.00933860756017504,0.00109443703791346,1017,0.0276545604437958,0.0249033153073464,0.00275124513644944,498,0.0207472323192086,0.0207472323192086,0,1040,0.0198252856824936,0.0156251311840716,0.00420015449842198,510,0.015625131194351,0.015625131194351,0,1008,0.0139033097086199,0.00970315520973957,0.00420015449888032,871,0.0104065180126863,0.00970315520973979,0.00070336280294651,1041,0.0274287728577203,0.00869095244099117,0.0187378204167291,846,0.0104651133296244,0.010388423420892,7.66899087323827e-05,999,44.7163870004795,31.43266936797,13.2837176325095,866,21.3740126943283,20.5196029255742,0.854409768754123
Acidaminococcus_fermentans_DSM_20731_AND_Prevotella_ruminicola_23,1266,0.109995476292911,0.0292193126947136,0.0807761635981976,687,0.0318541281913859,5.81170896641421e-06,0.0318483164824195,1227,0.130243740802345,0.0453790327893574,0.0848647080129872,905,0.0323324061354304,0.000207219179528858,0.0321251869559015,819,0.0596911214264911,0,0.0596911214264911,899,0.032353317248034,0.000135541874039536,0.0322177753739944,1237,0.0484450430571891,0.00970315520645966,0.0387418878507295,902,0.0323533172480333,0.000135541874039359,0.0322177753739939,1218,0.104698639607121,0.0828026194277486,0.0218960201793722,978,0.0191140850928486,0.00229556899384671,0.0168185160990019,1189,104.917665706095,26.8043105728442,78.1133551332507,993,65.2391736844478,5.39616131923194,59.8430123652159
Acidaminococcus_fermentans_DSM_20731_AND_Pseudoflavonifractor_capillosus_strain_ATCC_29799,919,0.0172815721395418,0.00943816075233214,0.00784341138720969,773,0.0151041271055575,0.00943816075233214,0.0056659663532254,942,0.0305139711423573,0.0207472323192086,0.00976673882314873,764,0.0213126086014358,0.0207472323192086,0.000565376282227149,697,0.0156251311943392,0.0156251311943392,0,511,0.0156251311943509,0.0156251311943509,0,688,0.00970315520646018,0.00970315520646018,0,513,0.00970315520973979,0.00970315520973979,0,969,0.0291332197758944,0.0103953993591653,0.0187378204167291,787,0.0216603757749521,0.00292255535822299,0.0187378204167291,913,69.579323380695,30.6779722278457,38.9013511528494,767,39.1076271441476,19.6569515677229,19.4506755764247
Acidaminococcus_fermentans_DSM_20731_AND_Roseburia_intestinalis_L1_82,959,0.0592244998019754,0.00943816075233214,0.0497863390496433,771,0.0534271175973698,0.00943816075233214,0.0439889568450377,946,0.070114643602747,0.0207472323192086,0.0493674112835384,756,0.0602661674756057,0.0207472323192086,0.0395189351563971,944,0.0330977076731867,0.0156251311943505,0.0174725764788362,511,0.0156251311943512,0.0156251311943512,0,973,0.0335816940973748,0.00970315520645948,0.0238785388909154,513,0.00970315520973975,0.00970315520973975,0,955,0.0385472438315712,0.0103953993591653,0.0281518444724059,776,0.028643115778473,0.000491271305657221,0.0281518444728158,920,87.2224930104846,29.4057013545506,57.816791655934,773,32.9269840699551,19.1585268943409,13.7684571756141
Acidaminococcus_fermentans_DSM_20731_AND_Roseburia_inulinivorans_DSM_16841,947,0.0192162635286037,0.00943816075233214,0.00977810277627152,777,0.0174298956596211,0.00943816075233214,0.00799173490728898,928,0.0305253350954391,0.0207472323192086,0.00977810277623053,761,0.0213126086014358,0.0207472323192086,0.000565376282227149,962,0.0254032339711689,0.0156251311943511,0.00977810277681786,771,0.0195540514812368,0.0156251311943505,0.00392892028688635,962,0.0194812580010477,0.00970315522481714,0.00977810277623053,778,0.0175208754896807,0.00970315520973975,0.00781772027994092,978,0.0392260893101092,0.0103953993591653,0.0288306899509439,791,0.0373070023938348,0.0103953993591653,0.0269116030346694,926,90.9750959248502,29.1705948733719,61.8045010514783,787,65.2438821713402,15.9947742482881,49.249107923052
Acidaminococcus_fermentans_DSM_20731_AND_Ruminococcus_bromii_L2_63,942,0.0608428598417555,0.00943816075233214,0.0514046990894233,786,0.0548570273134609,0.00943816075233214,0.0454188665611287,942,0.070114643602747,0.0207472323192086,0.0493674112835384,778,0.0615507741906233,0.0207472323192086,0.0408035418714147,944,0.0330977076780626,0.01562513120243,0.0174725764756326,793,0.0330977076731867,0.0156251311943505,0.0174725764788362,942,0.0343578924298873,0.00970315521031951,0.0246547372195677,800,0.0178466496558778,0.00970315520973988,0.00814349444613795,948,0.0394623506865034,0.0103953993591653,0.0290669513273381,801,0.0151723201395213,0.0103953993591653,0.00477692078035594,932,57.7830268353992,27.6315838311053,30.1514430042939,786,36.5218851483117,19.8100212177918,16.7118639305199
Acidaminococcus_fermentans_DSM_20731_AND_Ruminococcus_callidus_ATCC_2776001,1076,0.0529668998168863,0.00943816075233213,0.0435287390645541,913,0.0222387401167946,0.00943816075233214,0.0128005793644625,1073,0.0642759713862186,0.0207472323192086,0.04352873906701,901,0.0295048546477197,0.0167042752832572,0.0128005793644625,1070,0.0328109617383123,0.0156251311976685,0.0171858305406438,910,0.0326709661881917,0.015395629490266,0.0172753366979258,1057,0.0384390289321736,0.00970315520645948,0.0287358737257141,921,0.020119103175997,0.00970315520973979,0.0104159479662572,1073,0.0442738477685115,0.0103953993591653,0.0338784484093462,923,0.0430911359982253,0.0103953993591653,0.0326957366390599,1039,65.6261669863866,29.6500487030465,35.9761182833401,923,29.3882920238418,9.46218674076089,19.926105283081
Acidaminococcus_fermentans_DSM_20731_AND_Ruminococcus_torques_ATCC_27756,970,0.0593462969701049,0.00943816075233214,0.0499081362177728,775,0.0535347320647384,0.00943816075233213,0.0440965713124062,967,0.070114643602747,0.0207472323192086,0.0493674112835384,766,0.0603628464937701,0.0207472323192086,0.0396156141745615,968,0.0330977076780619,0.0156251312024289,0.0174725764756331,510,0.0156251311943505,0.0156251311943505,0,962,0.0336401105096494,0.0097031552248168,0.0239369552848326,513,0.00970315520973992,0.00970315520973992,0,954,0.0291332197758944,0.0103953993591653,0.0187378204167291,803,0.0216603757749521,0.00292255535822299,0.0187378204167291,927,68.986633286812,28.0423945786895,40.9442387081225,780,51.4680966669151,12.5708127285009,38.8972839384142
Acidaminococcus_fermentans_DSM_20731_AND_Shigella_flexneri_2002017,1382,0.185783282412536,0.00943816075233213,0.176345121660203,521,0.185783282412536,0,0.185783282412536,1437,0.1173051127218,0.0207472323192086,0.0965578804025916,998,0.0690261725205044,0.0207472323192086,0.0482789402012958,969,0.0596911214264911,0,0.0596911214264911,1002,0.0596911214264911,0.0156251311943507,0.0440659902321405,1416,0.0626813900793108,0.00970315519728083,0.05297823488203,1013,0.0626813900855403,0.00970315520973988,0.0529782348758004,1449,6.73322396589413,0.0103953993591653,6.72282856653496,1028,6.72802626621442,0.0103953993591653,6.71763086685525,1313,141.30540887698,28.6986535909742,112.606755286006,1037,79.7664620101736,11.682360611743,68.0841013984305
Acidaminococcus_fermentans_DSM_20731_AND_Streptococcus_salivarius_JIM8777,1071,0.0171528523570657,0.00943816075233213,0.00771469160473361,891,0.0171528523541537,0.00943816075233214,0.00771469160182161,751,0.0453790327922178,0.0453790327922178,0,879,0.0242745467568183,0.0107813932614822,0.0134931534953361,739,0.0156251312207862,0.0156251312207862,0,517,0.015625131194351,0.015625131194351,0,738,0.00970315520974048,0.00970315520974048,0,520,0.00970315520973957,0.00970315520973957,0,1121,0.0297034005948774,0.0103953993591653,0.0193080012357121,901,0.0179166454615388,0.00319231144612865,0.0147243340154102,1064,74.3430069398593,29.5279254276359,44.8150815122234,920,42.0140094976293,20.5196029255742,21.4944065720551
Acidaminococcus_fermentans_DSM_20731_AND_Subdoligranulum_variabile_DSM_15176,952,0.0172815721453631,0.00943816075233213,0.00784341139303099,764,0.0122833699890193,0.00943816075233214,0.0028452092366872,952,0.0305139711496362,0.0207472323192086,0.00976673883042758,752,0.0213324194797896,0.0207472323192086,0.000585187160580991,791,0.0156251311840716,0.0156251311840716,0,509,0.0156251311943516,0.0156251311943516,0,794,0.00970315520645948,0.00970315520645948,0,513,0.00970315520973975,0.00970315520973975,0,993,0.0672995840928966,0.0103953993591653,0.0569041847337313,774,0.0671715900898788,0.0102674053561331,0.0569041847337456,909,80.2507923649598,29.1853901480853,51.0654022168745,767,59.1113560342892,5.39616131923193,53.7151947150573
Acidaminococcus_fermentans_DSM_20731_AND_Veillonella_atypica_ACS_049_V_Sch6,1224,0.0106580172307777,0.00931609564199713,0.00134192158878061,1014,0.0106580172307777,0.00931609564199713,0.00134192158878061,798,0.0453790327922162,0.0453790327922162,0,994,0.0240934974022853,0.0112929180378228,0.0128005793644625,786,0.0156251312024289,0.0156251312024289,0,510,0.0156251311943505,0.0156251311943505,0,825,0.00970315520645948,0.00970315520645948,0,513,0.00970315520973999,0.00970315520973999,0,805,0.102675209519706,0,0.102675209519706,519,0.102675209519706,0,0.102675209519706,1230,87.6686392524291,31.0403451698729,56.6282940825561,1036,45.1388117854711,10.3242575333837,34.8145542520874
Akkermansia_muciniphila_ATCC_BAA_835_AND_Alistipes_finegoldii_DSM_17242,1167,0.166593365585809,0.157155204833477,0.00943816075233214,519,0.166593365585809,0.166593365585809,0,738,0.145252274036523,0,0.145252274036523,518,0.145252274036523,0.145252274036523,0,709,0.0596911214264911,0,0.0596911214264911,971,0.0596911214264912,0.0472077955361806,0.0124833258903105,1163,0.115659624961341,0.0461237581797563,0.0695358667815845,520,0.115659624961341,0.115659624961341,0,1172,0.0218960201793722,0.0115006208202268,0.0103953993591454,536,0.0218960201793722,0.0218960201793722,0,1152,112.659577581607,33.9099665536086,78.7496110279986,1000,70.5868622246132,13.8336918080659,56.7531704165473
Akkermansia_muciniphila_ATCC_BAA_835_AND_Alistipes_putredinis_DSM_17216,765,0.166593365585809,0.166593365585809,0,519,0.166593365585809,0.166593365585809,0,765,0.145252274036523,0.145252274036523,0,518,0.145252274036523,0.145252274036523,0,1205,0.0596911214264911,0.0440659902240622,0.015625131202429,1029,0.0556706937920509,0.0400455625977004,0.0156251311943505,778,0.115659624961341,0.115659624961341,0,520,0.115659624961341,0.115659624961341,0,755,0.0218960201793722,0.0218960201793722,0,536,0.0218960201793722,0.0218960201793722,0,1186,74.725304852239,14.5800529519165,60.1452519003224,1048,73.2733970816061,14.5521467645847,58.7212503170215
Akkermansia_muciniphila_ATCC_BAA_835_AND_Alistipes_shahii_WAL_8301,793,0.166593365585809,0.166593365585809,0,519,0.166593365585809,0.166593365585809,0,1180,0.145252274036523,0.143382311730122,0.00186996230640129,518,0.145252274036523,0.145252274036523,0,1186,0.0596911214264911,0.050324066953857,0.00936705447263416,1008,0.054615765745517,0.0448039953222913,0.00981177042322569,819,0.115659624961341,0.115659624961341,0,520,0.115659624961341,0.115659624961341,0,1192,0.0322914195385375,0.0218960201793722,0.0103953993591653,1006,0.0322914195385375,0.0218960201793722,0.0103953993591653,1208,96.507379714672,34.0790279201407,62.4283517945313,1016,58.3886205330132,13.5195601976516,44.8690603353616
Akkermansia_muciniphila_ATCC_BAA_835_AND_Bacteroides_caccae_ATCC_43185,1067,0.174202346743639,0.166593365585809,0.00760898115783017,896,0.174202346743639,0.166593365585809,0.00760898115783017,793,0.145252274036523,0.145252274036523,0,518,0.145252274036523,0.145252274036523,0,752,0.0596911214264911,0.0596911214264911,0,891,0.049631281905187,0.0430217011634529,0.00660958074173405,812,0.115659624961341,0.115659624961341,0,520,0.115659624961341,0.115659624961341,0,893,0.0218960201793722,0.0218960201793722,0,536,0.0218960201793722,0.0218960201793722,0,1077,92.0846773806363,39.9147040320845,52.1699733485518,909,73.944646223454,24.9780346080227,48.9666116154312
Akkermansia_muciniphila_ATCC_BAA_835_AND_Bacteroides_coprocola_M16_DSM_17136,1101,0.172215963499446,0.166593365585809,0.00562259791363748,917,0.172215963499528,0.166593365585809,0.00562259791371935,780,0.145252274036523,0.145252274036523,0,518,0.145252274036523,0.145252274036523,0,799,0.0596911214264911,0.0596911214264911,0,905,0.0492693921691179,0.0436467942553986,0.00562259791371931,785,0.115659624961341,0.115659624961341,0,520,0.115659624961341,0.115659624961341,0,826,0.0218960201793722,0.0218960201793722,0,536,0.0218960201793722,0.0218960201793722,0,1121,95.8098483329564,39.4936051113576,56.3162432215988,926,77.3387215157278,26.8027705099178,50.53595100581
Akkermansia_muciniphila_ATCC_BAA_835_AND_Bacteroides_eggerthii_DSM_20697,1107,0.174202346743639,0.166593365585809,0.00760898115783017,919,0.172362379262617,0.166593365585809,0.00576901367680841,776,0.145252274036523,0.145252274036523,0,518,0.145252274036523,0.145252274036523,0,755,0.0596911214264911,0.0596911214264911,0,913,0.0510647110766957,0.0453969312281647,0.00566777984853099,843,0.115659624961341,0.115659624961341,0,520,0.115659624961341,0.115659624961341,0,772,0.0218960201793722,0.0218960201793722,0,536,0.0218960201793722,0.0218960201793722,0,1120,43.7433523672486,40.2041557648774,3.53919660237126,911,30.3419671122887,26.8027705099174,3.53919660237126
Akkermansia_muciniphila_ATCC_BAA_835_AND_Bacteroides_fragilis_NCTC_9343,1315,0.185783282412536,0.166593365585809,0.0191899168267266,1019,0.185783282412536,0.166593365585809,0.0191899168267266,837,0.145252274036523,0.145252274036523,0,522,0.145252274036523,0,0.145252274036523,909,0.0596911214264911,0,0.0596911214264911,1021,0.0596911214264912,0.0472077955361855,0.0124833258903057,895,0.115659624961341,0,0.115659624961341,520,0.115659624961341,0.115659624961341,0,832,0.0218960201793722,0.0218960201793722,0,536,0.0218960201793722,0.0218960201793722,0,1307,87.0792758365955,40.204155764877,46.8751200717185,1110,57.8487043319938,26.8027705099179,31.0459338220759
Akkermansia_muciniphila_ATCC_BAA_835_AND_Bacteroides_intestinalis_341_DSM_17393,838,0.166593365585809,0.166593365585809,0,519,0.166593365585809,0.166593365585809,0,855,0.145252274036523,0.145252274036523,0,518,0.145252274036523,0.145252274036523,0,794,0.0596911214264911,0.0596911214264911,0,872,0.0496312819051868,0.0430217011634527,0.00660958074173413,840,0.115659624961341,0.115659624961341,0,520,0.115659624961341,0.115659624961341,0,787,0.0218960201793722,0.0218960201793722,0,536,0.0218960201793722,0.0218960201793722,0,1127,93.4960714956766,39.5756051420928,53.9204663535838,918,69.4010647064416,15.470768729535,53.9302959769067
Akkermansia_muciniphila_ATCC_BAA_835_AND_Bacteroides_stercoris_ATCC_43183,1123,0.174202346743639,0.166593365585809,0.00760898115783017,922,0.174202346743639,0.166593365585809,0.00760898115783017,789,0.145252274036523,0.145252274036523,0,518,0.145252274036523,0.145252274036523,0,832,0.0596911214264911,0.0596911214264911,0,914,0.051318499560632,0.045817465461111,0.00550103409952106,845,0.115659624961341,0.115659624961341,0,520,0.115659624961341,0.115659624961341,0,799,0.0218960201793722,0.0218960201793722,0,536,0.0218960201793722,0.0218960201793722,0,1150,49.7644948892261,40.2041557648767,9.5603391243494,916,35.3205242791382,25.7601851547887,9.56033912434942
Akkermansia_muciniphila_ATCC_BAA_835_AND_Bacteroides_thetaiotaomicron_VPI_5482,1304,0.185783282412536,0.166593365585809,0.0191899168267266,1054,0.185783282412536,0.166593365585809,0.0191899168267266,1312,0.145252274036523,0.0766415549486546,0.0686107190878686,518,0.145252274036523,0.145252274036523,0,909,0.0596911214264911,0,0.0596911214264911,1033,0.0596911214264911,0.0366427790723146,0.0230483423541766,914,0.115659624961341,0.115659624961341,0,533,0.115659624961341,0.115659624961341,0,829,0.0218960201793722,0,0.0218960201793722,580,0.0218960201793722,0,0.0218960201793722,1281,107.079070296247,33.8264742345434,73.2525960617033,1075,85.271375705244,18.1149897093979,67.156385995846
Akkermansia_muciniphila_ATCC_BAA_835_AND_Bacteroides_uniformis_ATCC_8492,1152,0.174202346743639,0.166593365585809,0.00760898115783017,915,0.174202346743639,0.166593365585809,0.00760898115783017,838,0.145252274036523,0.145252274036523,0,518,0.145252274036523,0.145252274036523,0,804,0.0596911214264911,0.0596911214264911,0,910,0.0496312819051895,0.0430217011634571,0.00660958074173239,848,0.115659624961341,0.115659624961341,0,520,0.115659624961341,0.115659624961341,0,1171,5.33998250745058,0.0218960201793722,5.31808648727121,897,0.0309337713092835,0.00445589384117703,0.0264778774681065,1130,103.407501170208,39.7215368004396,63.6859643697689,936,79.3114008142727,26.8027705099177,52.508630304355
Akkermansia_muciniphila_ATCC_BAA_835_AND_Bifidobacterium_adolescentis_ATCC_15703,1149,0.185783282412536,0.156563969736181,0.0292193126763542,957,0.185783282412536,0.166593365585809,0.0191899168267266,1134,0.145252274036523,0.0998732412443031,0.0453790327922201,518,0.145252274036523,0.145252274036523,0,1130,0.0596911214264911,0.0440659902321373,0.0156251311943539,954,0.0596911214264911,0.0472077955361817,0.0124833258903094,745,0.115659624961341,0.115659624961341,0,520,0.115659624961341,0.115659624961341,0,1124,0.104698639607121,0.0218960201793722,0.0828026194277486,961,0.0993850715539447,0.0165824521261961,0.0828026194277486,1083,78.6446514377293,22.3896011558772,56.2550502818521,973,61.9767734522008,12.293071388892,49.6837020633088
Akkermansia_muciniphila_ATCC_BAA_835_AND_Bifidobacterium_bifidum_PRL2010,1206,0.185783282412536,0.156563969743205,0.0292193126693301,950,0.185783282412536,0.166593365585809,0.0191899168267266,1196,0.145252274036523,0.0998732412443062,0.045379032792217,518,0.145252274036523,0.145252274036523,0,1176,0.0596911214264911,0.0440659902240623,0.0156251312024289,942,0.0548416993503781,0.0392165681560276,0.0156251311943505,884,0.115659624961341,0.115659624961341,0,520,0.115659624961341,0.115659624961341,0,1265,6.73897427630423,0.0218960201793722,6.71707825612486,1093,6.73897427630423,0.0218960201793722,6.71707825612486,1100,101.248735957814,26.8027705099179,74.4459654478966,961,76.5067912348597,21.0224522239167,55.484339010943
Akkermansia_muciniphila_ATCC_BAA_835_AND_Bifidobacterium_longum_NCC2705,987,0.174202346743639,0.166593365585809,0.00760898115783017,787,0.174202346743639,0.166593365585809,0.00760898115783017,814,0.145252274036523,0.145252274036523,0,518,0.145252274036523,0.145252274036523,0,782,0.0596911214264911,0.0596911214264911,0,514,0.0472077955361816,0.0472077955361816,0,800,0.115659624961341,0.115659624961341,0,520,0.115659624961341,0.115659624961341,0,785,0.0218960201793722,0.0218960201793722,0,536,0.0218960201793722,0.0218960201793722,0,957,97.8909703920886,33.4968160187432,64.3941543733454,801,67.9259644950019,14.1949798456936,53.7309846493084
Akkermansia_muciniphila_ATCC_BAA_835_AND_Bilophila_wadsworthia_3_1_6,1047,0.16704172465711,0.166593365585809,0.000448359071301125,876,0.167040972373401,0.166593365585809,0.000447606787592392,766,0.145252274036523,0.145252274036523,0,518,0.145252274036523,0.145252274036523,0,744,0.0596911214264911,0.0596911214264911,0,871,0.0476554023237721,0.0472077955361797,0.000447606787592393,766,0.115659624961341,0.115659624961341,0,520,0.115659624961341,0.115659624961341,0,1082,1.67041724656883,1.66593365585809,0.00448359071074398,536,0.0218960201793722,0.0218960201793722,0,1045,64.0358447310447,39.2535569090277,24.782287822017,873,45.0138727737669,26.8027705099173,18.2111022638496
Akkermansia_muciniphila_ATCC_BAA_835_AND_Blautia_wexlerae_DSM_19850,1127,0.174077474236508,0.166593365585809,0.00748410865069951,955,0.174077474236508,0.166593365585809,0.00748410865069951,725,0.145252274036523,0.145252274036523,0,518,0.145252274036523,0.145252274036523,0,746,0.0596911214264911,0.0596911214264911,0,947,0.0494000695151901,0.0428204853057121,0.00657958420947799,717,0.115659624961341,0.115659624961341,0,520,0.115659624961341,0.115659624961341,0,1148,0.124571229699078,0.0218960201793722,0.102675209519706,536,0.0218960201793722,0.0218960201793722,0,1152,78.3667234937619,39.9700742860936,38.3966492076683,988,50.1830823885138,26.8027705099176,23.3803118785962
Akkermansia_muciniphila_ATCC_BAA_835_AND_Citrobacter_amalonaticus_Y19,883,0.185783282412536,0,0.185783282412536,1009,0.185783282412536,0.180001706018391,0.00578157639414426,1351,0.145252274036523,0.00803083586078588,0.137221438175737,518,0.145252274036523,0.145252274036523,0,872,0.0596911214264911,0,0.0596911214264911,1005,0.0596911214264911,0.0465806987553785,0.0131104226711127,944,0.115659624961341,0.115659624961341,0,520,0.115659624961341,0.115659624961341,0,1456,10.0920393993218,3.36401313310727,6.72802626621454,1041,4.49994819092928,0.0218960201793722,4.4780521707499,1277,151.736631695062,26.8027705099181,124.933861185144,1069,119.816245917749,15.7046949301297,104.11155098762
Akkermansia_muciniphila_ATCC_BAA_835_AND_Clostridium_clostridioforme_CM201,1193,0.173738250942712,0.16603725987352,0.00770099106919187,932,0.173738250942712,0.16603725987352,0.00770099106919187,831,0.145252274036523,0.145252274036523,0,527,0.145252274036523,0.145252274036523,0,835,0.0596911214264911,0.0596911214264911,0,915,0.0507876650595199,0.0450952400842295,0.00569242497529039,831,0.115659624961341,0.115659624961341,0,520,0.115659624961341,0.115659624961341,0,865,0.0218960201793722,0.0218960201793722,0,545,0.0218960201793722,0.0218960201793722,0,1194,104.645182417162,40.0769211095812,64.5682613075812,980,69.6883360053742,26.8027705099178,42.8855654954564
Akkermansia_muciniphila_ATCC_BAA_835_AND_Collinsella_tanakaei_YIT_12063,813,0.166593365585809,0.166593365585809,0,519,0.166593365585809,0.166593365585809,0,813,0.145252274036523,0.145252274036523,0,518,0.145252274036523,0.145252274036523,0,808,0.0596911214264911,0.0596911214264911,0,933,0.0494981461354295,0.0434043115140575,0.00609383462137198,788,0.115659624961341,0.115659624961341,0,520,0.115659624961341,0.115659624961341,0,1171,0.0844541284197323,0.0218960201793722,0.0625581082403601,961,0.0282661663757078,0.0105896072466277,0.0176765591290802,1167,96.2505859656866,31.166427739907,65.0841582257796,987,80.0870243197257,26.8027705099176,53.2842538098081
Akkermansia_muciniphila_ATCC_BAA_835_AND_Coprococcus_catus_GD_7,1144,0.174077474236508,0.166593365585809,0.00748410865069951,926,0.174077474236508,0.166593365585809,0.00748410865069951,798,0.145252274036523,0.145252274036523,0,527,0.145252274036523,0.145252274036523,0,797,0.0596911214264911,0.0596911214264911,0,913,0.0494870737627712,0.0433932391413992,0.00609383462137198,785,0.115659624961341,0.115659624961341,0,529,0.115659624961341,0.115659624961341,0,1144,0.0844541284197323,0.0218960201793722,0.0625581082403601,951,0.0304462233342595,0.00607341688683976,0.0243728064474197,1152,90.4402660941019,39.7215368004398,50.7187292936621,986,61.6129446665753,26.802770509918,34.8101741566574
Akkermansia_muciniphila_ATCC_BAA_835_AND_Desulfovibrio_desulfuricans_subsp_desulfuricans_DSM_642,798,0.185783282412536,0,0.185783282412536,989,0.185783282412536,0.166593365585809,0.0191899168267266,1247,0.145252274036523,0.0766415549486546,0.0686107190878686,518,0.145252274036523,0.145252274036523,0,799,0.0596911214264911,0,0.0596911214264911,988,0.0596911214264911,0.036643163961713,0.0230479574647782,819,0.115659624961341,0.115659624961341,0,520,0.115659624961341,0.115659624961341,0,1315,6.73897427630423,0.0218960201793722,6.71707825612486,501,0.0913520820692468,0,0.0913520820692468,1183,93.0792230373066,27.3179291154135,65.7612939218931,1013,38.0981213435145,26.8027705099177,11.2953508335969
Akkermansia_muciniphila_ATCC_BAA_835_AND_Desulfovibrio_piger_ATCC_29098,1079,0.174202346743639,0.166593365585809,0.00760898115783017,867,0.169389836774155,0.166593365585809,0.00279647118834648,832,0.145252274036523,0.145252274036523,0,518,0.145252274036523,0.145252274036523,0,812,0.0596911214264911,0.0596911214264911,0,860,0.0477666960066947,0.0461045998108446,0.00166209619585011,810,0.115659624961341,0.115659624961341,0,520,0.115659624961341,0.115659624961341,0,1162,2.22062389464114,1.66593365585809,0.554690238783054,879,0.0288079684946191,0.00668798972979868,0.0221199787648204,1077,75.2977309575113,40.157664344572,35.1400666129393,881,56.6904525852601,26.8027705099178,29.8876820753422
Akkermansia_muciniphila_ATCC_BAA_835_AND_Dialister_invisus_DSM_15470,1131,0.167489137864252,0.166593365585809,0.00089577227844265,519,0.166593365585809,0.166593365585809,0,1133,0.145252274036523,0.143753135382949,0.00149913865357448,518,0.145252274036523,0.145252274036523,0,719,0.0596911214264911,0.0596911214264911,0,514,0.0472077955361808,0.0472077955361808,0,734,0.115659624961341,0.115659624961341,0,520,0.115659624961341,0.115659624961341,0,1140,0.0228826436136681,0.0218960201793722,0.000986623434295897,1002,0.0223610831008757,0.0218960201793722,0.000465062921503458,1114,43.268112906665,39.812890200199,3.45522270646595,982,29.8178529245198,26.8027705099178,3.01508241460193
Akkermansia_muciniphila_ATCC_BAA_835_AND_Dorea_longicatena_DSM_13814,1003,0.174202346743639,0.166593365585809,0.00760898115783017,804,0.174202346743639,0.166593365585809,0.00760898115783017,760,0.145252274036523,0.145252274036523,0,518,0.145252274036523,0.145252274036523,0,780,0.0596911214264911,0.0596911214264911,0,799,0.0500229799834605,0.0472077955361789,0.00281518444728154,759,0.115659624961341,0.115659624961341,0,520,0.115659624961341,0.115659624961341,0,783,0.0218960201793722,0.0218960201793722,0,536,0.0218960201793722,0.0218960201793722,0,967,80.4920380039875,31.0801534965906,49.4118845073969,820,63.1153370510546,26.8027705099178,36.3125665411368
Akkermansia_muciniphila_ATCC_BAA_835_AND_Enterobacter_cloacae_EcWSU1,907,0.185783282412536,0,0.185783282412536,1013,0.185783282412536,0.166593365585809,0.0191899168267266,965,0.145252274036523,0.145252274036523,0,518,0.145252274036523,0.145252274036523,0,965,0.0596911214264911,0,0.0596911214264911,1017,0.0596911214264912,0.0465912885768548,0.0130998328496364,977,0.115659624961341,0.115659624961341,0,520,0.115659624961343,0.115659624961343,0,1470,6.73897427630423,0.0218960201793722,6.71707825612486,534,6.72802626621454,0,6.72802626621454,1318,177.007894068383,26.5100032398865,150.497890828497,1080,147.888703631077,19.1613289788472,128.72737465223
Akkermansia_muciniphila_ATCC_BAA_835_AND_Enterococcus_faecium_TX1330,991,0.174202346743639,0.166593365585809,0.00760898115783017,779,0.174202346743639,0.166593365585809,0.00760898115783017,795,0.145252274036523,0.145252274036523,0,526,0.145252274036523,0.145252274036523,0,776,0.0596911214264911,0.0596911214264911,0,768,0.0488068887067208,0.0426113783290596,0.00619551037766119,783,0.115659624961341,0.115659624961341,0,563,0.115659624961341,0.115659624961341,0,845,0.0218960201793722,0.0218960201793722,0,544,0.0218960201793722,0.0218960201793722,0,959,93.0898668863276,34.6873331694937,58.402533716834,802,54.9617134666645,16.0266909887752,38.9350224778893
Akkermansia_muciniphila_ATCC_BAA_835_AND_Escherichia_coli_str_K_12_substr_MG1655,1305,0.174202346743639,0.166593365585809,0.00760898115783017,845,0.174202346743639,0.166593365585809,0.00760898115783017,1010,0.145252274036523,0.145252274036523,0,518,0.145252274036523,0.145252274036523,0,1017,0.0596911214264911,0.0596911214264911,0,896,0.0521575507823406,0.0472077955361838,0.00494975524615677,1016,0.115659624961341,0.115659624961341,0,520,0.115659624961341,0.115659624961341,0,1446,5.68026760416878,1.66593365585809,4.01433394831069,925,0.305183836405011,0.0128989872824497,0.292284849122561,1273,162.898129455187,40.1794783825265,122.71865107266,946,119.065669677648,21.0494255343863,98.016244143262
Akkermansia_muciniphila_ATCC_BAA_835_AND_Eubacterium_rectale_M104_1,953,0.174202346743639,0.166593365585809,0.00760898115783017,785,0.169415437092857,0.166593365585809,0.0028220715070476,793,0.145252274036523,0.145252274036523,0,527,0.145252274036523,0.145252274036523,0,777,0.0596911214264911,0.0596911214264911,0,780,0.0500298670432292,0.0472077955361816,0.0028220715070476,790,0.115659624961341,0.115659624961341,0,529,0.115659624961341,0.115659624961341,0,791,0.0218960201793722,0.0218960201793722,0,536,0.0218960201793722,0.0218960201793722,0,970,98.4862249858188,40.2041557648774,58.2820692209414,793,66.157503423499,18.2437120124356,47.9137914110633
Akkermansia_muciniphila_ATCC_BAA_835_AND_Faecalibacterium_prausnitzii_L2_6,940,0.174202346743639,0.166593365585809,0.00760898115783017,785,0.174202346743639,0.166593365585809,0.00760898115783017,777,0.145252274036523,0.145252274036523,0,527,0.145252274036523,0.145252274036523,0,755,0.0596911214264911,0.0596911214264911,0,776,0.0507988417714236,0.0449563787546151,0.00584246301680849,713,0.115659624961341,0.115659624961341,0,529,0.115659624961341,0.115659624961341,0,764,0.0218960201793722,0.0218960201793722,0,544,0.0218960201793722,0.0218960201793722,0,961,97.3877481165743,38.4206554711058,58.9670926454685,802,66.5013088609467,26.8027705099177,39.698538351029
Akkermansia_muciniphila_ATCC_BAA_835_AND_Fusobacterium_varium_ATCC_27725,1143,0.174202346743639,0.166593365585809,0.00760898115783017,888,0.174202346743639,0.166593365585809,0.00760898115783017,824,0.145252274036523,0.145252274036523,0,518,0.145252274036523,0.145252274036523,0,800,0.0596911214264911,0.0596911214264911,0,884,0.0489142332940372,0.0434290244449296,0.00548520884910753,841,0.115659624961341,0.115659624961341,0,520,0.115659624961341,0.115659624961341,0,1172,1.68415523020211,1.66593365585809,0.0182215743440233,536,0.0218960201793722,0.0218960201793722,0,1109,92.459946089951,28.4002410470463,64.0597050429047,938,77.0758834382461,21.2096153212878,55.8662681169583
Akkermansia_muciniphila_ATCC_BAA_835_AND_Haemophilus_parainfluenzae_T3T1,1266,0.185783282412536,0.166593365585809,0.0191899168267266,1062,0.17119210954007,0.166593365585809,0.00459874395426119,1277,0.145252274036523,0.110946914492589,0.0343053595439343,518,0.145252274036523,0.145252274036523,0,795,0.0596911214264911,0.0596911214264911,0,1055,0.0518065394904407,0.0472077955361796,0.00459874395426106,840,0.115659624961341,0.115659624961341,0,520,0.115659624961341,0.115659624961341,0,1276,0.0472304344477143,0.0218960201793722,0.0253344142683421,1092,0.0466812727182194,0.0213468584498773,0.0253344142683421,1225,124.606196621999,26.8170431406515,97.7891534813477,1072,96.3520142142593,26.8027705099175,69.5492437043417
Akkermansia_muciniphila_ATCC_BAA_835_AND_Helicobacter_pylori_26695,1043,0.174202346743639,0.166593365585809,0.00760898115783017,885,0.174202346743639,0.166593365585809,0.00760898115783017,764,0.145252274036523,0.145252274036523,0,518,0.145252274036523,0.145252274036523,0,744,0.0596911214264911,0.0596911214264911,0,883,0.04929111277967,0.0430956024020089,0.00619551037766115,757,0.115659624961341,0.115659624961341,0,520,0.115659624961341,0.115659624961341,0,1089,1.68415523020211,1.66593365585809,0.0182215743440233,886,0.0276762231403248,0.00945464879630145,0.0182215743440233,1045,77.2699275729906,29.1100835867409,48.1598439862497,898,56.3172861095434,26.8027705099177,29.5145155996257
Akkermansia_muciniphila_ATCC_BAA_835_AND_Klebsiella_pneumoniae_pneumoniae_MGH78578,1248,0.174202346743639,0.166593365585809,0.00760898115783017,849,0.174202346743639,0.166593365585809,0.00760898115783017,996,0.145252274036523,0.145252274036523,0,518,0.145252274036523,0.145252274036523,0,983,0.0596911214264911,0.0596911214264911,0,880,0.0521575507823392,0.0472077955361815,0.00494975524615769,985,0.115659624961341,0.115659624961341,0,520,0.115659624961341,0.115659624961341,0,1343,5.68026760416878,1.66593365585809,4.01433394831069,880,2.68962124021335,0.0218960201793722,2.66772522003398,1197,141.454231155348,39.9901659791513,101.464065176197,913,95.2452331684524,14.2017392621872,81.0434939062652
Akkermansia_muciniphila_ATCC_BAA_835_AND_Lactobacillus_mucosae_LM1,748,0.166593365585809,0.166593365585809,0,519,0.166593365585809,0.166593365585809,0,759,0.145252274036523,0.145252274036523,0,518,0.145252274036523,0.145252274036523,0,761,0.0596911214264911,0.0596911214264911,0,913,0.0475924976676708,0.0464379169944683,0.00115458067320255,753,0.115659624961341,0.115659624961341,0,529,0.115659624961341,0.115659624961341,0,1113,0.0323529737118775,0.0218960201793722,0.0104569535325053,935,0.0227904232184298,0.0213825528802425,0.00140787033818726,1110,80.0187467938024,39.5250830706086,40.4936637231938,958,58.608384053923,26.8027705099177,31.8056135440053
Akkermansia_muciniphila_ATCC_BAA_835_AND_Lactobacillus_reuteri_SD2112_ATCC_55730,948,0.174202346743639,0.166593365585809,0.00760898115783017,771,0.174202346743639,0.166593365585809,0.00760898115783017,780,0.145252274036523,0.145252274036523,0,518,0.145252274036523,0.145252274036523,0,785,0.0596911214264911,0.0596911214264911,0,764,0.048021650827842,0.044868458131948,0.00315319269589399,785,0.115659624961341,0.115659624961341,0,520,0.115659624961341,0.115659624961341,0,966,0.0343030501680736,0.0218960201793722,0.0124070299887014,782,0.0249221788981744,0.0126563395290969,0.0122658393690775,944,89.600717677333,27.29679662377,62.303921053563,790,73.0473312599108,14.0175133359572,59.0298179239537
Akkermansia_muciniphila_ATCC_BAA_835_AND_Megasphaera_elsdenii_DSM_20460,887,0.185783282412536,0.185783282412536,0,519,0.166593365585809,0.166593365585809,0,866,0.145252274036523,0.145252274036523,0,518,0.145252274036523,0.145252274036523,0,853,0.0596911214264911,0.0596911214264911,0,1008,0.0556706937920545,0.0400455625977035,0.015625131194351,1276,0.115659624961341,0.105956469741742,0.00970315521959924,520,0.115659624961341,0.115659624961341,0,1372,10.0920393993063,3.36401313312275,6.72802626618359,1023,6.74992228639379,0.0218960201793722,6.72802626621442,1218,102.294907990338,40.2041557648777,62.0907522254599,1031,84.8093046114482,26.8027705099178,58.0065341015304
Akkermansia_muciniphila_ATCC_BAA_835_AND_Parabacteroides_distasonis_ATCC_8503,1291,0.185783282412536,0.166593365585809,0.0191899168267266,1045,0.185783282412536,0.166593365585809,0.0191899168267266,810,0.145252274036523,0,0.145252274036523,518,0.145252274036523,0.145252274036523,0,806,0.0596911214264911,0,0.0596911214264911,1027,0.0596911214264911,0.0366427790723156,0.0230483423541755,856,0.115659624961341,0,0.115659624961341,520,0.115659624961341,0.115659624961341,0,835,0.0218960201793722,0.0218960201793722,0,1060,0.0218960201793722,0.0208847603989846,0.00101125978038763,1257,90.6747793642261,32.0897921553619,58.5849872088642,1090,60.0262665937693,22.819312322007,37.2069542717623
Akkermansia_muciniphila_ATCC_BAA_835_AND_Parabacteroides_johnsonii_DSM_18315,823,0.185783282412536,0.185783282412536,0,519,0.166593365585809,0.166593365585809,0,768,0.145252274036523,0.145252274036523,0,518,0.145252274036523,0.145252274036523,0,757,0.0596911214264911,0.0596911214264911,0,877,0.0496312819051864,0.0430217011634519,0.00660958074173444,805,0.115659624961341,0.115659624961341,0,520,0.115659624961341,0.115659624961341,0,788,0.0218960201793722,0.0218960201793722,0,536,0.0218960201793722,0.0218960201793722,0,1136,81.5873638710921,33.2710774440082,48.3162864270839,921,46.7740312186114,12.2365891029152,34.5374421156962
Akkermansia_muciniphila_ATCC_BAA_835_AND_Phascolarctobacterium_succinatutens_YIT_12067,1062,0.170860706506026,0.166593365585809,0.00426734092021753,893,0.167958692532326,0.166593365585809,0.00136532694651687,741,0.145252274036523,0.145252274036523,0,518,0.145252274036523,0.145252274036523,0,755,0.0596911214264911,0.0596911214264911,0,889,0.0480659297415563,0.0455441141791917,0.00252181556236464,782,0.115659624961341,0.115659624961341,0,520,0.115659624961341,0.115659624961341,0,793,0.0218960201793722,0.0218960201793722,0,536,0.0218960201793722,0.0218960201793722,0,1052,44.7594763185682,33.5428713726608,11.2166049459074,894,35.1925067862788,26.8027705099177,8.38973627636114
Akkermansia_muciniphila_ATCC_BAA_835_AND_Prevotella_ruminicola_23,830,0.185783282412536,0,0.185783282412536,1013,0.185783282412536,0.166593365585809,0.0191899168267266,820,0.145252274036523,0,0.145252274036523,570,0.145252274036523,0.145252274036523,0,826,0.0596911214264911,0.0596911214264911,0,1015,0.0596911214264911,0.0366427790723139,0.0230483423541773,803,0.115659624961341,0,0.115659624961341,572,0.115659624961341,0.115659624961341,0,1215,0.0218960201793722,0.00278193508652361,0.0191140850928486,536,0.0218960201793722,0.0218960201793722,0,1194,108.901484270302,33.0049617246177,75.8965225456846,1037,80.1353640629429,19.7532365235866,60.3821275393563
Akkermansia_muciniphila_ATCC_BAA_835_AND_Pseudoflavonifractor_capillosus_strain_ATCC_29799,957,0.174202346743639,0.166593365585809,0.00760898115783017,786,0.172259331939034,0.166593365585809,0.00566596635322544,711,0.145252274036523,0.145252274036523,0,518,0.145252274036523,0.145252274036523,0,677,0.0596911214264911,0.0596911214264911,0,782,0.048714678220157,0.0430487118669316,0.00566596635322543,720,0.115659624961341,0.115659624961341,0,520,0.115659624961341,0.115659624961341,0,718,0.0218960201793722,0.0218960201793722,0,536,0.0218960201793722,0.0218960201793722,0,955,71.1937872445649,40.1576643445722,31.0361228999928,792,33.4345584604699,13.9838828840452,19.4506755764247
Akkermansia_muciniphila_ATCC_BAA_835_AND_Roseburia_intestinalis_L1_82,964,0.174202346743639,0.166593365585809,0.00760898115783017,783,0.174202346743639,0.166593365585809,0.00760898115783017,768,0.145252274036523,0.145252274036523,0,518,0.145252274036523,0.145252274036523,0,766,0.0596911214264911,0.0596911214264911,0,788,0.0487956440438551,0.0426001336661939,0.00619551037766119,768,0.115659624961341,0.115659624961341,0,520,0.115659624961341,0.115659624961341,0,1021,5.33998250745058,0.0218960201793722,5.31808648727121,291,0.0281518444728158,0,0.0281518444728158,948,94.2845353525864,40.2041557648769,54.0803795877095,802,34.5594178508658,20.7909606752521,13.7684571756137
Akkermansia_muciniphila_ATCC_BAA_835_AND_Roseburia_inulinivorans_DSM_16841,967,0.174202346743639,0.166593365585809,0.00760898115783017,792,0.174202346743639,0.166593365585809,0.00760898115783017,745,0.145252274036523,0.145252274036523,0,518,0.145252274036523,0.145252274036523,0,774,0.0596911214264911,0.0596911214264911,0,779,0.0491110888818902,0.0421597275599108,0.00695136132197943,746,0.115659624961341,0.115659624961341,0,520,0.115659624961341,0.115659624961341,0,971,0.0837044337382435,0.0218960201793722,0.0618084135588713,313,0.0288306899511623,0,0.0288306899511623,939,89.4048023587868,27.7025283906261,61.7022739681607,815,77.6247793136078,26.8027705099176,50.8220088036903
Akkermansia_muciniphila_ATCC_BAA_835_AND_Ruminococcus_bromii_L2_63,973,0.174202346743639,0.166593365585809,0.00760898115783017,798,0.174202346743639,0.166593365585809,0.00760898115783017,723,0.145252274036523,0.145252274036523,0,518,0.145252274036523,0.145252274036523,0,724,0.0596911214264911,0.0596911214264911,0,802,0.0491457505922368,0.0422171629310795,0.00692858766115736,738,0.115659624961341,0.115659624961341,0,529,0.115659624961341,0.115659624961341,0,991,5.33998250745058,0.0218960201793722,5.31808648727121,833,0.023783716053041,0.0169558709035819,0.0068278451494591,961,55.9947639415864,37.896265357013,18.0984985845734,817,30.6552077903127,13.9433438597929,16.7118639305199
Akkermansia_muciniphila_ATCC_BAA_835_AND_Ruminococcus_callidus_ATCC_2776001,708,0.185783282412536,0.185783282412536,0,519,0.166593365585809,0.166593365585809,0,719,0.145252274036523,0.145252274036523,0,518,0.145252274036523,0.145252274036523,0,701,0.0596911214264911,0.0596911214264911,0,923,0.0496581741555723,0.0432436091521861,0.00641456500338622,707,0.115659624961341,0.115659624961341,0,520,0.115659624961341,0.115659624961341,0,1110,0.124571229699078,0.0218960201793722,0.102675209519706,444,0.0338784484093433,0,0.0338784484093433,1098,74.2515121489553,39.5250830706087,34.7264290783466,959,41.8644133815918,26.8027705099181,15.0616428716737
Akkermansia_muciniphila_ATCC_BAA_835_AND_Ruminococcus_torques_ATCC_27756,989,0.174202346743639,0.166593365585809,0.00760898115783017,784,0.174202346743639,0.166593365585809,0.00760898115783017,739,0.145252274036523,0.145252274036523,0,518,0.145252274036523,0.145252274036523,0,732,0.0596911214264911,0.0596911214264911,0,802,0.0488068887067172,0.042611378329056,0.00619551037766117,754,0.115659624961341,0.115659624961341,0,520,0.115659624961341,0.115659624961341,0,735,0.0218960201793722,0.0218960201793722,0,536,0.0218960201793722,0.0218960201793722,0,975,77.2035193523254,40.1112803238891,37.0922390284364,815,55.1530331270475,16.2557491886335,38.897283938414
Akkermansia_muciniphila_ATCC_BAA_835_AND_Shigella_flexneri_2002017,985,0.185783282412536,0,0.185783282412536,1018,0.185783282412536,0.166593365585809,0.0191899168267266,1442,0.145252274036523,0.0766415549486546,0.0686107190878686,518,0.145252274036523,0.145252274036523,0,969,0.0596911214264911,0.0596911214264911,0,1016,0.0596911214264911,0.0494766466134447,0.0102144748130464,970,0.115659624961341,0.115659624961341,0,520,0.115659624961341,0.115659624961341,0,1493,8.97070168828606,4.48535084414303,4.48535084414303,533,6.72802626621454,0,6.72802626621454,1381,142.517223866339,29.3487591055445,113.168464760794,1072,86.7546036099239,16.6978555404634,70.0567480694604
Akkermansia_muciniphila_ATCC_BAA_835_AND_Streptococcus_salivarius_JIM8777,1129,0.174077474236508,0.166593365585809,0.00748410865069951,910,0.174077474236508,0.166593365585809,0.00748410865069951,788,0.145252274036523,0.145252274036523,0,526,0.145252274036523,0.145252274036523,0,783,0.0596911214264911,0.0596911214264911,0,900,0.0494981155149326,0.0434042808935607,0.00609383462137198,768,0.115659624961341,0.115659624961341,0,528,0.115659624961341,0.115659624961341,0,790,0.0218960201793722,0.0218960201793722,0,536,0.0218960201793722,0.0218960201793722,0,1119,84.9167041641054,40.1016226518819,44.8150815122235,952,56.4725649880452,26.8027705099177,29.6697944781275
Akkermansia_muciniphila_ATCC_BAA_835_AND_Subdoligranulum_variabile_DSM_15176,961,0.174202346743639,0.166593365585809,0.00760898115783017,775,0.169438574822496,0.166593365585809,0.00284520923668716,745,0.145252274036523,0.145252274036523,0,518,0.145252274036523,0.145252274036523,0,751,0.0596911214264911,0.0596911214264911,0,771,0.0508379137284114,0.0450211220211603,0.00581679170725115,778,0.115659624961341,0.115659624961341,0,520,0.115659624961341,0.115659624961341,0,960,0.0837044337382435,0.0218960201793722,0.0618084135588713,282,0.0569041847337454,0,0.0569041847337454,932,82.7055428917203,28.8202045520268,53.8853383396935,805,69.0691953909879,16.7304156081552,52.3387797828327
Akkermansia_muciniphila_ATCC_BAA_835_AND_Veillonella_atypica_ACS_049_V_Sch6,838,0.166593365585809,0.166593365585809,0,519,0.166593365585809,0.166593365585809,0,852,0.145252274036523,0.145252274036523,0,518,0.145252274036523,0.145252274036523,0,822,0.0596911214264911,0.0596911214264911,0,514,0.0472077955361792,0.0472077955361792,0,861,0.115659624961341,0.115659624961341,0,520,0.115659624961341,0.115659624961341,0,1277,0.124571229699078,0.0218960201793722,0.102675209519706,1019,0.113307605018331,0.0106323954986252,0.102675209519706,1273,92.4224705673576,39.72153680044,52.7009337669176,1068,53.1571764452113,26.8027705099178,26.3544059352936
Alistipes_finegoldii_DSM_17242_AND_Alistipes_putredinis_DSM_17216,1145,0.0283002745768649,0.00755304225765629,0.0207472323192086,988,0.0283002745769365,0.00755304225772791,0.0207472323192086,715,0.145252274036523,0.145252274036523,0,539,0.0207472323192086,0,0.0207472323192086,732,0.0596911214264911,0.0596911214264911,0,995,0.0596911214264911,0.044065990232142,0.0156251311943491,1143,0.0783573816327231,0.068654226422983,0.00970315520974013,994,0.0783573816327432,0.068654226422981,0.00970315520976225,1189,0.0218960201793722,0.00924600363346876,0.0126500165459034,1020,0.0161594684851068,0.00258944499268215,0.0135700234924247,1122,134.608240439443,81.5274461982219,53.0807942412207,1016,93.8648517722441,54.7786439343014,39.0862078379427
Alistipes_finegoldii_DSM_17242_AND_Alistipes_shahii_WAL_8301,776,0.00943816075233214,0,0.00943816075233214,501,0.00943816075233214,0.00943816075233214,0,1169,0.145252274036523,0.143382311730122,0.00186996230640129,512,0.0134213343383228,0,0.0134213343383228,1186,0.0596911214264911,0.050324066953857,0.00936705447263417,970,0.0596911214264911,0.050324066953857,0.00936705447263417,764,0.0695358667815845,0.0695358667815845,0,485,0.0695358667815845,0.0695358667815845,0,692,0.0103953993591653,0.0103953993591653,0,513,0.0103953993591653,0.0103953993591653,0,1139,125.500228379789,78.3564395409677,47.1437888388211,970,61.9141356443272,48.2895049335892,13.624630710738
Alistipes_finegoldii_DSM_17242_AND_Bacteroides_caccae_ATCC_43185,1036,0.0253567675153193,0.00943816075233214,0.0159186067629872,870,0.0206368794359717,0.00943816075233214,0.0111987186836395,752,0.145252274036523,0.145252274036523,0,476,0.145252274036523,0.145252274036523,0,780,0.0596911214264911,0.0596911214264911,0,481,0.0596911214264912,0.0596911214264912,0,1090,0.085454473544369,0.0695358667815845,0.0159186067627845,864,0.085454473544369,0.0695358667815845,0.0159186067627845,1065,0.020237213800538,0.0103953993591653,0.00984181444137266,891,0.0175737517454411,0.0103953993591653,0.00717835238627576,1045,119.461133856421,83.1757722549707,36.2853616014503,869,67.5569092158241,51.0849422681229,16.4719669477012
Alistipes_finegoldii_DSM_17242_AND_Bacteroides_coprocola_M16_DSM_17136,1075,0.015060758665977,0.00943816075214993,0.00562259791382704,889,0.0150607586660515,0.00943816075233214,0.00562259791371941,806,0.145252274036523,0.145252274036523,0,476,0.145252274036523,0.145252274036523,0,795,0.0596911214264911,0.0596911214264911,0,481,0.0596911214264911,0.0596911214264911,0,1101,0.0751584646957887,0.0695358667816563,0.00562259791413241,878,0.0751584646953038,0.0695358667815845,0.0056225979137193,1106,0.0202372138005351,0.0103953993591454,0.00984181444138969,907,0.020237213800538,0.0103953993591653,0.00984181444137266,1033,130.546596476093,83.1295724584984,47.4170240175945,893,96.8282913742043,59.5554262969179,37.2728650772864
Alistipes_finegoldii_DSM_17242_AND_Bacteroides_eggerthii_DSM_20697,1072,0.0152071744289583,0.00943816075214993,0.00576901367680841,892,0.0134966542003696,0.00943816075233214,0.00405849344803751,815,0.145252274036523,0.145252274036523,0,476,0.145252274036523,0.145252274036523,0,772,0.0596911214264911,0.0596911214264911,0,481,0.0596911214264911,0.0596911214264911,0,1110,0.0753048804584646,0.0695358667816562,0.00576901367680841,882,0.0753048804583929,0.0695358667815845,0.00576901367680841,1083,0.020237213800538,0.0103953993591653,0.00984181444137266,907,0.0175126503378368,0.00712842571958164,0.0103842246182551,1072,86.7149688573422,83.1757722549709,3.53919660237126,880,60.0449036127166,56.5057070103453,3.53919660237126
Alistipes_finegoldii_DSM_17242_AND_Bacteroides_fragilis_NCTC_9343,1316,0.185783282412536,0.00943816075233214,0.176345121660203,997,0.185783282412536,0.00943816075233214,0.176345121660203,809,0.145252274036523,0.145252274036523,0,476,0.145252274036523,0.145252274036523,0,819,0.0596911214264911,0.0596911214264911,0,485,0.0596911214264911,0.0596911214264911,0,1315,0.115659624961341,0.0695358667815845,0.0461237581797562,992,0.115659624961341,0.0695358667815845,0.0461237581797563,1268,0.0218960201793722,0.0103953993591454,0.0115006208202268,1052,0.0218960201793722,0.0103953993591653,0.0115006208202069,1292,118.332112308759,83.1757722549707,35.1563400537887,1070,66.1948935497308,51.0843618082663,15.1105317414644
Alistipes_finegoldii_DSM_17242_AND_Bacteroides_intestinalis_341_DSM_17393,1081,0.0412753742777189,0.00943816075214993,0.031837213525569,850,0.0355059955075722,0.00733882005340229,0.0281671754541699,777,0.145252274036523,0.145252274036523,0,476,0.145252274036523,0.145252274036523,0,791,0.0596911214264911,0.0596911214264911,0,485,0.0596911214264911,0.0596911214264911,0,1103,0.0878243674607167,0.0695358667815845,0.0182885006791322,830,0.0878243674607167,0.0695358667815845,0.0182885006791322,1059,0.020237213800538,0.0103953993591653,0.00984181444137266,895,0.020237213800538,0.0103953993591653,0.00984181444137266,1064,120.685476883747,83.1757722549708,37.5097046287762,870,70.3461632630492,51.0849422681228,19.2612209949264
Alistipes_finegoldii_DSM_17242_AND_Bacteroides_stercoris_ATCC_43183,1104,0.0208117127852407,0.00943816075214993,0.0113735520330908,896,0.0174394394791923,0.00943816075233214,0.00800127872686012,828,0.145252274036523,0.145252274036523,0,476,0.145252274036523,0.145252274036523,0,824,0.0596911214264911,0.0596911214264911,0,485,0.0596911214264911,0.0596911214264911,0,1109,0.0809094188147469,0.0695358667816562,0.0113735520330907,896,0.0786801171211506,0.0695358667815845,0.00914425033956612,1100,0.020237213800538,0.0103953993591653,0.00984181444137266,927,0.0196778802672984,0.00651750079312821,0.0131603794741702,1081,92.7361113793201,83.1757722549707,9.56033912434942,887,69.150456250413,59.5901171260636,9.56033912434942
Alistipes_finegoldii_DSM_17242_AND_Bacteroides_thetaiotaomicron_VPI_5482,1245,0.0412699260529068,0.00943816075233214,0.0318317653005746,562,0.0318317653005746,0,0.0318317653005746,1241,0.145252274036523,0.113420508735949,0.0318317653005746,476,0.145252274036523,0.145252274036523,0,798,0.0596911214264911,0.0596911214264911,0,1000,0.0596911214264911,0.0278593561259165,0.0318317653005746,1268,0.0925977458714626,0.0695358667815845,0.0230618790898781,1023,0.0849104528415033,0.0695358667815845,0.0153745860599187,1245,0.0218960201793722,0.0103953993591653,0.0115006208202069,1056,0.0218960201793722,0.0103953993591653,0.0115006208202069,1199,138.390342816953,83.1757722549707,55.2145705619827,1039,85.9280091475575,31.9864504837949,53.9415586637626
Alistipes_finegoldii_DSM_17242_AND_Bacteroides_uniformis_ATCC_8492,1096,0.0253567675149344,0.00943816075214993,0.0159186067627845,889,0.0206368794359717,0.00943816075233214,0.0111987186836395,796,0.145252274036523,0.145252274036523,0,476,0.145252274036523,0.145252274036523,0,808,0.0596911214264911,0.0596911214264911,0,485,0.0596911214264911,0.0596911214264911,0,1113,0.0854544735444408,0.0695358667816563,0.0159186067627845,881,0.0786801171211506,0.0695358667815845,0.00914425033956611,1074,0.0390488915321574,0.0103953993591454,0.028653492173012,876,0.0337761832991358,0.00903703015282827,0.0247391531463075,1069,136.729252759933,83.1757722549707,53.5534805049624,892,72.5623833718235,44.6184115065279,27.9439718652956
Alistipes_finegoldii_DSM_17242_AND_Bifidobacterium_adolescentis_ATCC_15703,1074,0.0386574734285041,0.00943816075214993,0.0292193126763542,937,0.0386574734216623,0.00943816075233214,0.0292193126693302,730,0.145252274036523,0.145252274036523,0,445,0.0453790327922161,0,0.0453790327922161,728,0.0596911214264911,0.0596911214264911,0,920,0.0596911214264912,0.0440659902321401,0.015625131194351,1092,0.0792390219913962,0.0695358667816563,0.00970315520973997,915,0.0792390219913241,0.0695358667815845,0.00970315520973962,1111,0.0828026194277486,0.0103953993591454,0.0724072200686031,452,0.0828026194277486,0,0.0828026194277486,1059,120.091231357557,63.7617262038703,56.3295051536865,937,70.00326487246,51.18143733044,18.82182754202
Alistipes_finegoldii_DSM_17242_AND_Bifidobacterium_bifidum_PRL2010,1145,0.0386574734216617,0.00943816075233214,0.0292193126693296,933,0.0348433235041876,0.00891840000863683,0.0259249234955508,1157,0.145252274036523,0.0998732412364632,0.0453790328000601,476,0.145252274036523,0.145252274036523,0,1169,0.0596911214264911,0.0440659902321404,0.0156251311943507,485,0.0596911214264911,0.0596911214264911,0,1135,0.0792390219913247,0.0695358667815845,0.00970315520974013,908,0.0792390219913245,0.0695358667815845,0.00970315520973997,1240,6.73322396589412,0.0103953993591454,6.72282856653497,1074,6.7280262662149,0.0103953993591653,6.71763086685574,1093,136.999538124025,83.1757722549708,53.8237658690547,930,72.3336680272019,51.0849422681228,21.2487257590791
Alistipes_finegoldii_DSM_17242_AND_Bifidobacterium_longum_NCC2705,981,0.0793606476554002,0.00943816075233213,0.0699224869030681,774,0.0276326914222735,0.00876593449704173,0.0188667569252318,772,0.145252274036523,0.145252274036523,0,476,0.145252274036523,0.145252274036523,0,760,0.0596911214264911,0.0596911214264911,0,485,0.0596911214264911,0.0596911214264911,0,961,0.0878243674607167,0.0695358667815845,0.0182885006791322,741,0.0786801171211506,0.0695358667815845,0.00914425033956611,961,0.020237213800538,0.0103953993591653,0.00984181444137266,775,0.020237213800538,0.0103953993591653,0.00984181444137266,919,136.139823602349,83.1757722549707,52.9640513473786,773,84.0144540459046,48.9852614789945,35.0291925669101
Alistipes_finegoldii_DSM_17242_AND_Bilophila_wadsworthia_3_1_6,1039,0.0210238909878059,0.00943816075214993,0.011585730235656,851,0.00969143934216274,0.00943816075233214,0.000253278589830603,763,0.145252274036523,0.145252274036523,0,476,0.145252274036523,0.145252274036523,0,763,0.0596911214264911,0.0596911214264911,0,485,0.0596911214264911,0.0596911214264911,0,1030,0.0733832583990407,0.0695358667816563,0.00384739161738447,837,0.0699834735691769,0.0695358667815845,0.000447606787592404,1062,0.0633076865777448,0.0103953993591454,0.0529122872185994,858,0.0105746185642173,0.0103953993591653,0.000179219205051985,991,104.087964586472,81.4239218415029,22.6640427449696,853,69.8235946162044,58.1046073625987,11.7189872536057
Alistipes_finegoldii_DSM_17242_AND_Blautia_wexlerae_DSM_19850,1088,0.0520489983575573,0.00943816075233214,0.0426108376052252,930,0.0243222494233974,0.00943816075233214,0.0148840886710652,715,0.145252274036523,0.145252274036523,0,476,0.145252274036523,0.145252274036523,0,712,0.0596911214264911,0.0596911214264911,0,485,0.0596911214264911,0.0596911214264911,0,1109,0.0875242312290593,0.0695358667815845,0.0179883644474747,914,0.0875242312290593,0.0695358667815845,0.0179883644474748,694,0.102675209519706,0,0.102675209519706,940,0.0154054722960823,0.0103953993591653,0.00501007293691695,1078,114.146039843219,83.1757722549707,30.970267588248,960,73.0892733025153,59.5901171260636,13.4991561764518
Alistipes_finegoldii_DSM_17242_AND_Citrobacter_amalonaticus_Y19,1330,0.185783282412536,0.00943816075214993,0.176345121660386,991,0.185783282412536,0.00943816075233214,0.176345121660203,909,0.145252274036523,0.145252274036523,0,476,0.145252274036523,0.145252274036523,0,947,0.0596911214264911,0,0.0596911214264911,485,0.0596911214264911,0.0596911214264911,0,1305,0.100285038901446,0.0695358667816563,0.0307491721197896,976,0.0996638612122828,0.0676723337141668,0.031991527498116,1396,8.97416682140577,0.0103953993591454,8.96377142204663,1013,4.49228111038247,0.0103953993591653,4.48188571102331,1264,200.978817736411,80.1564994322242,120.822318304186,1031,104.709950792616,0.850875577464416,103.859075215151
Alistipes_finegoldii_DSM_17242_AND_Clostridium_clostridioforme_CM201,1156,0.0208337552585333,0.00943816075214992,0.0113955945063834,907,0.0208337552559758,0.00943816075233214,0.0113955945036436,813,0.145252274036523,0.145252274036523,0,448,0.017697919951774,0,0.017697919951774,805,0.0596911214264911,0.0596911214264911,0,485,0.0596911214264911,0.0596911214264911,0,1145,0.0733201180879779,0.0695358667816562,0.00378425130632169,902,0.0733201180891855,0.0695358667815845,0.00378425130760096,1135,0.0205366944068016,0.0103953993591653,0.0101412950476362,933,0.0200744606119485,0.00648465499445208,0.0135898056174964,1112,128.329987511452,63.7617262038704,64.5682613075812,943,96.432553203431,58.8451872466229,37.5873659568081
Alistipes_finegoldii_DSM_17242_AND_Collinsella_tanakaei_YIT_12063,1106,0.0208337552587156,0.00943816075233214,0.0113955945063834,915,0.0208337552559758,0.00943816075233214,0.0113955945036436,763,0.145252274036523,0.145252274036523,0,447,0.0128005793644625,0,0.0128005793644625,785,0.0596911214264911,0.0596911214264911,0,495,0.0596911214264911,0.0596911214264911,0,1118,0.0733201180891855,0.0695358667815845,0.00378425130760096,907,0.0733201180891855,0.0695358667815845,0.00378425130760096,1133,0.0639494772018574,0.0103953993591653,0.053554077842692,942,0.0280719584882455,0.0103953993591653,0.0176765591290802,1099,137.4287899756,79.413163926259,58.0156260493412,952,92.8382678730117,48.878421183916,43.9598466890957
Alistipes_finegoldii_DSM_17242_AND_Coprococcus_catus_GD_7,1087,0.0208337552585333,0.00943816075214992,0.0113955945063834,904,0.0208337552559758,0.00943816075233214,0.0113955945036436,755,0.145252274036523,0.145252274036523,0,486,0.145252274036523,0.145252274036523,0,733,0.0596911214264911,0.0596911214264911,0,495,0.0596911214264911,0.0596911214264911,0,1103,0.0733201180925983,0.0695358667816563,0.00378425131094199,898,0.0733201180891855,0.0695358667815845,0.00378425130760096,1116,0.0639494772018547,0.0103953993591454,0.0535540778427093,925,0.0331415236227932,0.00929190878835142,0.0238496148344418,1086,132.497069275327,83.1757722549707,49.321297020356,949,76.7592984860112,56.6244666222976,20.1348318637136
Alistipes_finegoldii_DSM_17242_AND_Desulfovibrio_desulfuricans_subsp_desulfuricans_DSM_642,797,0.185783282412536,0,0.185783282412536,496,0.0853453615821222,0,0.0853453615821222,1212,0.145252274036523,0.0766415549486546,0.0686107190878686,476,0.145252274036523,0.145252274036523,0,781,0.0596911214264911,0,0.0596911214264911,496,0.0596911214264911,0,0.0596911214264911,1225,0.0925977458714626,0.0695358667815845,0.0230618790898781,955,0.0925977458714626,0.0695358667815845,0.0230618790898781,1265,6.73322396589412,0.0103953993591454,6.72282856653497,501,0.0913520820692467,0,0.0913520820692467,1153,137.315350544613,74.9357695544841,62.3795809901293,986,64.6185898494749,53.323239015878,11.2953508335969
Alistipes_finegoldii_DSM_17242_AND_Desulfovibrio_piger_ATCC_29098,1051,0.0106661923719985,0.00943816075233214,0.00122803161966633,846,0.0106661923718868,0.00943816075233214,0.00122803161955461,822,0.145252274036523,0.145252274036523,0,374,0.00122803161955464,0,0.00122803161955464,811,0.0596911214264911,0.0596911214264911,0,485,0.0596911214264911,0.0596911214264911,0,1062,0.0707638984011549,0.0695358667815845,0.00122803161957033,833,0.0707638984011391,0.0695358667815845,0.00122803161955463,1059,0.0324957318020586,0.0103953993591653,0.0221003324428933,857,0.031482012615055,0.00938168017215907,0.0221003324428959,1010,102.266770435829,83.1757722549707,19.0909981808586,852,69.0261874146496,54.8686951909173,14.1574922237323
Alistipes_finegoldii_DSM_17242_AND_Dialister_invisus_DSM_15470,678,0.00943816075211963,0.00943816075211963,0,552,0.00943816075233214,0.00943816075233214,0,1113,0.145252274036523,0.144577528914041,0.000674745122482087,0,0,0,0,1109,0.0596911214264911,0.0561958083112155,0.00349531311527567,485,0.0596911214264911,0.0596911214264911,0,734,0.0695358667815845,0.0695358667815845,0,539,0.0695358667815845,0.0695358667815845,0,704,0.0103953993591454,0.0103953993591454,0,513,0.0103953993591653,0.0103953993591653,0,1071,90.8462866757017,83.1757722549708,7.6705144207309,951,62.6051995406655,59.5901171260636,3.01508241460193
Alistipes_finegoldii_DSM_17242_AND_Dorea_longicatena_DSM_13814,932,0.021023890987806,0.00943816075214993,0.0115857302356561,777,0.0173728346321853,0.00943816075233214,0.00793467387985315,770,0.145252274036523,0.145252274036523,0,476,0.145252274036523,0.145252274036523,0,753,0.0596911214264911,0.0596911214264911,0,485,0.0596911214264911,0.0596911214264911,0,946,0.0733832583990407,0.0695358667816563,0.00384739161738444,766,0.0733832584002696,0.0695358667815845,0.0038473916186851,951,0.0202372138005351,0.0103953993591454,0.00984181444138969,797,0.0129199109504312,0.00952080929406195,0.00339910165636928,914,122.505677943355,82.5898611553327,39.9158167880225,785,61.7349985416385,48.2895049335893,13.4454936080493
Alistipes_finegoldii_DSM_17242_AND_Enterobacter_cloacae_EcWSU1,1347,0.185783282412536,0.00943816075233214,0.176345121660203,994,0.185783282412536,0.00943816075233214,0.176345121660203,905,0.145252274036523,0.145252274036523,0,529,0.053465748281098,0,0.053465748281098,903,0.0596911214264911,0.0596911214264911,0,529,0.0596911214264911,0,0.0596911214264911,1347,0.0925977458714626,0.0695358667815845,0.0230618790898781,985,0.0925977458714626,0.0695358667815845,0.0230618790898781,1390,6.73322396589566,0.0103953993591653,6.72282856653649,1017,6.73322396589413,0.0103953993591653,6.72282856653496,1279,205.125098894738,54.6272080662414,150.497890828497,1042,142.434208019581,38.7735625976061,103.660645421975
Alistipes_finegoldii_DSM_17242_AND_Enterococcus_faecium_TX1330,947,0.0210238909852027,0.00943816075233214,0.0115857302328706,756,0.0177543166454513,0.00943816075233214,0.00831615589311917,773,0.145252274036523,0.145252274036523,0,484,0.145252274036523,0.145252274036523,0,744,0.0596911214264911,0.0596911214264911,0,485,0.0596911214264911,0.0596911214264911,0,948,0.073383258398969,0.0695358667815845,0.0038473916173845,744,0.0733832584002696,0.0695358667815845,0.0038473916186851,965,0.0202372138005351,0.0103953993591454,0.00984181444138969,774,0.020237213800538,0.0103953993591653,0.00984181444137266,915,123.796016398052,83.1757722549707,40.6202441430813,770,77.9195785807458,56.9112389694814,21.0083396112644
Alistipes_finegoldii_DSM_17242_AND_Escherichia_coli_str_K_12_substr_MG1655,1349,0.0793606476552902,0.00943816075214993,0.0699224869031403,823,0.0793606476554002,0.00943816075233214,0.0699224869030681,1065,0.145252274036523,0.145252274036523,0,476,0.145252274036523,0.145252274036523,0,1016,0.0596911214264911,0.0596911214264911,0,485,0.0596911214264911,0.0596911214264911,0,1331,0.0878243674607601,0.0695358667816563,0.0182885006791038,805,0.0878243674607167,0.0695358667815845,0.0182885006791322,1344,5.34172396654115,0.0103953993591653,5.33132856718199,902,0.293835360966811,0.00155051184424985,0.292284849122561,1278,205.894423327631,83.1757722549707,122.71865107266,906,125.014054250681,48.2895049335892,76.7245493170914
Alistipes_finegoldii_DSM_17242_AND_Eubacterium_rectale_M104_1,978,0.0471676598623178,0.00943816075214993,0.0377294991101679,764,0.0110350317371328,0.00943816075233214,0.00159687098480069,771,0.145252274036523,0.145252274036523,0,485,0.145252274036523,0.145252274036523,0,787,0.0596911214264911,0.0596911214264911,0,490,0.0596911214264911,0.0596911214264911,0,956,0.0878243674607601,0.0695358667816563,0.0182885006791038,753,0.0723579382886321,0.0695358667815845,0.0028220715070476,947,0.020237213800538,0.0103953993591653,0.00984181444137266,783,0.0195447579258904,0.0055945542752184,0.013950203650672,901,144.887824724911,83.1757722549708,61.7120524699397,766,71.4271986057427,32.6916979261755,38.7355006795672
Alistipes_finegoldii_DSM_17242_AND_Faecalibacterium_prausnitzii_L2_6,918,0.021023890987806,0.00943816075214993,0.0115857302356561,759,0.0191084409878913,0.00943816075233214,0.00967028023555916,744,0.145252274036523,0.145252274036523,0,485,0.145252274036523,0.145252274036523,0,754,0.0596911214264911,0.0596911214264911,0,494,0.0596911214264911,0.0596911214264911,0,944,0.0733832583990407,0.0695358667816563,0.00384739161738448,746,0.0733832584002696,0.0695358667815845,0.00384739161868509,955,0.0202372138005351,0.0103953993591454,0.00984181444138969,771,0.0195163587695841,0.00539766093524765,0.0141186978343364,927,139.766983970961,80.2817433883342,59.4852405826268,770,89.7464340555072,57.0666003730283,32.6798336824789
Alistipes_finegoldii_DSM_17242_AND_Fusobacterium_varium_ATCC_27725,1126,0.174202346743639,0.166593365585809,0.00760898115783017,864,0.0199700190965537,0.00838428886368318,0.0115857302328705,843,0.145252274036523,0.145252274036523,0,476,0.145252274036523,0.145252274036523,0,819,0.0596911214264911,0.0596911214264911,0,485,0.0596911214264911,0.0596911214264911,0,899,0.115659624961341,0.115659624961341,0,855,0.0730332884121817,0.0691858967934996,0.00384739161868212,889,0.072225046961287,0.072225046961287,0,884,0.0200971876924227,0.00942458854308059,0.0106725991493422,1071,135.857225344793,81.4161461236698,54.4410792211234,908,95.3675054322504,56.9112389694813,38.4562664627691
Alistipes_finegoldii_DSM_17242_AND_Haemophilus_parainfluenzae_T3T1,1231,0.0386574734216617,0.00943816075233213,0.0292193126693296,1033,0.0118502865407453,0.0091970879342306,0.00265319860651466,1223,0.145252274036523,0.110946914492589,0.0343053595439343,476,0.145252274036523,0.145252274036523,0,1209,0.0596911214264911,0.0440659902240623,0.0156251312024289,1019,0.0596911214264911,0.0550923774722288,0.0045987439542623,1203,0.0792390219913241,0.0695358667815845,0.00970315520973962,1018,0.0783573816327226,0.068654226422983,0.00970315520973962,1235,0.0357298136275074,0.0103953993591653,0.0253344142683421,1064,0.0301973870387356,0.0048629727703935,0.0253344142683421,1172,155.369859082457,65.3418069290161,90.0280521534408,1028,102.127774766808,54.3094123054245,47.8183624613832
Alistipes_finegoldii_DSM_17242_AND_Helicobacter_pylori_26695,1048,0.0793606476554002,0.00943816075233214,0.0699224869030681,860,0.0570759186486414,0.000553137050722806,0.0565227815979186,738,0.145252274036523,0.145252274036523,0,476,0.145252274036523,0.145252274036523,0,738,0.0596911214264911,0.0596911214264911,0,485,0.0596911214264911,0.0596911214264911,0,1033,0.0878243674607167,0.0695358667815845,0.0182885006791322,855,0.0733832584002696,0.0695358667815845,0.00384739161868507,1060,0.0286169737031687,0.0103953993591454,0.0182215743440233,869,0.0284910735304169,0.0102694991863935,0.0182215743440233,1005,116.672000862092,83.1757722549707,33.496228607121,867,60.6737541358343,56.6244666222976,4.04928751353668
Alistipes_finegoldii_DSM_17242_AND_Klebsiella_pneumoniae_pneumoniae_MGH78578,1217,0.0793606476552902,0.00943816075214993,0.0699224869031403,829,0.0793606476554002,0.00943816075233214,0.0699224869030681,1010,0.145252274036523,0.145252274036523,0,476,0.145252274036523,0.145252274036523,0,960,0.0596911214264911,0.0596911214264911,0,485,0.0596911214264911,0.0596911214264911,0,1207,0.08782436746076,0.0695358667816562,0.0182885006791038,818,0.0878243674607167,0.0695358667815845,0.0182885006791322,1318,5.34172396654114,0.0103953993591454,5.33132856718199,853,2.67812061939314,0.0103953993591653,2.66772522003398,1137,166.103689012937,83.1757722549708,82.9279167579666,873,111.878977937669,44.0181610944933,67.8608168431759
Alistipes_finegoldii_DSM_17242_AND_Lactobacillus_mucosae_LM1,1074,0.0105927414253671,0.00943816075214993,0.0011545806732172,888,0.0105927414255347,0.00943816075233214,0.00115458067320255,712,0.145252274036523,0.145252274036523,0,429,0.00115458067320255,0,0.00115458067320255,713,0.0596911214264911,0.0596911214264911,0,485,0.0596911214264911,0.0596911214264911,0,1074,0.0706904474548088,0.0695358667816563,0.00115458067315249,888,0.070690447454787,0.0695358667815845,0.00115458067320255,1057,0.0129932058738885,0.0103953993591454,0.00259780651474312,916,0.0129932058738711,0.0103953993591653,0.00259780651470574,1063,119.87749649682,83.1757722549708,36.7017242418492,926,85.127181073553,56.5718838627209,28.5552972108321
Alistipes_finegoldii_DSM_17242_AND_Lactobacillus_reuteri_SD2112_ATCC_55730,952,0.0210238909850205,0.00943816075214993,0.0115857302328706,748,0.0210238909852027,0.00943816075233214,0.0115857302328706,740,0.145252274036523,0.145252274036523,0,476,0.145252274036523,0.145252274036523,0,780,0.0596911214264911,0.0596911214264911,0,485,0.0596911214264911,0.0596911214264911,0,937,0.0733832584003414,0.0695358667816563,0.0038473916186851,731,0.0733832584002696,0.0695358667815845,0.0038473916186851,971,0.0245847664906684,0.0103953993591454,0.0141893671315229,764,0.0147368788185178,0.0103953993591653,0.00434147945935251,901,131.178483482615,82.5914622343695,48.5870212482455,761,92.8313029784775,53.1444976478053,39.6868053306722
Alistipes_finegoldii_DSM_17242_AND_Megasphaera_elsdenii_DSM_20460,1279,0.185783282412536,0.156563969743209,0.0292193126693267,1004,0.0318317653005746,0.00720009780311597,0.0246316674974587,1235,0.145252274036523,0.0998732412443071,0.0453790327922161,493,0.0453790327922178,0,0.0453790327922178,1215,0.0596911214264912,0.0440659902321401,0.015625131194351,975,0.0596911214264911,0.044065990232138,0.0156251311943531,1240,0.115659624961341,0.105956469773239,0.00970315518810217,975,0.0766971037903576,0.0688201580092266,0.007876945781131,1364,11.2133771103518,4.48535084414305,6.72802626620878,998,6.7384216655737,0.0103953993591653,6.72802626621454,1135,144.56822899333,83.1757722549707,61.3924567383594,999,90.9483921199578,55.3964854675272,35.5519066524307
Alistipes_finegoldii_DSM_17242_AND_Parabacteroides_distasonis_ATCC_8503,1233,0.0412699260527246,0.00943816075214993,0.0318317653005746,551,0.0318317653005746,0,0.0318317653005746,1245,0.145252274036523,0.113420508735949,0.0318317653005746,476,0.145252274036523,0.145252274036523,0,817,0.0596911214264911,0.0596911214264911,0,990,0.0596911214264911,0.0278593561259165,0.0318317653005746,1259,0.101367632082159,0.0695358667815845,0.0318317653005746,1004,0.101367632082159,0.0695358667815845,0.0318317653005746,1226,0.0218960201793722,0.0103953993591454,0.0115006208202268,1047,0.0218960201793722,0.0103953993591653,0.0115006208202069,1195,132.072989888764,82.9945452768805,49.0784446118831,1049,92.0441894042353,56.8898614449614,35.1543279592739
Alistipes_finegoldii_DSM_17242_AND_Parabacteroides_johnsonii_DSM_18315,1112,0.041275374277719,0.00943816075214993,0.031837213525569,867,0.0355059955075724,0.00733882005340261,0.0281671754541698,766,0.145252274036523,0.145252274036523,0,476,0.145252274036523,0.145252274036523,0,741,0.0596911214264911,0.0596911214264911,0,485,0.0596911214264911,0.0596911214264911,0,1104,0.0878243674607601,0.0695358667816563,0.0182885006791038,850,0.0878243674607167,0.0695358667815845,0.0182885006791322,1072,0.0202372138005351,0.0103953993591454,0.00984181444138969,902,0.020237213800538,0.0103953993591653,0.00984181444137266,1060,120.004033259264,83.1398544048848,36.8641788543789,883,61.8710169601935,55.1790814755035,6.69193548468999
Alistipes_finegoldii_DSM_17242_AND_Phascolarctobacterium_succinatutens_YIT_12067,1022,0.0133173318683244,0.0090499909480205,0.00426734092030395,865,0.0106792935687573,0.00931396662224039,0.00136532694651687,731,0.145252274036523,0.145252274036523,0,476,0.145252274036523,0.145252274036523,0,724,0.0596911214264911,0.0596911214264911,0,481,0.0596911214264911,0.0596911214264911,0,1015,0.0734090275079873,0.0691482984080331,0.00426072909995418,858,0.070467963824601,0.0694425963596872,0.00102536746491381,1030,0.0200971876924227,0.00942458854308059,0.0106725991493422,886,0.0105930375807701,0.0103756226626827,0.000217414918087381,996,100.233592563637,83.1757722549706,17.057820308666,507,59.5901171260636,59.5901171260636,0
Alistipes_finegoldii_DSM_17242_AND_Prevotella_ruminicola_23,1199,0.185783282412536,0.154187825586281,0.0315954568262545,982,0.0318317653005746,0.00490889318325405,0.0269228721173206,1198,0.145252274036523,0.113420508735949,0.0318317653005746,528,0.145252274036523,0.145252274036523,0,1177,0.0596911214264911,0.0278593561259165,0.0318317653005746,983,0.0596911214264911,0.0278593561259165,0.0318317653005746,1185,0.115659624961341,0.0838278596607661,0.0318317653005746,986,0.0984753595823492,0.0666435942817746,0.0318317653005746,1199,0.0218960201793722,0.00278193508652361,0.0191140850928486,990,0.0218960201793722,0.0103953993591653,0.0115006208202069,1138,140.49989661962,62.4059385191546,78.0939581004656,997,72.6364939816697,24.5999105630379,48.0365834186319
Alistipes_finegoldii_DSM_17242_AND_Pseudoflavonifractor_capillosus_strain_ATCC_29799,908,0.021023890987806,0.00943816075214992,0.011585730235656,763,0.0151041271055575,0.00943816075233214,0.00566596635322537,714,0.145252274036523,0.145252274036523,0,290,0.00566596635322545,0,0.00566596635322545,736,0.0596911214264911,0.0596911214264911,0,485,0.0596911214264911,0.0596911214264911,0,925,0.0733832584003414,0.0695358667816563,0.00384739161868508,748,0.0733832584002696,0.0695358667815845,0.00384739161868508,944,0.0202372138005351,0.0103953993591454,0.0098418144413897,778,0.020237213800538,0.0103953993591653,0.00984181444137266,871,104.310212103145,83.1757722549707,21.1344398481739,761,59.6334688708664,55.898291374473,3.73517749639341
Alistipes_finegoldii_DSM_17242_AND_Roseburia_intestinalis_L1_82,950,0.0793606476552902,0.00943816075214993,0.0699224869031403,759,0.0509979398530376,0.000553137050722807,0.0504448028023148,779,0.145252274036523,0.145252274036523,0,292,0.0523063108989785,0,0.0523063108989785,753,0.0596911214264911,0.0596911214264911,0,485,0.0596911214264911,0.0596911214264911,0,950,0.08782436746076,0.0695358667816563,0.0182885006791038,757,0.0733832584002696,0.0695358667815845,0.00384739161868507,965,5.34172396654114,0.0103953993591454,5.33132856718199,768,0.0301046959026038,0.00903703015282824,0.0210676657497756,899,146.702123287814,83.1757722549707,63.5263510328435,775,73.3585743016773,59.5901171260636,13.7684571756137
Alistipes_finegoldii_DSM_17242_AND_Roseburia_inulinivorans_DSM_16841,912,0.0192162635285627,0.00943816075233214,0.00977810277623053,762,0.0192162635281712,0.00943816075233214,0.00977810277583911,712,0.145252274036523,0.145252274036523,0,476,0.145252274036523,0.145252274036523,0,719,0.0596911214264911,0.0596911214264911,0,485,0.0596911214264911,0.0596911214264911,0,929,0.0793139695572811,0.0695358667815845,0.00977810277569661,751,0.0793139695574237,0.0695358667815845,0.00977810277583923,957,0.0633076865777476,0.0103953993591653,0.0529122872185823,791,0.0306127155333385,0.00903703015282824,0.0215756853805103,899,145.505795997005,83.1757722549708,62.3300237420342,780,92.3523580137959,44.4243469997471,47.9280110140488
Alistipes_finegoldii_DSM_17242_AND_Ruminococcus_bromii_L2_63,929,0.0793606476554002,0.00943816075233214,0.0699224869030681,776,0.0526377039853711,0.000553137050722807,0.0520845669346482,727,0.145252274036523,0.145252274036523,0,476,0.145252274036523,0.145252274036523,0,732,0.0596911214264911,0.0596911214264911,0,494,0.0596911214264911,0.0596911214264911,0,954,0.0878243674607167,0.0695358667815845,0.0182885006791322,781,0.0790744289520506,0.0695358667815845,0.00953856217046612,927,5.34172396654114,0.0103953993591454,5.33132856718199,809,0.0133350352405281,0.0103953993591653,0.00293963588136281,917,101.200143293936,83.1757722549706,18.0243710389653,792,75.3700815354062,58.6582176048863,16.7118639305199
Alistipes_finegoldii_DSM_17242_AND_Ruminococcus_callidus_ATCC_2776001,1047,0.0529668998159504,0.00943816075214993,0.0435287390638005,905,0.0215135376134419,0.00943816075233214,0.0120753768611098,676,0.145252274036523,0.145252274036523,0,476,0.145252274036523,0.145252274036523,0,685,0.0596911214264911,0.0596911214264911,0,485,0.0596911214264911,0.0596911214264911,0,1080,0.087524231229103,0.0695358667816563,0.0179883644474468,898,0.0769934999951939,0.0695358667815845,0.00745763321360938,656,0.102675209519706,0,0.102675209519706,923,0.0343902473424984,0.00903703015282824,0.0253532171896702,1031,106.85623811898,83.1757722549707,23.6804658640093,919,62.8164647361599,56.0962790286737,6.72018570748622
Alistipes_finegoldii_DSM_17242_AND_Ruminococcus_torques_ATCC_27756,957,0.0793606476554002,0.00943816075233214,0.0699224869030681,763,0.0511213478848349,0.000553137050722806,0.0505682108341121,707,0.145252274036523,0.145252274036523,0,476,0.145252274036523,0.145252274036523,0,701,0.0596911214264911,0.0596911214264911,0,485,0.0596911214264911,0.0596911214264911,0,957,0.0878243674607167,0.0695358667815845,0.0182885006791322,768,0.0733832584002696,0.0695358667815845,0.00384739161868508,929,0.0202372138005351,0.0103953993591454,0.00984181444138969,799,0.0197876008721502,0.00727820143225323,0.012509399439897,912,121.786086225231,83.1757722549707,38.6103139702607,785,65.9167096409876,50.4510353588561,15.4656742821315
Alistipes_finegoldii_DSM_17242_AND_Shigella_flexneri_2002017,951,0.185783282412536,0,0.185783282412536,1000,0.185783282412536,0.00943816075233214,0.176345121660203,1421,0.145252274036523,0.0766415549486546,0.0686107190878686,476,0.145252274036523,0.145252274036523,0,1396,0.0596911214264912,0.00418145386278825,0.0555096675637029,529,0.0596911214264911,0,0.0596911214264911,1376,0.0925977458714985,0.0695358667816563,0.0230618790898422,988,0.0925977458714626,0.0695358667815845,0.0230618790898781,1438,6.73322396589412,0.0103953993591454,6.72282856653497,1018,6.73322396589413,0.0103953993591653,6.72282856653496,1300,174.635592295538,61.4671275347438,113.168464760794,1039,77.6218946248749,19.7596686150561,57.8622260098187
Alistipes_finegoldii_DSM_17242_AND_Streptococcus_salivarius_JIM8777,1107,0.0208337552585333,0.00943816075214992,0.0113955945063834,889,0.0208337552559758,0.00943816075233214,0.0113955945036436,767,0.145252274036523,0.145252274036523,0,484,0.145252274036523,0.145252274036523,0,756,0.0596911214264911,0.0596911214264911,0,493,0.0596911214264911,0.0596911214264911,0,1102,0.0733201180892572,0.0695358667816563,0.00378425130760094,875,0.0733201180891855,0.0695358667815845,0.00378425130760096,1132,0.0205366944067992,0.0103953993591454,0.0101412950476538,905,0.0205366944068016,0.0103953993591653,0.0101412950476362,1070,114.345645143446,83.1757722549707,31.1698728884749,930,88.5358463487168,59.5901171260636,28.9457292226532
Alistipes_finegoldii_DSM_17242_AND_Subdoligranulum_variabile_DSM_15176,947,0.021023890987806,0.00943816075214993,0.011585730235656,750,0.0110481242363921,0.00943816075233214,0.00160996348405997,750,0.145252274036523,0.145252274036523,0,476,0.145252274036523,0.145252274036523,0,778,0.0596911214264911,0.0596911214264911,0,485,0.0596911214264911,0.0596911214264911,0,964,0.0733832584063196,0.0695358667816563,0.00384739162466332,738,0.0733832584002696,0.0695358667815845,0.00384739161868509,994,0.0633076865777476,0.0103953993591653,0.0529122872185823,282,0.0569041847337454,0,0.0569041847337454,880,134.77247872298,83.1757722549708,51.5967064680089,769,71.8429352208245,48.2895049335893,23.5534302872352
Alistipes_finegoldii_DSM_17242_AND_Veillonella_atypica_ACS_049_V_Sch6,1195,0.0106580172307777,0.00931609564199713,0.00134192158878061,1009,0.0106580172307777,0.00931609564199713,0.00134192158878061,832,0.145252274036523,0.145252274036523,0,536,0.0128005793644608,0,0.0128005793644608,810,0.0596911214264911,0.0596911214264911,0,485,0.0596911214264911,0.0596911214264911,0,1233,0.0729758915319318,0.0691916402204852,0.00378425131144665,982,0.0730021076021802,0.0691890169056443,0.0038130906965359,860,0.102675209519706,0,0.102675209519706,519,0.102675209519706,0,0.102675209519706,1222,121.032211359292,83.1757722549707,37.8564391043216,1031,75.5728212955536,55.6749487542579,19.8978725412958
Alistipes_putredinis_DSM_17216_AND_Alistipes_shahii_WAL_8301,1165,0.0283002745769365,0.0207472323192086,0.00755304225772791,1005,0.0283002745769365,0.0207472323192086,0.00755304225772791,1166,0.032497098285596,0.0207472323192086,0.0117498659663874,1015,0.0314709755090313,0.0207472323192086,0.0107237431898227,1179,0.0277876512389485,0.015625131194353,0.0121625200445955,1015,0.0277876512389461,0.0156251311943505,0.0121625200445957,1171,0.0223427700014978,0.00970315520974048,0.0126396147917573,1015,0.022342770001497,0.00970315520973962,0.0126396147917574,1149,0.0227324341876466,0.0135700234924247,0.00916241069522196,1006,0.0185628813058318,0.00898375691007612,0.0095791243957557,1168,121.727945373636,58.7212503170214,63.006695056615,1020,82.2513680520427,39.0369869233886,43.2143811286541
Alistipes_putredinis_DSM_17216_AND_Bacteroides_caccae_ATCC_43185,1074,0.026290447406821,0.0207472323192086,0.00554321508761235,890,0.026290447406821,0.0207472323192086,0.00554321508761235,1074,0.026290447406821,0.0207472323192086,0.00554321508761235,907,0.026290447406821,0.0207472323192086,0.00554321508761235,1074,0.0237298351857342,0.0156251311942903,0.00810470399144387,907,0.0237298351857642,0.0156251311943505,0.00810470399141376,1075,0.020769353986866,0.00970315520973997,0.011066198777126,908,0.0207693539868659,0.00970315520973979,0.0110661987771261,1047,0.0214947643046528,0.0191140850928486,0.00238067921180423,916,0.0138436233937939,0.00809328110241644,0.00575034229137749,1074,111.085235940309,60.1452519003228,50.9399840399864,920,85.2604068601555,39.0862078379426,46.1741990222129
Alistipes_putredinis_DSM_17216_AND_Bacteroides_coprocola_M16_DSM_17136,1122,0.026290447406821,0.0207472323192086,0.00554321508761235,911,0.026290447406821,0.0207472323192086,0.00554321508761235,1122,0.026290447406821,0.0207472323192086,0.00554321508761235,928,0.026290447406821,0.0207472323192086,0.00554321508761236,1119,0.0212477291085415,0.0156251311942903,0.00562259791425122,924,0.0212477291080699,0.0156251311943505,0.0056225979137194,1119,0.0153257531239646,0.00970315520971342,0.00562259791425121,928,0.0153257531234592,0.00970315520973979,0.00562259791371941,1106,0.0214947643046528,0.0191140850928486,0.00238067921180423,931,0.0140483070898146,0.0039960578617296,0.010052249228085,1085,116.763754436925,60.1452519003225,56.6185025366026,933,96.3587046998152,58.7212503170215,37.6374543827937
Alistipes_putredinis_DSM_17216_AND_Bacteroides_eggerthii_DSM_20697,1098,0.0227561319754705,0.0207472323192086,0.00200889965626192,914,0.0227561319754705,0.0207472323192086,0.00200889965626192,1110,0.0227561319754705,0.0207472323192086,0.00200889965626192,928,0.0227561319754705,0.0207472323192086,0.00200889965626192,1091,0.0185623322239139,0.0156251311943441,0.00293720102956985,928,0.0185623322239195,0.0156251311943508,0.00293720102956863,1088,0.0137136225204296,0.00970315520645461,0.00401046731397497,931,0.0137136225230454,0.00970315520973922,0.00401046731330623,1083,0.0214947643046528,0.0191140850928486,0.00238067921180423,936,0.0140257504937416,0.0044475809261349,0.00957816956760668,1075,63.684448502694,60.1452519003227,3.53919660237126,922,60.4524771871027,56.9132805847314,3.53919660237126
Alistipes_putredinis_DSM_17216_AND_Bacteroides_fragilis_NCTC_9343,964,0.185783282412536,0,0.185783282412536,522,0.185783282412534,0,0.185783282412534,858,0.145252274036523,0,0.145252274036523,1033,0.145252274036523,0.0207472323192086,0.124505041717315,961,0.0596911214264911,0,0.0596911214264911,1036,0.0596911214264911,0.0156251311943491,0.044065990232142,881,0.115659624961341,0,0.115659624961341,1046,0.115659624961341,0.00970315520974025,0.105956469751601,888,0.0218960201793722,0,0.0218960201793722,1077,0.0218960201793722,0.0161920244564337,0.00570399572293844,1314,106.533837044489,60.1452519003224,46.3885851441666,1115,73.4786180491628,51.0119752504255,22.4666427987374
Alistipes_putredinis_DSM_17216_AND_Bacteroides_intestinalis_341_DSM_17393,1075,0.0422090541696055,0.0207472323192086,0.0214618218503969,869,0.0422090541696054,0.0207472323192086,0.0214618218503968,1091,0.0422090541696055,0.0207472323192086,0.0214618218503969,887,0.0422090541696055,0.0207472323192086,0.0214618218503969,1070,0.0330977076731502,0.01562513119429,0.0174725764788602,890,0.0291243343811611,0.0156251311943505,0.0134992031868105,1129,0.0366879607496082,0.00970315520971342,0.0269848055398948,888,0.0366879607496503,0.00970315520973962,0.0269848055399106,1064,0.0214947643046528,0.0191140850928486,0.00238067921180423,936,0.0210732972465868,0.0161920244564337,0.00488127279015306,1081,112.804056189546,60.1452519003227,52.658804289223,927,78.5527184132441,44.6838829104416,33.8688355028025
Alistipes_putredinis_DSM_17216_AND_Bacteroides_stercoris_ATCC_43183,1140,0.0247077576445187,0.0207472323192086,0.00396052532531008,918,0.0247077576446388,0.0207472323192086,0.00396052532543019,1099,0.0247077576446387,0.0207472323192086,0.0039605253254301,932,0.0247077576446388,0.0207472323192086,0.0039605253254302,1127,0.0214157932750314,0.0156251311942903,0.00579066208074107,932,0.0214157932750702,0.0156251311943507,0.00579066208071948,1136,0.0176097508983867,0.00970315520971324,0.0079065956886735,944,0.0176097508984036,0.00970315520973962,0.00790659568866399,1115,0.0214947643046528,0.0191140850928486,0.00238067921180423,439,0.0142479368987371,0,0.0142479368987371,1103,69.7055910246717,60.1452519003223,9.56033912434942,927,67.0507370658022,57.4903979414528,9.56033912434942
Alistipes_putredinis_DSM_17216_AND_Bacteroides_thetaiotaomicron_VPI_5482,852,0.0318317653005746,0,0.0318317653005746,1046,0.0318317653005746,0.0207472323192086,0.011084532981366,888,0.0318317653005746,0,0.0318317653005746,545,0.0318317653005746,0,0.0318317653005746,802,0.0318317653005746,0,0.0318317653005746,1049,0.0318317653005746,0.0156251311943512,0.0162066341062234,889,0.0318317653005746,0,0.0318317653005746,1076,0.0318317653005746,0.00970315520974084,0.0221286100908338,851,0.0218960201793722,0,0.0218960201793722,1091,0.0218960201793722,0.0161920244564337,0.00570399572293846,1272,127.176361872078,60.1452519003225,67.0311099717551,1088,96.4825017528815,42.7011684231313,53.7813333297503
Alistipes_putredinis_DSM_17216_AND_Bacteroides_uniformis_ATCC_8492,1100,0.026290447406821,0.0207472323192086,0.00554321508761242,910,0.026290447406821,0.0207472323192086,0.00554321508761235,1093,0.0262904474069985,0.0207472323192086,0.00554321508778991,926,0.026290447406821,0.0207472323192086,0.00554321508761235,1085,0.0237298351857343,0.0156251311942906,0.00810470399144374,927,0.0237298351857644,0.0156251311943507,0.00810470399141364,1133,0.0207693539868528,0.00970315520971359,0.0110661987771392,926,0.0207693539868659,0.00970315520973979,0.0110661987771261,1121,0.0382088989659987,0.0191140850928486,0.0190948138731501,910,0.0337233147549466,0.0101413809307843,0.0235819338241623,1096,124.833300734192,60.1452519003228,64.6880488338689,939,91.8334082649635,41.6159762452825,50.2174320196811
Alistipes_putredinis_DSM_17216_AND_Bifidobacterium_adolescentis_ATCC_15703,757,0.0292193126763547,0,0.0292193126763547,466,0.0292193126693291,0,0.0292193126693291,751,0.0453790328000601,0,0.0453790328000601,951,0.0453790327922162,0.0207472323192086,0.0246318004730076,755,0.0156251312024295,0,0.0156251312024295,539,0.0156251311943507,0.0156251311943507,0,751,0.00970315520645966,0,0.00970315520645966,539,0.00970315520973979,0.00970315520973979,0,660,0.0828026194277486,0,0.0828026194277486,453,0.0828026194277486,0,0.0828026194277486,1080,91.421662364473,40.3770331162692,51.0446292482038,978,83.5188022470797,39.0862078379426,44.4325944091371
Alistipes_putredinis_DSM_17216_AND_Bifidobacterium_bifidum_PRL2010,726,0.0292193126763547,0,0.0292193126763547,944,0.0271107986620691,0.00118587516651834,0.0259249234955508,731,0.0453790328000601,0,0.0453790328000601,958,0.0271107986620691,0.00118587516651834,0.0259249234955508,713,0.0156251312024289,0,0.0156251312024289,449,0.0156251311943505,0,0.0156251311943505,687,0.00970315518810234,0,0.00970315518810234,452,0.00970315520973962,0,0.00970315520973962,1278,6.72802626621454,0.0218960201793722,6.70613024603517,1107,6.72802626621454,0.0218960201793722,6.70613024603517,1097,115.840943284926,58.7212503170215,57.1196929679049,972,90.8484525904082,42.2072959927776,48.6411565976306
Alistipes_putredinis_DSM_17216_AND_Bifidobacterium_longum_NCC2705,983,0.0912983881821346,0.0292193126693004,0.0620790755128342,786,0.0280977426122678,0.00923098568703596,0.0188667569252318,974,0.0768040557839491,0.0318317653005746,0.0449722904833745,804,0.0280977426122678,0.00923098568703596,0.0188667569252318,957,0.0330977076731502,0.01562513119429,0.0174725764788602,798,0.0200084257610169,0.0156251311943507,0.00438329456666613,1001,0.0517158845597165,0.00970315520971342,0.0420127293500031,788,0.0280328282330191,0.00970315520973979,0.0183296730232793,793,0.0218960201793722,0.0218960201793722,0,814,0.0203558463785661,0.0112178873325864,0.00913795904597976,946,116.635512160101,58.7212503170214,57.9142618430801,812,78.0953478055921,39.7622437923148,38.3331040132773
Alistipes_putredinis_DSM_17216_AND_Bilophila_wadsworthia_3_1_6,873,0.0292193126692999,0.0292193126692999,0,521,0.0207472323192086,0.0207472323192086,0,1072,0.0337515862869339,0.0333032272159301,0.000448359071003805,539,0.0207472323192086,0.0207472323192086,0,851,0.0156251312024295,0.0156251312024295,0,539,0.0156251311943457,0.0156251311943457,0,865,0.00970315520971324,0.00970315520971324,0,539,0.00970315520973667,0.00970315520973667,0,1059,0.0833340146108431,0.0788504238998789,0.00448359071096424,893,0.0197233622123532,0.015239771501544,0.00448359071080923,1037,86.6131109644146,60.1452519003225,26.4678590640921,888,69.0646434996723,57.5734922595357,11.4911512401366
Alistipes_putredinis_DSM_17216_AND_Blautia_wexlerae_DSM_19850,1139,0.0633580699272667,0.0207472323192086,0.0426108376080581,955,0.0356313209902738,0.0207472323192086,0.0148840886710652,1139,0.0633580699272685,0.0207472323192086,0.0426108376080599,970,0.0356313209902738,0.0207472323192086,0.0148840886710652,1125,0.0328109617362887,0.0156251311943511,0.0171858305419375,966,0.0328109617362881,0.0156251311943502,0.0171858305419379,1139,0.0510264052803766,0.00970315520974031,0.0413232500706363,968,0.029665435715884,0.00970315520973979,0.0199622805061442,700,0.102675209519706,0,0.102675209519706,970,0.0158885166880106,0.0135700234924247,0.00231849319558594,1118,103.167819401796,60.1452519003225,43.0225675014731,996,71.5623642170031,58.7212503170212,12.8411138999819
Alistipes_putredinis_DSM_17216_AND_Citrobacter_amalonaticus_Y19,1363,0.185783282412536,0.0207472323192086,0.165036050093327,516,0.185783282412536,0,0.185783282412536,1341,0.145252274036523,0.00803083586078588,0.137221438175737,1023,0.145252274036523,0.0207472323192086,0.124505041717315,1388,0.0596911214264911,0.0156251312024292,0.044065990224062,1020,0.0596911214264912,0.00649279309000937,0.0531983283364818,1368,0.0803408017097137,0.00970315520645948,0.0706376465032542,1019,0.0803408017108071,0.00970315520973962,0.0706376465010674,1423,8.98626211252546,0.0466812727182194,8.93958083980725,1054,4.49439752647131,0.0135700234924247,4.48082750297889,1254,164.449566018372,40.3770331162691,124.072532902103,1072,134.920862467837,38.9051672662088,96.0156952016281
Alistipes_putredinis_DSM_17216_AND_Clostridium_clostridioforme_CM201,1137,0.0240513617983952,0.0207472323192086,0.00330412947918655,929,0.0240513617956559,0.0207472323192086,0.00330412947644732,1152,0.0303536872468586,0.0207472323192086,0.00960645492764994,954,0.0303536872437864,0.0207472323192086,0.00960645492457779,823,0.0156251311943507,0.0156251311943507,0,539,0.0156251311943505,0.0156251311943505,0,812,0.00970315520971359,0.00970315520971359,0,539,0.00970315520973962,0.00970315520973962,0,829,0.0218960201793722,0.0218960201793722,0,967,0.0205046383985093,0.0101241884369434,0.0103804499615658,1146,123.289511624603,58.7212503170213,64.5682613075813,989,97.5113057717774,58.7212503170213,38.790055454756
Alistipes_putredinis_DSM_17216_AND_Collinsella_tanakaei_YIT_12063,806,0.0292193126693009,0.0292193126693009,0,938,0.0214500968365463,0.0164828485655244,0.00496724827102192,1148,0.0371152286277889,0.0318317653005746,0.00528346332721424,951,0.022495587424196,0.0105019491598779,0.0119936382643181,820,0.0156251311943293,0.0156251311943293,0,548,0.0156251311943507,0.0156251311943507,0,824,0.00970315520643294,0.00970315520643294,0,539,0.00970315520973979,0.00970315520973979,0,735,0.0848326109058486,0,0.0848326109058486,968,0.0186971290912075,0.0135700234924247,0.00512710559878287,1138,118.292866147127,60.1452519003227,58.1476142468043,995,98.0445650434528,52.2007202433507,45.8438448001021
Alistipes_putredinis_DSM_17216_AND_Coprococcus_catus_GD_7,1150,0.0240513617956562,0.0207472323192086,0.00330412947644759,926,0.024051361795656,0.0207472323192086,0.00330412947644738,1150,0.0303536872437866,0.0207472323192086,0.00960645492457801,950,0.0303536872437864,0.0207472323192086,0.00960645492457779,789,0.0156251311943507,0.0156251311943507,0,539,0.0156251311943507,0.0156251311943507,0,786,0.00970315520645983,0.00970315520645983,0,548,0.00970315520973654,0.00970315520973654,0,1188,0.830070884184558,0.0218960201793722,0.808174864005186,446,0.0243728064474197,0,0.0243728064474197,1120,114.49690470823,60.1452519003225,54.3516528079079,1003,87.8195507697652,55.5300434253775,32.2895073443876
Alistipes_putredinis_DSM_17216_AND_Desulfovibrio_desulfuricans_subsp_desulfuricans_DSM_642,828,0.185783282412536,0,0.185783282412536,496,0.0853453615821201,0,0.0853453615821201,1241,0.122847379212483,0.0318317653005746,0.0910156139119086,500,0.0894339866702863,0,0.0894339866702863,841,0.0596911214264911,0,0.0596911214264911,1006,0.0596911214264911,0.0156251311943491,0.044065990232142,1237,0.0626813900839001,0.00970315520645948,0.0529782348774406,497,0.0433102564111081,0,0.0433102564111081,1311,6.73897427630423,0.0218960201793722,6.71707825612486,501,0.0913520820692579,0,0.0913520820692579,1169,108.605424305004,42.9909474440057,65.6144768609978,1028,67.5636839386712,56.2683331050743,11.2953508335969
Alistipes_putredinis_DSM_17216_AND_Desulfovibrio_piger_ATCC_29098,1113,0.0445738710229069,0.0163695335034597,0.0282043375194472,869,0.0221705945270969,0.0207472323192086,0.0014233622078883,1105,0.046433312300515,0.0135757969955372,0.0328575153049778,886,0.0221705945270969,0.0207472323192086,0.0014233622078883,1098,0.0330977076731882,0.015625131194353,0.0174725764788352,539,0.0156251311943507,0.0156251311943507,0,1099,0.0256842872506753,0.00970315520974048,0.0159811320409349,539,0.00970315520973979,0.00970315520973979,0,1059,0.0363662263556649,0.0135700234924247,0.0227962028632402,658,0.0221173305616589,1.68395778742379e-05,0.0221004909837847,1063,93.5190951556605,60.1452519003227,33.3738432553378,896,70.8774925749946,55.2442648026608,15.6332277723338
Alistipes_putredinis_DSM_17216_AND_Dialister_invisus_DSM_15470,1130,0.0292193126697376,0.0285699159902173,0.000649396679520246,576,0.0207472323192086,0.0207472323192086,0,1128,0.0453790327922167,0.0312519936763035,0.0141270391159132,591,0.0207472323192086,0.0207472323192086,0,763,0.0156251311971076,0.0156251311942903,2.81727871052893e-12,539,0.0156251311943507,0.0156251311943507,0,752,0.00970315520951255,0.00970315520971359,-2.01041968625764e-13,591,0.00970315520974116,0.00970315520974116,0,772,0.0191140850928486,0.0191140850928486,0,1002,0.0184673860139438,0.017823985525753,0.000643400488190832,1091,63.1603343149246,60.1452519003227,3.01508241460193,989,61.7363327316235,58.7212503170215,3.01508241460195
Alistipes_putredinis_DSM_17216_AND_Dorea_longicatena_DSM_13814,924,0.0241064912668722,0.0207472323192086,0.00335925894766354,798,0.024106491264089,0.0207472323192086,0.00335925894488039,924,0.0305139711453571,0.0207472323192086,0.00976673882614845,815,0.0235624167664902,0.0207472323192086,0.00281518444728154,764,0.0156251311943527,0.0156251311943527,0,539,0.0156251311943505,0.0156251311943505,0,716,0.00970315520645966,0.00970315520645966,0,539,0.00970315520973979,0.00970315520973979,0,959,0.0206951096693766,0.0135700234924247,0.00712508617695189,824,0.0149303880767842,0.0135700234924247,0.00136036458435953,920,105.460653760724,60.1452519003228,45.3154018604008,829,77.2778671520853,41.946587980616,35.3312791714693
Alistipes_putredinis_DSM_17216_AND_Enterobacter_cloacae_EcWSU1,1016,0.185783282412536,0,0.185783282412536,1012,0.185783282412536,0.0207472323192086,0.165036050093327,1390,0.122847379212483,0.0318317653005746,0.0910156139119086,1037,0.0652215872133662,0.0156744519096911,0.0495471353036752,988,0.0596911214264911,0,0.0596911214264911,529,0.0596911214264911,0,0.0596911214264911,1387,0.0626813900839002,0.00970315520645966,0.0529782348774405,1037,0.0626813900855402,0.00970315520973962,0.0529782348758006,1437,6.73897427630423,0.0218960201793722,6.71707825612486,534,6.72802626621454,0,6.72802626621454,1310,189.811235722854,40.3770331162691,149.434202606585,1085,156.896622062997,39.0862078379426,117.810414225054
Alistipes_putredinis_DSM_17216_AND_Enterococcus_faecium_TX1330,960,0.024106491249313,0.0207472323192086,0.00335925893010439,769,0.0241064912640886,0.0207472323192086,0.00335925894487997,978,0.0305139711422514,0.0207472323192086,0.00976673882304282,792,0.030513971142251,0.0207472323192086,0.00976673882304237,790,0.0156251311943507,0.0156251311943507,0,547,0.0156251311943507,0.0156251311943507,0,788,0.00970315520971359,0.00970315520971359,0,580,0.00970315520973979,0.00970315520973979,0,984,0.0200866113273883,0.0129299178432378,0.00715669348415047,801,0.0200866113273883,0.0129299178432378,0.00715669348415047,926,117.126108014011,58.7915575676126,58.3345504463985,810,69.1585980119891,48.5434782897015,20.6151197222876
Alistipes_putredinis_DSM_17216_AND_Escherichia_coli_str_K_12_substr_MG1655,1292,0.0861855667769117,0.0207472323192086,0.0654383344577031,838,0.0861855667769117,0.0207472323192086,0.0654383344577031,1353,0.070114643602747,0.0207472323192086,0.0493674112835384,856,0.070114643602747,0.0207472323192086,0.0493674112835384,1241,0.0330977076731505,0.0156251311942906,0.01747257647886,539,0.0156251311943507,0.0156251311943507,0,1306,0.0517158845627033,0.00970315521466259,0.0420127293480407,848,0.0517158845597344,0.00970315520974306,0.0420127293499913,1381,5.36362215238819,0.0466812727182194,5.31694087966997,940,0.298076803061518,0.0135700234924247,0.284506779569094,1263,182.863902972983,60.1452519003227,122.71865107266,949,127.403776735856,33.7798324167471,93.623944319109
Alistipes_putredinis_DSM_17216_AND_Eubacterium_rectale_M104_1,980,0.0669488117800456,0.0292193126693296,0.037729499110716,528,0.0207472323192086,0.0207472323192086,0,973,0.0710327263264572,0.0333032272159301,0.0377294991105271,546,0.0207472323192086,0.0207472323192086,0,957,0.0330977076731504,0.0156251311942903,0.0174725764788601,546,0.0156251311943507,0.0156251311943507,0,965,0.0474326543214687,0.00970315520971342,0.0377294991117553,546,0.00970315520973979,0.00970315520973979,0,780,0.0218960201793722,0.0218960201793722,0,819,0.0203558463785661,0.0112178873325864,0.00913795904597976,940,118.427321121264,60.1452519003225,58.2820692209414,806,84.5624057828376,54.8276458762936,29.7347599065439
Alistipes_putredinis_DSM_17216_AND_Faecalibacterium_prausnitzii_L2_6,774,0.0292193126693004,0.0292193126693004,0,528,0.0207472323192086,0.0207472323192086,0,982,0.0372033833265633,0.0318317653005746,0.00537161802598871,792,0.0338346405762094,0.0262496694338411,0.00758497114236828,756,0.015625131194351,0.015625131194351,0,546,0.0156251311943507,0.0156251311943507,0,764,0.00970315520971359,0.00970315520971359,0,546,0.00970315520973979,0.00970315520973979,0,792,0.0218960201793722,0.0218960201793722,0,814,0.0203558463785661,0.0112178873325864,0.00913795904597976,951,118.056252329386,60.1452519003228,57.9110004290632,815,92.2245932428207,52.5260548917917,39.698538351029
Alistipes_putredinis_DSM_17216_AND_Fusobacterium_varium_ATCC_27725,863,0.0292193126693301,0.0292193126693301,0,521,0.0207472323192086,0.0207472323192086,0,1136,0.0380913968572583,0.0333032272159301,0.00478816964132816,539,0.0207472323192086,0.0207472323192086,0,863,0.0156251311943505,0.0156251311943505,0,539,0.0156251311943507,0.0156251311943507,0,865,0.00970315520645966,0.00970315520645966,0,539,0.00970315520973979,0.00970315520973979,0,1117,0.0200866113273883,0.0129299178432378,0.00715669348415047,904,0.019758000583888,0.0106517271404464,0.00910627344344162,1086,116.16512429769,60.1452519003229,56.0198723973673,951,89.7632674719405,51.4654237918982,38.2978436800423
Alistipes_putredinis_DSM_17216_AND_Haemophilus_parainfluenzae_T3T1,873,0.0292193126763542,0,0.0292193126763542,1050,0.0292193126693295,0.0246205687150698,0.00459874395425969,867,0.0453790328000592,0,0.0453790328000592,1032,0.0453790327922182,0.0207472323192086,0.0246318004730096,881,0.0156251312024289,0,0.0156251312024289,539,0.0156251311943505,0.0156251311943505,0,863,0.00970315518810261,0,0.00970315518810261,556,0.00970315520973962,0,0.00970315520973962,843,0.0253344142683421,0,0.0253344142683421,581,0.0253344142683421,0,0.0253344142683421,1199,137.313887522575,44.1079608637704,93.2059266588043,1077,107.794014676542,46.1904374217996,61.6035772547422
Alistipes_putredinis_DSM_17216_AND_Helicobacter_pylori_26695,1067,0.0912983881821349,0.0292193126693009,0.062079075512834,874,0.0589424536027378,0.010205240579658,0.0487372130230798,1078,0.0776920693139103,0.0333032272159301,0.0443888420979802,887,0.064798276300904,0.0207472323192086,0.0440510439816954,1065,0.0330977076731505,0.0156251311942906,0.01747257647886,539,0.0156251311943507,0.0156251311943507,0,1090,0.0517158845597165,0.00970315520971342,0.0420127293500031,539,0.00970315520973979,0.00970315520973979,0,1038,0.0200866113273883,0.0129299178432378,0.00715669348415047,888,0.0200866113273883,0.0129299178432378,0.00715669348415047,1005,94.3845198496907,47.5542425659602,46.8302772837305,904,71.4555581346134,44.5947654268285,26.8607927077848
Alistipes_putredinis_DSM_17216_AND_Klebsiella_pneumoniae_pneumoniae_MGH78578,1295,0.0861855667769117,0.0207472323192086,0.0654383344577031,848,0.0861855667769117,0.0207472323192086,0.0654383344577031,1238,0.070114643602747,0.0207472323192086,0.0493674112835384,865,0.070114643602747,0.0207472323192086,0.0493674112835384,1259,0.0330977076731855,0.0156251311943485,0.017472576478837,895,0.0330977076731885,0.0156251311943534,0.0174725764788351,1231,0.0517158845577529,0.00970315520645966,0.0420127293512932,866,0.0517158845597324,0.00970315520973979,0.0420127293499926,1303,5.36362215238819,0.0466812727182194,5.31694087966997,895,2.67591460253679,0.0135700234924247,2.66234457904436,1156,160.185315493219,58.7212503170214,101.464065176197,918,100.9759486701,34.5974130189462,66.3785356511536
Alistipes_putredinis_DSM_17216_AND_Lactobacillus_mucosae_LM1,738,0.0207472323192086,0.0207472323192086,0,521,0.0207472323192086,0.0207472323192086,0,737,0.0207472323192086,0.0207472323192086,0,539,0.0207472323192086,0.0207472323192086,0,727,0.0156251311943527,0.0156251311943527,0,539,0.0156251311943508,0.0156251311943508,0,710,0.00970315520645796,0.00970315520645796,0,539,0.00970315520973979,0.00970315520973979,0,1075,0.0136964996624956,0.0117527310410725,0.0019437686214231,932,0.013696499662496,0.0117527310410663,0.00194376862142974,1077,102.887319529385,60.1452519003227,42.7420676290628,963,86.4719143367655,57.9166171259334,28.5552972108321
Alistipes_putredinis_DSM_17216_AND_Lactobacillus_reuteri_SD2112_ATCC_55730,749,0.0292193126693318,0.0292193126693318,0,521,0.0207472323192086,0.0207472323192086,0,931,0.0372033833234539,0.0318317653005746,0.00537161802287931,539,0.0207472323192086,0.0207472323192086,0,746,0.0156251311943527,0.0156251311943527,0,539,0.0156251311943507,0.0156251311943507,0,761,0.00970315520974031,0.00970315520974031,0,539,0.00970315520973979,0.00970315520973979,0,836,0.0142446785113207,6.52242504353724e-05,0.0141794542608854,784,0.0139237872176922,0.006488614542628,0.00743517267506418,905,106.199653846767,46.7212544468775,59.4783993998897,795,88.9852030403923,43.2468830501804,45.7383199902119
Alistipes_putredinis_DSM_17216_AND_Megasphaera_elsdenii_DSM_20460,868,0.0292193126835719,0,0.0292193126835719,540,0.0292193126693297,0,0.0292193126693297,850,0.0453790328000601,0,0.0453790328000601,493,0.0453790327922178,0,0.0453790327922178,828,0.0156251312024292,0,0.0156251312024292,516,0.015625131194351,0,0.015625131194351,833,0.00970315520234326,0,0.00970315520234326,539,0.00970315520973979,0.00970315520973979,0,1327,6.72802626620746,0.0918258184375522,6.63620044776991,511,6.72802626621472,0,6.72802626621472,1187,122.498233816034,60.1452519003225,62.3529819157113,1039,97.4125167169436,42.2072959927776,55.205220724166
Alistipes_putredinis_DSM_17216_AND_Parabacteroides_distasonis_ATCC_8503,851,0.0318317653005746,0,0.0318317653005746,551,0.0318317653005746,0,0.0318317653005746,857,0.0318317653005746,0,0.0318317653005746,541,0.0318317653005746,0,0.0318317653005746,822,0.0318317653005746,0,0.0318317653005746,1042,0.0318317653005746,0.0156251311943505,0.0162066341062242,878,0.0318317653005746,0,0.0318317653005746,546,0.0318317653005746,0,0.0318317653005746,872,0.0218960201793722,0,0.0218960201793722,1071,0.0169112673275466,0.0161920244564337,0.000719242871112879,1234,111.941733893412,58.7498512645454,53.1918826288665,1097,92.0420236105572,58.7212503170212,33.3207732935359
Alistipes_putredinis_DSM_17216_AND_Parabacteroides_johnsonii_DSM_18315,1101,0.0422090541696055,0.0207472323192086,0.0214618218503968,889,0.0422090541696055,0.0207472323192086,0.0214618218503968,1101,0.0422090541696055,0.0207472323192086,0.0214618218503968,899,0.0422090541696054,0.0207472323192086,0.0214618218503968,1093,0.0330977076731854,0.0156251311943483,0.0174725764788371,897,0.029124334381161,0.0156251311943505,0.0134992031868106,1121,0.0366879607480107,0.00970315520645983,0.0269848055415508,909,0.0366879607496506,0.00970315520973996,0.0269848055399106,1116,0.0206951096693766,0.0135700234924247,0.00712508617695189,935,0.0206951096693766,0.0135700234924247,0.00712508617695189,1072,106.703448291314,57.4685535799613,49.234894711353,935,71.0971609816479,44.8467495442618,26.2504114373861
Alistipes_putredinis_DSM_17216_AND_Phascolarctobacterium_succinatutens_YIT_12067,1031,0.0275761045431203,0.0248248594067742,0.00275124513634608,521,0.0207472323192086,0.0207472323192086,0,1045,0.0276545604439574,0.0249033153074436,0.00275124513651379,539,0.0207472323192086,0.0207472323192086,0,1049,0.0198252856927122,0.0156251311942903,0.00420015449842196,539,0.0156251311943507,0.0156251311943507,0,1046,0.0139033097082719,0.00970315520971342,0.00420015449855852,902,0.0107235984050756,0.00970315520973979,0.00102044319533578,1057,0.0203558463785661,0.0112178873325864,0.00913795904597976,915,0.0136763625869438,0.0134629948746084,0.000213367712335402,1012,63.8506508120782,58.7640758932758,5.08657491880232,907,59.6387040719406,58.7212503170215,0.917453754919097
Alistipes_putredinis_DSM_17216_AND_Prevotella_ruminicola_23,858,0.0318317653005746,0,0.0318317653005746,518,0.0318317653005746,0,0.0318317653005746,842,0.0318317653005746,0,0.0318317653005746,602,0.0318317653005746,0.0318317653005746,0,830,0.0318317653005746,0,0.0318317653005746,1021,0.0318317653005746,0.0156251311943505,0.0162066341062242,808,0.0318317653005746,0,0.0318317653005746,1021,0.0318317653005746,0.00970315520973962,0.022128610090835,836,0.0191140850928486,0,0.0191140850928486,1005,0.0191140850928486,0.00229556899384639,0.0168185160990022,1153,131.344987118412,55.071537940488,76.2734491779239,1036,85.6670620174796,37.6304785988477,48.0365834186319
Alistipes_putredinis_DSM_17216_AND_Pseudoflavonifractor_capillosus_strain_ATCC_29799,948,0.0241064912668668,0.0207472323192086,0.0033592589476582,788,0.0241064912640886,0.0207472323192086,0.00335925894487998,949,0.0305139711422649,0.0207472323192086,0.00976673882305633,805,0.0264131986724341,0.0207472323192086,0.00566596635322545,732,0.0156251311942906,0.0156251311942906,0,539,0.0156251311943507,0.0156251311943507,0,726,0.00970315520971359,0.00970315520971359,0,539,0.00970315520973979,0.00970315520973979,0,773,0.0218960201793722,0.0218960201793722,0,819,0.0203558463785661,0.0112178873325864,0.00913795904597976,914,90.8492369610846,60.1452519003228,30.7039850607619,810,77.1696313930214,57.7189558165967,19.4506755764247
Alistipes_putredinis_DSM_17216_AND_Roseburia_intestinalis_L1_82,973,0.0861855667769117,0.0207472323192086,0.0654383344577031,783,0.05314454126638,0.00875309760819097,0.044391443658189,979,0.070114643602747,0.0207472323192086,0.0493674112835384,799,0.0602661674756064,0.0207472323192086,0.0395189351563978,962,0.0330977076731869,0.0156251311943507,0.0174725764788361,539,0.0156251311943534,0.0156251311943534,0,994,0.0517158845597317,0.00970315520973858,0.0420127293499931,539,0.00970315520974144,0.00970315520974144,0,1033,5.34866448384895,0.0218960201793722,5.32676846366958,806,0.0284979468448596,0.000902110012902972,0.0275958368319567,919,114.606146160189,60.1452519003227,54.4608942598667,819,64.8479152013182,51.0794580257044,13.7684571756139
Alistipes_putredinis_DSM_17216_AND_Roseburia_inulinivorans_DSM_16841,947,0.0305253350970823,0.0207472323192086,0.00977810277787364,785,0.0299800169903265,0.0207472323192086,0.0092327846711179,947,0.0305253350967664,0.0207472323192086,0.00977810277755782,802,0.0299800169903265,0.0207472323192086,0.0092327846711179,960,0.0254032339711171,0.015625131194353,0.00977810277676411,806,0.0254032339701901,0.0156251311943507,0.00977810277583933,964,0.0194812579859708,0.00970315520974031,0.00977810277623053,802,0.0194812579855789,0.00970315520973979,0.00977810277583911,1020,0.111351051250429,0.0135700234924247,0.0977810277580039,828,0.0333490233804743,0.0122515645629077,0.0210974588175666,941,108.788384311509,60.1452519003226,48.6431324111863,829,93.424548997246,50.2894119900479,43.1351370071981
Alistipes_putredinis_DSM_17216_AND_Ruminococcus_bromii_L2_63,961,0.0861855667769117,0.0207472323192086,0.0654383344577031,798,0.0589488878681233,0.0207472323192086,0.0382016555489147,964,0.070114643602747,0.0207472323192086,0.0493674112835384,816,0.0615507741906238,0.0207472323192086,0.0408035418714152,971,0.0330977076731884,0.0156251311943533,0.0174725764788351,821,0.0330977076731867,0.0156251311943505,0.0174725764788362,972,0.0517158845597327,0.00970315520974031,0.0420127293499924,829,0.0192417173802059,0.00970315520973979,0.00953856217046612,950,0.020060434182564,0.0135700234924247,0.00649041069013932,836,0.0148619677811286,0.0135700234924247,0.0012919442887039,944,76.8282947774323,60.1452519003228,16.6830428771096,829,60.2030083058385,58.7078422225496,1.49516608328898
Alistipes_putredinis_DSM_17216_AND_Ruminococcus_callidus_ATCC_2776001,1070,0.0642759713851568,0.0207472323192086,0.0435287390659482,930,0.0319536509980934,0.0207472323192086,0.0112064186788848,1070,0.0642759713851604,0.0207472323192086,0.0435287390659518,945,0.0319536509980934,0.0207472323192086,0.0112064186788848,1059,0.0328109617362898,0.015625131194353,0.0171858305419368,941,0.0320366877901279,0.0143558251879229,0.0176808626022049,1070,0.0510264052803766,0.00970315520974031,0.0413232500706363,951,0.0201191031759975,0.00970315520973979,0.0104159479662577,662,0.102675209519706,0,0.102675209519706,956,0.0373833621811797,0.0135700234924247,0.023813338688755,1062,92.2794755184989,56.3734828797079,35.905992638791,968,63.476249858053,49.4062908106239,14.0699590474292
Alistipes_putredinis_DSM_17216_AND_Ruminococcus_torques_ATCC_27756,987,0.0861855667769117,0.0207472323192086,0.0654383344577031,783,0.0578367097921316,0.0207472323192086,0.037089477472923,999,0.070114643602747,0.0207472323192086,0.0493674112835384,804,0.0603628464937695,0.0207472323192086,0.0396156141745608,976,0.0330977076731504,0.0156251311942903,0.0174725764788601,539,0.0156251311943507,0.0156251311943507,0,991,0.0517158845597164,0.00970315520971324,0.0420127293500031,539,0.00970315520973979,0.00970315520973979,0,786,0.0218960201793722,0.0218960201793722,0,833,0.0198208908884608,0.00750900344722717,0.0123118874412336,940,97.3318892457368,60.1452519003226,37.1866373454141,829,77.7959371668614,54.3008685220404,23.4950686448209
Alistipes_putredinis_DSM_17216_AND_Shigella_flexneri_2002017,1073,0.185783282412536,0,0.185783282412536,1016,0.185783282412536,0.0207472323192086,0.165036050093327,1418,0.11730511273623,0.0207472323192086,0.0965578804170217,1037,0.0690261725205044,0.0207472323192086,0.0482789402012958,982,0.0596911214264911,0,0.0596911214264911,1030,0.0596911214264911,0.0156251311943525,0.0440659902321387,1384,0.062681390085527,0.00970315520971324,0.0529782348758138,1039,0.0626813900855402,0.00970315520973962,0.0529782348758006,1457,6.75136690257365,0.0466812727182194,6.70468562985543,533,6.72802626621454,0,6.72802626621454,1342,164.1886244812,51.5818691951943,112.606755286006,1078,91.828510894492,24.9344165158005,66.8940943786915
Alistipes_putredinis_DSM_17216_AND_Streptococcus_salivarius_JIM8777,788,0.0292193126693009,0.0292193126693009,0,903,0.0219604481930672,0.0173194930702669,0.00464095512280033,1128,0.0371152286289005,0.0318317653005746,0.0052834633283259,923,0.0242745467568172,0.0107813932614852,0.013493153495332,778,0.0156251311932507,0.0156251311932507,0,547,0.0156251311943507,0.0156251311943507,0,785,0.00970315520971359,0.00970315520971359,0,547,0.00970315520973979,0.00970315520973979,0,773,0.0218960201793722,0.0218960201793722,0,937,0.0179166454615388,0.00319231144612865,0.0147243340154102,1113,103.903747265678,60.1452519003223,43.758495365356,969,88.5979713251703,58.7212503170214,29.876721008149
Alistipes_putredinis_DSM_17216_AND_Subdoligranulum_variabile_DSM_15176,978,0.0241064912784284,0.0207472323192086,0.00335925895921978,778,0.0235924415558959,0.0207472323192086,0.00284520923668725,991,0.0305139711423577,0.0207472323192086,0.00976673882314905,795,0.0235924415558958,0.0207472323192086,0.00284520923668722,801,0.0156251311657148,0.0156251311657148,0,539,0.0156251311943507,0.0156251311943507,0,794,0.00970315522479025,0.00970315522479025,0,539,0.00970315520973979,0.00970315520973979,0,1011,0.820385738416887,0.0218960201793722,0.798489718237515,801,0.0620212404871303,0.0135700234924247,0.0484512169947056,920,103.000626195449,60.1452519003228,42.8553742951259,816,78.3332694741948,45.1720263656191,33.1612431085757
Alistipes_putredinis_DSM_17216_AND_Veillonella_atypica_ACS_049_V_Sch6,874,0.0292193126692999,0.0292193126692999,0,1031,0.0210980309220617,0.0197561093332811,0.00134192158878061,1259,0.0371152286349483,0.0318317653005746,0.00528346333437363,1042,0.0238530155042318,0.0119723595604566,0.0118806559437752,839,0.0156251311942903,0.0156251311942903,0,539,0.0156251311943507,0.0156251311943507,0,849,0.00970315520973979,0.00970315520973979,0,539,0.00970315520973979,0.00970315520973979,0,886,0.102675209519706,0,0.102675209519706,519,0.102675209519706,0,0.102675209519706,1256,114.213886224121,60.1452519003224,54.0686343237988,1083,80.3165790179234,58.1860272769981,22.1305517409253
Alistipes_shahii_WAL_8301_AND_Bacteroides_caccae_ATCC_43185,1048,0.0253567675149344,0.00943816075214993,0.0159186067627845,890,0.0253567675151166,0.00943816075233213,0.0159186067627845,1039,0.0293399411011073,0.0134213343383228,0.0159186067627845,890,0.0258354315043766,0.00991682474159209,0.0159186067627845,1051,0.0293399411011073,0.0134213343383228,0.0159186067627845,890,0.0258354315043766,0.00991682474159209,0.0159186067627845,1057,0.0293399411011073,0.0134213343383228,0.0159186067627845,890,0.0258354315043766,0.00991682474159209,0.0159186067627845,1077,0.0291332197758745,0.0103953993591454,0.0187378204167291,873,0.0175737517454411,0.0103953993591653,0.00717835238627575,1055,102.280006211463,50.1100328629112,52.1699733485517,885,61.8734907356497,23.3921781218094,38.4813126138403
Alistipes_shahii_WAL_8301_AND_Bacteroides_coprocola_M16_DSM_17136,1090,0.0150607586662765,0.00943816075233214,0.00562259791394437,902,0.0150607586660515,0.00943816075233214,0.00562259791371936,1101,0.01904393225315,0.0134213343383228,0.00562259791482718,902,0.0190439322520422,0.0134213343383228,0.00562259791371935,1113,0.0190439322519603,0.0134213343383228,0.00562259791363743,897,0.0190218372863899,0.0134213343383228,0.00560050294806704,1104,0.0190439322525741,0.0134213343383228,0.00562259791425122,902,0.0190439322520422,0.0134213343383228,0.00562259791371935,1098,0.0204476485885421,0.0103953993591653,0.0100522492293768,887,0.0191794313568288,0.0103953993591653,0.00878403199766351,1068,115.164962761519,49.9672239994176,65.1977387621014,905,84.2580777045141,46.115013409683,38.1430642948312
Alistipes_shahii_WAL_8301_AND_Bacteroides_eggerthii_DSM_20697,1099,0.0152071744291052,0.00943816075214993,0.00576901367695532,906,0.0152071744291405,0.00943816075233214,0.00576901367680841,1073,0.0191903480152047,0.0134213343383228,0.00576901367688186,906,0.0190218372863899,0.0134213343383228,0.00560050294806705,1097,0.0191903480151313,0.0134213343383228,0.00576901367680841,906,0.0190218372863899,0.0134213343383228,0.00560050294806705,1092,0.0191903480152047,0.0134213343383228,0.00576901367688186,906,0.0191903480151313,0.0134213343383228,0.00576901367680841,1089,0.0207796239774205,0.0103953993591653,0.0103842246182551,891,0.0207796239774205,0.0103953993591653,0.0103842246182551,1058,70.162161934928,66.6229653325568,3.53919660237126,886,47.8699167538182,44.6983691233044,3.17154763051379
Alistipes_shahii_WAL_8301_AND_Bacteroides_fragilis_NCTC_9343,1323,0.185783282412536,0.00648895283441951,0.179294329578116,1014,0.185783282412536,0.00943816075233213,0.176345121660203,1372,0.145252274036523,0.0134213343383228,0.1318309396982,522,0.145252274036523,0,0.145252274036523,1304,0.0596911214264912,0.0134213343383228,0.0462697870881683,1017,0.0596911214264912,0.0134213343383228,0.0462697870881683,1309,0.115659624961341,0.0134213343383228,0.102238290623018,1027,0.115659624961341,0.0134213343383228,0.102238290623018,1337,0.0322914195385375,0.0103953993591653,0.0218960201793722,1040,0.0251791749041114,0.00574503323301544,0.019434141671096,1321,102.037915695423,65.9878338725598,36.0500818228634,1079,60.2518567624252,39.1788308507568,21.0730259116683
Alistipes_shahii_WAL_8301_AND_Bacteroides_intestinalis_341_DSM_17393,1083,0.0412753742779011,0.00943816075233214,0.031837213525569,866,0.0412753742779013,0.00943816075233214,0.0318372135255692,1088,0.0422755300381101,0.0104383165125412,0.031837213525569,863,0.0422755300381101,0.0104383165125412,0.031837213525569,1089,0.0306903188304645,0.011636024184154,0.0190542946463105,870,0.0272653842001277,0.0059608168803386,0.0213045673197891,1107,0.0422755300381101,0.0104383165125412,0.0318372135255689,865,0.0422755300381102,0.0104383165125412,0.031837213525569,1092,0.0291332197758745,0.0103953993591454,0.0187378204167291,886,0.0291332197758944,0.0103953993591653,0.0187378204167291,1086,104.040328839818,50.1100328629112,53.9302959769068,884,63.9441881281485,23.7439659222298,40.2002222059187
Alistipes_shahii_WAL_8301_AND_Bacteroides_stercoris_ATCC_43183,1112,0.0208117127854228,0.00943816075233214,0.0113735520330907,911,0.017763189079707,0.00943816075233213,0.00832502832737484,1104,0.0247948863714136,0.0134213343383228,0.0113735520330907,908,0.0190218372863899,0.0134213343383228,0.00560050294806704,1105,0.0247948863714135,0.0134213343383228,0.0113735520330907,912,0.0190218372863899,0.0134213343383228,0.00560050294806705,1091,0.0247948863714135,0.0134213343383228,0.0113735520330907,927,0.0246287362094009,0.0132551841763102,0.0113735520330907,1119,0.0291332197758745,0.0103953993591454,0.0187378204167291,921,0.0246433362579024,0.0103953993591653,0.0142479368987371,1142,76.1833044569062,66.6229653325567,9.56033912434944,894,55.8711427063386,46.3108035819892,9.56033912434942
Alistipes_shahii_WAL_8301_AND_Bacteroides_thetaiotaomicron_VPI_5482,1261,0.039080422037118,0.00943816075233214,0.0296422612847858,1045,0.0369116904429179,0.0050799251423433,0.0318317653005746,1248,0.0390804220372937,0.0134213343383228,0.0256590876989709,1037,0.0386181769549635,0.00678641165438887,0.0318317653005746,1250,0.0390804220372936,0.0134213343383228,0.0256590876989707,1028,0.0386181769549634,0.00678641165438877,0.0318317653005746,1240,0.0390804220372936,0.0134213343383228,0.0256590876989708,1055,0.0369116904429179,0.00507992514234326,0.0318317653005746,1237,0.0322914195385176,0.0103953993591454,0.0218960201793722,1040,0.0322914195385375,0.0103953993591653,0.0218960201793722,1278,124.040623049996,50.788026988293,73.2525960617033,1053,77.9948857748798,12.3536469413757,65.6412388335041
Alistipes_shahii_WAL_8301_AND_Bacteroides_uniformis_ATCC_8492,1106,0.0253567675149344,0.00943816075214993,0.0159186067627845,906,0.0253567675151166,0.00943816075233214,0.0159186067627845,1081,0.02933994110131,0.0134213343383228,0.0159186067629872,902,0.0258354315043766,0.00991682474159209,0.0159186067627845,1104,0.0293399411011073,0.0134213343383228,0.0159186067627844,903,0.0258354315043766,0.00991682474159209,0.0159186067627845,1083,0.02933994110131,0.0134213343383228,0.0159186067629872,906,0.0258354315043766,0.00991682474159211,0.0159186067627845,1105,0.0390488915321575,0.0103953993591454,0.0286534921730121,860,0.0390488915321773,0.0103953993591653,0.028653492173012,1070,121.80747534631,50.4028346730271,71.4046406732831,902,68.0818870066258,39.125673643217,28.9562133634088
Alistipes_shahii_WAL_8301_AND_Bifidobacterium_adolescentis_ATCC_15703,1112,0.0386574734216611,0.00943816075233213,0.029219312669329,956,0.0386574734216618,0.00943816075233213,0.0292193126693297,1104,0.0588003671383821,0.0134213343383228,0.0453790328000592,931,0.058800367130539,0.0134213343383228,0.0453790327922161,1090,0.0290464655407517,0.0134213343383228,0.0156251312024289,951,0.0290464655326736,0.0134213343383228,0.0156251311943507,1123,0.0231244895447825,0.0134213343383228,0.00970315520645966,946,0.0231244895480628,0.0134213343383228,0.00970315520973997,1163,0.0828026194277486,0.0103953993591653,0.0724072200685832,918,0.0828026194277486,0.0103953993591653,0.0724072200685832,1103,106.126753028436,50.307416040456,55.81933698798,943,60.1282307131481,32.7893528624957,27.3388778506524
Alistipes_shahii_WAL_8301_AND_Bifidobacterium_bifidum_PRL2010,1163,0.0386574734285041,0.00943816075214993,0.0292193126763542,946,0.0353630842478829,0.00943816075233214,0.0259249234955508,1161,0.0588003671383821,0.0134213343383228,0.0453790328000592,938,0.0393462578338736,0.0134213343383228,0.0259249234955508,1153,0.0290464655407517,0.0134213343383228,0.0156251312024289,943,0.0290464655326736,0.0134213343383228,0.0156251311943507,1137,0.0231244895447823,0.0134213343383228,0.00970315520645948,938,0.0231244895480628,0.0134213343383228,0.00970315520973997,1269,6.72802626621454,0.00714707641738158,6.72087918979716,585,6.72802626621454,0,6.72802626621454,1105,121.022434298556,46.576468850659,74.4459654478966,941,63.7961931278839,34.9497191871627,28.8464739407212
Alistipes_shahii_WAL_8301_AND_Bifidobacterium_longum_NCC2705,995,0.0793606476552902,0.00943816075214993,0.0699224869031403,792,0.0283049176775639,0.00943816075233214,0.0188667569252318,997,0.0656935325578375,0.0134213343383228,0.0522721982195146,792,0.0322880912635546,0.0134213343383228,0.0188667569252318,961,0.0317677368428063,0.0134213343383228,0.0183464025044835,779,0.0206273222390033,0.0134213343383228,0.0072059879006805,974,0.0539597709549867,0.0134213343383228,0.0405384366166639,769,0.0322872041846533,0.0134213343383228,0.0188658698463304,982,0.0291332197758745,0.0103953993591454,0.0187378204167291,768,0.0291332197758944,0.0103953993591653,0.0187378204167291,968,118.984760772903,62.4861950609698,56.4985657119335,783,70.4334356953674,44.648687405422,25.7847482899454
Alistipes_shahii_WAL_8301_AND_Bilophila_wadsworthia_3_1_6,1058,0.0210238909879867,0.00943816075233214,0.0115857302356545,869,0.00969143934216276,0.00943816075233214,0.000253278589830624,1054,0.0314145444524655,0.0134213343383228,0.0179932101141427,872,0.0135926008746772,0.0134213343383228,0.000171266536354317,1027,0.0196168447191872,0.0134213343383228,0.00619551038086432,872,0.0135926008746772,0.0134213343383228,0.000171266536354317,1050,0.0172687259557073,0.0134213343383228,0.00384739161738447,872,0.0135926008746772,0.0134213343383228,0.000171266536354317,1083,0.0633076865777476,0.0103953993591653,0.0529122872185823,845,0.0126349761713785,0.0103953993591653,0.00223957681221322,1038,86.742838307361,64.6180099761802,22.1248283311808,861,57.0838386735731,45.5926874334366,11.4911512401366
Alistipes_shahii_WAL_8301_AND_Blautia_wexlerae_DSM_19850,1119,0.0520489983586386,0.00943816075233214,0.0426108376063065,953,0.0243222494233973,0.00943816075233213,0.0148840886710652,1130,0.0560321719439329,0.0134213343383228,0.0426108376056101,953,0.0283054230093881,0.0134213343383228,0.0148840886710652,1112,0.0314666503727465,0.0134213343383228,0.0180453160344236,950,0.0314666503727465,0.0134213343383228,0.0180453160344236,1140,0.0532944865876742,0.0134213343383228,0.0398731522493514,951,0.0339675702360709,0.0134213343383228,0.0205462358977481,734,0.102675209519706,0,0.102675209519706,930,0.017048958443874,0.0103953993591653,0.00665355908470864,1098,96.5100229001233,66.4336357417345,30.0763871583889,971,60.0613822236535,46.8724835335403,13.1888986901132
Alistipes_shahii_WAL_8301_AND_Citrobacter_amalonaticus_Y19,1358,0.185783282412536,0.00943816075214992,0.176345121660386,516,0.185783282412536,0,0.185783282412536,1313,0.145252274036523,0.0195402110186468,0.125712063017876,1008,0.142811254074032,0.000707775973311787,0.14210347810072,1343,0.0596911214264912,0.0195402110186469,0.0401509104078443,518,0.0596911214264911,0,0.0596911214264911,1364,0.0836198203137761,0.0195402110186468,0.0640796092951293,1005,0.0796459370708586,0.00761856128989428,0.0720273757809643,1375,8.97416682140577,0.0103953993591454,8.96377142204663,1001,4.49228111038247,0.0103953993591653,4.48188571102331,1273,183.322007199882,58.6648882920429,124.657118907839,1036,104.49362521963,0.568645755733908,103.924979463896
Alistipes_shahii_WAL_8301_AND_Clostridium_clostridioforme_CM201,1120,0.0208337552585333,0.00943816075214993,0.0113955945063833,927,0.0208337552559758,0.00943816075233214,0.0113955945036436,1123,0.031016293715884,0.0133183737641102,0.0176979199517739,934,0.0310162937158842,0.0133183737641102,0.017697919951774,1157,0.0194797170728036,0.0133858824482811,0.00609383462452255,914,0.0166546774716917,0.0134024137566668,0.00325226371502494,1165,0.0171835701385276,0.0133993188309266,0.00378425130760093,930,0.0149071663982086,0.0134126396821553,0.0014945267160533,1138,0.0297034005948774,0.0103953993591653,0.0193080012357121,921,0.0297034005948774,0.0103953993591653,0.0193080012357121,1170,114.678294170492,50.1100328629112,64.5682613075813,956,84.0385567357693,44.5654209709222,39.4731357648471
Alistipes_shahii_WAL_8301_AND_Collinsella_tanakaei_YIT_12063,1100,0.01323710714057,0.00943816075233213,0.0037989463882379,930,0.01323710714057,0.00943816075233214,0.00379894638823789,739,0.0134213343383228,0.0134213343383228,0,512,0.0134213343383228,0.0134213343383228,0,716,0.0134213343383228,0.0134213343383228,0,512,0.0134213343383228,0.0134213343383228,0,718,0.0134213343383228,0.0134213343383228,0,512,0.0134213343383228,0.0134213343383228,0,1144,0.0639494772018574,0.0103953993591653,0.053554077842692,927,0.0280719584882455,0.0103953993591653,0.0176765591290802,1126,120.704701223377,62.2413420229972,58.4633592003799,964,78.4954073344978,31.8368567598168,46.658550574681
Alistipes_shahii_WAL_8301_AND_Coprococcus_catus_GD_7,1126,0.0208337552513738,0.00943816075214993,0.0113955944992239,918,0.0208337552559758,0.00943816075233214,0.0113955945036436,1108,0.0311192542859963,0.0134213343383228,0.0176979199476734,931,0.0293164428984175,0.0134213343383228,0.0158951085600946,1118,0.019515168955686,0.0134213343383228,0.00609383461736311,912,0.0195151689596948,0.0134213343383228,0.00609383462137198,1098,0.0172055856374851,0.0134213343383228,0.00378425129916225,930,0.0172055856459238,0.0134213343383228,0.00378425130760094,1144,0.0639494772018547,0.0103953993591454,0.0535540778427093,915,0.0347682058065851,0.0103953993591653,0.0243728064474197,1119,115.356824643858,66.6229653325568,48.7338593113007,968,64.515927809675,44.4340850260053,20.0818427836697
Alistipes_shahii_WAL_8301_AND_Desulfovibrio_desulfuricans_subsp_desulfuricans_DSM_642,1237,0.185783282412536,0.00744356327541724,0.178339719137118,496,0.0853453615821155,0,0.0853453615821155,1246,0.116701602071519,0.0195402110186468,0.0971613910528725,500,0.0894339866702928,0,0.0894339866702928,850,0.0596911214264911,0,0.0596911214264911,985,0.0596911214264912,0.0134213343383228,0.0462697870881683,1250,0.0675999179899938,0.0195402110186468,0.048059706971347,984,0.0433102564111084,0.0134213343383228,0.0298889220727855,1300,6.73322396589412,0.0103953993591454,6.72282856653497,501,0.0913520820692535,0,0.0913520820692535,1163,122.757018505559,60.7340233389351,62.0229951666239,996,53.1734505930061,41.8780997594092,11.2953508335969
Alistipes_shahii_WAL_8301_AND_Desulfovibrio_piger_ATCC_29098,1052,0.01075505056095,0.00943816075233214,0.0013168898086179,868,0.0106661923718868,0.00943816075233213,0.00122803161955462,1061,0.0147757248421809,0.0134213343383228,0.00135439050385801,868,0.0146493659578775,0.0134213343383228,0.00122803161955462,1057,0.0147757248424174,0.0134213343383228,0.00135439050409452,864,0.0146493659578775,0.0134213343383228,0.00122803161955462,1035,0.0147757248424311,0.0134213343383228,0.0013543905041082,863,0.0146493659578775,0.0134213343383228,0.00122803161955463,1094,0.0325936021802776,0.0103953993591653,0.0221982028211123,849,0.0292384195407302,0.00713808709783434,0.0221003324428958,1066,85.2500994758505,50.1100328629112,35.1400666129393,864,58.1517457648383,38.9610074914757,19.1907382733626
Alistipes_shahii_WAL_8301_AND_Dialister_invisus_DSM_15470,710,0.00943816075233214,0.00943816075233214,0,569,0.00943816075233214,0.00943816075233214,0,1115,0.0265440644440649,0.0134213343383228,0.013122730105742,565,0.0134213343383228,0.0134213343383228,0,1121,0.0290464655326736,0.0134213343383228,0.0156251311943507,517,0.0134213343383228,0.0134213343383228,0,1111,0.0187471434587615,0.0134213343383228,0.0053258091204387,565,0.0134213343383228,0.0134213343383228,0,718,0.0103953993591653,0.0103953993591653,0,492,0.0103953993591653,0.0103953993591653,0,1111,73.9954063380052,66.6229653325568,7.37244100544844,962,49.8875659481422,46.8724835335403,3.01508241460195
Alistipes_shahii_WAL_8301_AND_Dorea_longicatena_DSM_13814,968,0.021023890987806,0.00943816075214993,0.0115857302356561,795,0.0173813000666052,0.00943816075233214,0.00794313931427309,967,0.0314145444493558,0.0134213343383228,0.0179932101110329,795,0.0144985005092781,0.0134213343383228,0.00107716617095526,964,0.0196168447191872,0.0134213343383228,0.00619551038086437,795,0.0144985005092781,0.0134213343383228,0.00107716617095526,938,0.0172687259557072,0.0134213343383228,0.00384739161738439,788,0.0172687259570079,0.0134213343383228,0.0038473916186851,961,0.0187962569187411,0.0103953993591454,0.00840085755959571,781,0.018796256918705,0.0103953993591653,0.00840085755953968,947,105.936338354367,66.1684682411003,39.7678701132663,793,48.2893891936659,44.5887338478572,3.70065534580876
Alistipes_shahii_WAL_8301_AND_Enterobacter_cloacae_EcWSU1,1370,0.185783282412536,0.00648895283429424,0.179294329578241,1011,0.185783282412536,0.00943816075233214,0.176345121660203,1395,0.116701602071519,0.0195402110186468,0.0971613910528725,1023,0.0635317490348401,0.0134213343383228,0.0501104146965172,1348,0.0596911214264911,0.0192130427606569,0.0404780786658343,1017,0.0596911214264912,0.0134213343383228,0.0462697870881683,1356,0.0675999179899938,0.0195402110186468,0.048059706971347,1020,0.0645404796498318,0.0134213343383228,0.051119145311509,1440,6.73322396589413,0.0103953993591653,6.72282856653496,1007,6.73322396589413,0.0103953993591653,6.72282856653496,1307,191.193397686602,43.3153787238268,147.878018962775,1047,132.055222970148,20.5455984825956,111.509624487552
Alistipes_shahii_WAL_8301_AND_Enterococcus_faecium_TX1330,959,0.0210238909852027,0.00943816075233214,0.0115857302328706,770,0.017763189079707,0.00943816075233213,0.00832502832737484,1000,0.0314145444524656,0.0134213343383228,0.0179932101141428,776,0.0263862310542515,0.00839302094321858,0.0179932101110329,963,0.019616844715984,0.0134213343383228,0.00619551037766119,778,0.0190218372863899,0.0134213343383228,0.00560050294806704,1000,0.0172687259557073,0.0134213343383228,0.0038473916173845,772,0.0172687259570082,0.0134213343383228,0.0038473916186853,998,0.0286169737031886,0.0103953993591653,0.0182215743440233,760,0.0286169737031886,0.0103953993591653,0.0182215743440233,939,108.512566579745,50.1100328629112,58.402533716834,776,65.5153461547866,44.6017822783935,20.9135638763931
Alistipes_shahii_WAL_8301_AND_Escherichia_coli_str_K_12_substr_MG1655,1337,0.0793606476554002,0.00943816075233214,0.0699224869030681,837,0.0793606476554002,0.00943816075233214,0.0699224869030681,1303,0.0656935325578375,0.0134213343383228,0.0522721982195146,842,0.0656935325578375,0.0134213343383228,0.0522721982195146,1310,0.0317677368428063,0.0134213343383228,0.0183464025044835,896,0.0164081229156689,0.0134213343383228,0.00298678857734602,1301,0.0539597709549867,0.0134213343383228,0.0405384366166639,838,0.0539597709549867,0.0134213343383228,0.0405384366166639,1367,5.34172396654114,0.0103953993591454,5.33132856718199,892,0.293691551435525,0.00140670231296397,0.292284849122561,1266,189.160217737188,66.4415666645276,122.71865107266,911,114.5561924236,38.48957390588,76.0666185177197
Alistipes_shahii_WAL_8301_AND_Eubacterium_rectale_M104_1,994,0.0471676598644274,0.00943816075214993,0.0377294991122775,783,0.0110350317371328,0.00943816075233214,0.00159687098480069,992,0.0511508334475121,0.0134213343383228,0.0377294991091892,783,0.0145011356857421,0.0134213343383228,0.00107980134741927,973,0.0317677368428063,0.0134213343383228,0.0183464025044835,783,0.0145011356857421,0.0134213343383228,0.00107980134741927,1003,0.0511508334542291,0.0134213343383228,0.0377294991159063,783,0.0145011356857421,0.0134213343383228,0.00107980134741927,965,0.0291332197758745,0.0103953993591454,0.0187378204167291,771,0.0273987571710787,0.00917718282705542,0.0182215743440233,950,127.728405170578,66.6229653325568,61.1054398380216,778,62.462339283796,24.0274149527801,38.4349243310159
Alistipes_shahii_WAL_8301_AND_Faecalibacterium_prausnitzii_L2_6,968,0.0210238909950849,0.00943816075214993,0.0115857302429349,775,0.0191084409878913,0.00943816075233214,0.00967028023555916,965,0.0314145444558615,0.0134213343383228,0.0179932101175387,776,0.0314145444493557,0.0134213343383228,0.0179932101110328,928,0.019616844722584,0.0134213343383228,0.00619551038426114,774,0.019616844715984,0.0134213343383228,0.00619551037766117,934,0.0172687259557073,0.0134213343383228,0.00384739161738448,774,0.0172687259570079,0.0134213343383228,0.00384739161868509,936,0.0291332197758745,0.0103953993591454,0.0187378204167291,774,0.0270619131303012,0.00832409271357204,0.0187378204167291,938,122.11931434683,62.5715068202861,59.5478075265434,780,79.183010670643,39.484472319614,39.698538351029
Alistipes_shahii_WAL_8301_AND_Fusobacterium_varium_ATCC_27725,1086,0.0250070645739789,0.0134213343383228,0.0115857302356561,893,0.0199700190965537,0.00838428886368318,0.0115857302328706,1085,0.0314145444524656,0.0134213343383228,0.0179932101141427,887,0.0189065431874303,0.0134213343383228,0.00548520884910746,1080,0.0196168447191872,0.0134213343383228,0.00619551038086434,884,0.019616844715984,0.0134213343383228,0.00619551037766116,1139,0.0172687259484285,0.0134213343383228,0.00384739161010565,885,0.0172687259570079,0.0134213343383228,0.00384739161868504,872,0.072225046961287,0.072225046961287,0,872,0.0269594860367133,0.00873791169268998,0.0182215743440233,1098,126.698059771767,66.6229653325568,60.0750944392098,922,84.0995143768188,44.437167061684,39.6623473151348
Alistipes_shahii_WAL_8301_AND_Haemophilus_parainfluenzae_T3T1,1222,0.0386574734286863,0.00943816075233214,0.0292193126763542,1054,0.0118502865407452,0.00919708793423061,0.00265319860651463,1225,0.0588003671383821,0.0134213343383228,0.0453790328000592,1022,0.0588003671305423,0.0134213343383228,0.0453790327922194,1235,0.0290464655326733,0.0134213343383228,0.0156251311943505,1047,0.0151809389074652,0.0134213343383228,0.00175960456914238,1208,0.0231244895447823,0.0134213343383228,0.00970315520645948,1046,0.0206191321843667,0.0134213343383228,0.00719779784604384,1234,0.0357298136275074,0.0103953993591653,0.0253344142683421,1050,0.0334278982610419,0.00809348399269978,0.0253344142683421,1220,138.472657269854,60.8728644939961,77.5997927758579,1037,91.8083785463633,38.2170705725823,53.591307973781
Alistipes_shahii_WAL_8301_AND_Helicobacter_pylori_26695,1063,0.0793606476554002,0.00943816075233213,0.0699224869030681,881,0.0618595437224901,0.00943816075233213,0.0524213829701579,1072,0.0656935325578375,0.0134213343383228,0.0522721982195146,867,0.0656435457127241,0.0134213343383228,0.0522222113744013,1028,0.0317677368428063,0.0134213343383228,0.0183464025044835,886,0.019616844715984,0.0134213343383228,0.00619551037766119,1070,0.0539597709549867,0.0134213343383228,0.0405384366166639,879,0.0172687259570079,0.0134213343383228,0.00384739161868507,1015,0.0286169737031886,0.0103953993591653,0.0182215743440233,849,0.0286169737031886,0.0103953993591653,0.0182215743440233,1045,98.9051609817499,66.4336357417345,32.4715252400154,878,48.0634724580966,44.6139669366757,3.44950552142096
Alistipes_shahii_WAL_8301_AND_Klebsiella_pneumoniae_pneumoniae_MGH78578,1217,0.0793606476552902,0.00943816075214992,0.0699224869031403,847,0.0793606476554002,0.00943816075233214,0.0699224869030681,1206,0.0656935325578375,0.0134213343383228,0.0522721982195146,850,0.0656935325578375,0.0134213343383228,0.0522721982195146,1184,0.0317677368428063,0.0134213343383228,0.0183464025044835,878,0.0272653842001278,0.00596081688033861,0.0213045673197891,1185,0.0539597709549867,0.0134213343383228,0.0405384366166639,851,0.0539597709549867,0.0134213343383228,0.0405384366166639,1307,5.34172396654114,0.0103953993591454,5.33132856718199,840,2.67399874650718,0.0103953993591653,2.66360334714801,1225,151.574098039108,50.1100328629112,101.464065176197,890,101.554642124033,33.6938252808571,67.8608168431758
Alistipes_shahii_WAL_8301_AND_Lactobacillus_mucosae_LM1,1090,0.0105927414252952,0.00943816075214993,0.0011545806731453,906,0.0105927414255347,0.00943816075233214,0.00115458067320255,706,0.0134213343383228,0.0134213343383228,0,526,0.0134213343383228,0.0134213343383228,0,694,0.0134213343383228,0.0134213343383228,0,516,0.0134213343383228,0.0134213343383228,0,704,0.0134213343383228,0.0134213343383228,0,516,0.0134213343383228,0.0134213343383228,0,1053,0.0129932058738095,0.0103953993591454,0.00259780651466407,896,0.0129932058738711,0.0103953993591653,0.00259780651470575,1091,102.439781583536,58.3818317220755,44.0579498614604,936,73.7392029905872,45.1839057797551,28.5552972108321
Alistipes_shahii_WAL_8301_AND_Lactobacillus_reuteri_SD2112_ATCC_55730,956,0.021023890987806,0.00943816075214993,0.0115857302356561,761,0.0210238909852027,0.00943816075233213,0.0115857302328705,943,0.0314145444524658,0.0134213343383228,0.017993210114143,760,0.0165745270342168,0.0134213343383228,0.00315319269589399,944,0.0196168447191873,0.0134213343383228,0.00619551038086444,759,0.0165745270342168,0.0134213343383228,0.00315319269589399,931,0.0172687259570079,0.0134213343383228,0.0038473916186851,754,0.0172687259570079,0.0134213343383228,0.00384739161868509,944,0.022802429347764,0.0103953993591454,0.0124070299886186,752,0.0228024293477839,0.0103953993591653,0.0124070299886186,951,116.730644598987,50.1100328629112,66.6206117360759,769,79.4506890597719,44.6344150805333,34.8162739792386
Alistipes_shahii_WAL_8301_AND_Megasphaera_elsdenii_DSM_20460,1242,0.0487595236879764,0.0195402110186468,0.0292193126693295,1023,0.0360025715116084,0.00678325884227936,0.0292193126693291,1251,0.0649192438111118,0.0195402110188956,0.0453790327922161,979,0.0551444762196846,0.00976544342746684,0.0453790327922178,1212,0.0351653422129979,0.0195402110186468,0.0156251311943511,1001,0.0277876512389466,0.0121625200445956,0.015625131194351,1223,0.029243366206749,0.0195402110186468,0.00970315518810217,512,0.0134213343383228,0.0134213343383228,0,1347,6.92342837639429,0.19540211018647,6.72802626620782,982,6.73842166557358,0.0103953993591653,6.72802626621442,1219,127.182253844288,66.4336357417345,60.7486181025537,1011,78.0191021220576,44.7750320704862,33.2440700515713
Alistipes_shahii_WAL_8301_AND_Parabacteroides_distasonis_ATCC_8503,1238,0.0412699260527246,0.00943816075214993,0.0318317653005746,1041,0.0369116904429179,0.00507992514234329,0.0318317653005746,1245,0.0452530996388975,0.0134213343383228,0.0318317653005746,1036,0.0369116904429179,0.00507992514234328,0.0318317653005746,1243,0.0452530996388975,0.0134213343383228,0.0318317653005746,1024,0.0369116904429179,0.00507992514234328,0.0318317653005746,1263,0.0452530996388975,0.0134213343383228,0.0318317653005746,1036,0.0369116904429179,0.00507992514234328,0.0318317653005746,1264,0.0322914195385375,0.0103953993591653,0.0218960201793722,1037,0.0271842276454716,0.0103953993591653,0.0167888282863063,1222,117.580442069436,56.9267409178179,60.6537011516176,1059,82.0275797666171,45.9534456680134,36.0741340986037
Alistipes_shahii_WAL_8301_AND_Parabacteroides_johnsonii_DSM_18315,1078,0.0412753742777189,0.00943816075214993,0.0318372135255689,880,0.0412753742779011,0.00943816075233214,0.031837213525569,1094,0.0513774245441869,0.0195402110186469,0.0318372135255401,873,0.0422755300381101,0.0104383165125412,0.0318372135255689,1085,0.0354604218002549,0.0195402110186468,0.015920210781608,875,0.0272653842001277,0.00596081688033859,0.0213045673197891,1092,0.0513774245442158,0.0195402110186468,0.031837213525569,888,0.0422755300381101,0.0104383165125412,0.0318372135255689,1101,0.0291332197758745,0.0103953993591454,0.0187378204167291,884,0.0291332197758944,0.0103953993591653,0.0187378204167291,1075,105.017211401276,49.7686591592009,55.2485522420751,900,54.7878102427578,18.4884213659124,36.2993888768454
Alistipes_shahii_WAL_8301_AND_Phascolarctobacterium_succinatutens_YIT_12067,1031,0.0133173318684502,0.00904999094820836,0.00426734092024185,886,0.0106792935687572,0.00931396662224039,0.00136532694651686,1029,0.0176886752583437,0.0134213343383228,0.00426734092002081,882,0.0148121039266886,0.0134213343383228,0.00139076958836571,1029,0.0176886752583163,0.0134213343383228,0.0042673409199934,888,0.0159431499006875,0.0134213343383228,0.00252181556236463,1016,0.0176820634385799,0.0134213343383228,0.00426072910025702,888,0.0144467061457029,0.0134213343383228,0.00102537180738004,1048,0.0274287728577203,0.00869095244099117,0.0187378204167291,873,0.0105658414726982,0.0103783440450675,0.000187497427630714,1065,83.3335559241513,66.6229653325568,16.7105905915945,512,46.8724835335403,46.8724835335403,0
Alistipes_shahii_WAL_8301_AND_Prevotella_ruminicola_23,1179,0.0452530996388975,0.0134213343383228,0.0318317653005746,1008,0.0412699260529068,0.00943816075233214,0.0318317653005746,1174,0.0452530996388975,0.0134213343383228,0.0318317653005746,1009,0.0386181769549634,0.00678641165438878,0.0318317653005746,1180,0.0452530996388975,0.0134213343383228,0.0318317653005746,1010,0.0386181769549634,0.00678641165438877,0.0318317653005746,1189,0.0452530996388975,0.0134213343383228,0.0318317653005746,1010,0.0386181769549634,0.00678641165438877,0.0318317653005746,1220,0.0913391320541355,0.072225046961287,0.0191140850928486,972,0.0295094844520139,0.0103953993591653,0.0191140850928486,1171,128.571491471394,50.4528313998645,78.1186600715296,1002,70.2842067512211,22.2476233325892,48.0365834186319
Alistipes_shahii_WAL_8301_AND_Pseudoflavonifractor_capillosus_strain_ATCC_29799,938,0.0210238909852027,0.00943816075233214,0.0115857302328705,781,0.0151041271055575,0.00943816075233214,0.0056659663532254,941,0.0314145444493557,0.0134213343383228,0.0179932101110328,782,0.0190873006915483,0.0134213343383228,0.00566596635322545,923,0.019616844715984,0.0134213343383228,0.00619551037766118,782,0.0190873006915483,0.0134213343383228,0.00566596635322545,939,0.0172687259557073,0.0134213343383228,0.00384739161738448,780,0.0172687259570079,0.0134213343383228,0.00384739161868508,932,0.0291332197758944,0.0103953993591653,0.0187378204167291,778,0.0291332197758944,0.0103953993591653,0.0187378204167291,918,89.0113840157607,50.1100328629112,38.9013511528495,777,47.458761355546,44.8243712322687,2.63439012327733
Alistipes_shahii_WAL_8301_AND_Roseburia_intestinalis_L1_82,988,0.0793606476554002,0.00943816075233214,0.0699224869030681,780,0.0562225944230833,0.00943816075233213,0.0467844336707511,977,0.0656935325578375,0.0134213343383228,0.0522721982195146,784,0.0602707616955105,0.0134213343383228,0.0468494273571876,962,0.0317677368428063,0.0134213343383228,0.0183464025044835,788,0.019616844715984,0.0134213343383228,0.00619551037766115,983,0.0539597709549867,0.0134213343383228,0.0405384366166639,788,0.0172687259570079,0.0134213343383228,0.00384739161868507,1009,5.34172396654115,0.0103953993591653,5.33132856718199,764,0.0385472438319819,0.0103953993591653,0.0281518444728166,923,130.984022558232,66.6229653325568,64.3610572256757,788,60.462403203597,46.6939460279834,13.7684571756137
Alistipes_shahii_WAL_8301_AND_Roseburia_inulinivorans_DSM_16841,936,0.0192162635278469,0.00943816075214993,0.00977810277569701,784,0.0192162635281714,0.00943816075233213,0.00977810277583923,933,0.0231994371140196,0.0134213343383228,0.00977810277569677,784,0.023199437114162,0.0134213343383228,0.00977810277583911,943,0.0231994371140196,0.0134213343383228,0.00977810277569677,787,0.0231994371141621,0.0134213343383228,0.00977810277583921,937,0.0231994371140198,0.0134213343383228,0.00977810277569694,784,0.023199437114162,0.0134213343383228,0.00977810277583911,991,0.0633076865777448,0.0103953993591454,0.0529122872185994,786,0.035654592822031,0.00682390287086823,0.0288306899511628,929,129.467673990372,66.6229653325568,62.8447086578149,790,79.6908278742363,31.0921277459303,48.598700128306
Alistipes_shahii_WAL_8301_AND_Ruminococcus_bromii_L2_63,964,0.0793606476554002,0.00943816075233214,0.0699224869030681,787,0.0577433742065937,0.00943816075233213,0.0483052134542616,966,0.0656935325578375,0.0134213343383228,0.0522721982195146,796,0.0617936541707141,0.0134213343383228,0.0483723198323912,946,0.0317677368428063,0.0134213343383228,0.0183464025044835,796,0.0317677368428063,0.0134213343383228,0.0183464025044835,964,0.0539597709549867,0.0134213343383228,0.0405384366166639,809,0.022959896508789,0.0134213343383228,0.00953856217046612,991,5.34172396654114,0.0103953993591454,5.33132856718199,791,0.0112933161198648,0.0103953993591653,0.00089791676069943,944,83.3991470938111,66.4336357417344,16.9655113520766,799,62.9783915683539,46.2665276378341,16.7118639305198
Alistipes_shahii_WAL_8301_AND_Ruminococcus_callidus_ATCC_2776001,1064,0.0529668998181537,0.00943816075233214,0.0435287390658215,927,0.01323710714057,0.00943816075233214,0.00379894638823789,1069,0.0630689500845737,0.0195402110188956,0.0435287390656781,516,0.0134213343383228,0.0134213343383228,0,1063,0.0351991520465314,0.0195402110188956,0.0156589410276357,916,0.0314351654136965,0.0133697194701842,0.0180654459435123,1073,0.0570269882614591,0.0195402110188956,0.0374867772425635,519,0.0134213343383228,0.0134213343383228,0,731,0.102675209519706,0,0.102675209519706,910,0.0442738477685087,0.0103953993591653,0.0338784484093434,1073,89.157954806059,66.4336357417345,22.7243190643245,932,50.1805525958711,38.5410178264027,11.6395347694684
Alistipes_shahii_WAL_8301_AND_Ruminococcus_torques_ATCC_27756,980,0.0793606476552902,0.00943816075214992,0.0699224869031403,782,0.0563370477375438,0.00943816075233214,0.0468988869852117,977,0.0656935325578375,0.0134213343383228,0.0522721982195146,788,0.0603853740103546,0.0134213343383228,0.0469640396720318,962,0.0317677368428063,0.0134213343383228,0.0183464025044835,811,0.019616844715984,0.0134213343383228,0.00619551037766116,996,0.0539597709549867,0.0134213343383228,0.0405384366166639,802,0.0172687259570079,0.0134213343383228,0.00384739161868508,941,0.0291332197758944,0.0103953993591653,0.0187378204167291,795,0.0285728478922916,0.00983502747556243,0.0187378204167291,953,104.889558889869,66.4336357417345,38.4559231481341,800,55.7093266420881,24.2854930512176,31.4238335908705
Alistipes_shahii_WAL_8301_AND_Shigella_flexneri_2002017,1408,0.185783282412536,0.00943816075233214,0.176345121660203,1016,0.185783282412536,0.00943816075233214,0.176345121660203,1383,0.116701602071644,0.0195402110188956,0.0971613910527481,1018,0.0635317490348401,0.0134213343383228,0.0501104146965172,1399,0.0596911214264911,0.0195402110186468,0.0401509104078443,1016,0.0596911214264912,0.0134213343383228,0.0462697870881683,1379,0.0675999179899938,0.0195402110186468,0.048059706971347,1029,0.0645404796498318,0.0134213343383228,0.051119145311509,1447,6.73322396589412,0.0103953993591454,6.72282856653497,1006,6.73322396589413,0.0103953993591653,6.72282856653496,1369,159.388680055162,49.8541326242569,109.534547430905,1046,77.2336443656639,9.39250534873377,67.8411390169301
Alistipes_shahii_WAL_8301_AND_Streptococcus_salivarius_JIM8777,1098,0.0208337552557936,0.00943816075214993,0.0113955945036436,909,0.0208337552559758,0.00943816075233214,0.0113955945036436,1120,0.0311192542900968,0.0134213343383228,0.017697919951774,906,0.0311192542900968,0.0134213343383228,0.017697919951774,1083,0.0195151689628454,0.0134213343383228,0.00609383462452259,898,0.0195151689596948,0.0134213343383228,0.00609383462137198,1096,0.0172055856446445,0.0134213343383228,0.0037842513063217,909,0.0172055856459238,0.0134213343383228,0.00378425130760096,1093,0.0297034005948774,0.0103953993591653,0.0193080012357121,895,0.018568274777648,0.000891715648567809,0.0176765591290802,1101,96.6499722164331,66.4336357417345,30.2163364746986,939,76.3280660442219,46.8724835335403,29.4555825106816
Alistipes_shahii_WAL_8301_AND_Subdoligranulum_variabile_DSM_15176,957,0.0210238909879882,0.00943816075233214,0.011585730235656,775,0.0110481242363921,0.00943816075233214,0.00160996348405999,969,0.0314145444524656,0.0134213343383228,0.0179932101141427,776,0.014509988810682,0.0134213343383228,0.00108865447235914,951,0.0196168447191872,0.0134213343383228,0.00619551038086434,766,0.019616844715984,0.0134213343383228,0.00619551037766117,943,0.0172687259557073,0.0134213343383228,0.00384739161738448,773,0.0172687259570079,0.0134213343383228,0.00384739161868509,985,0.0633076865777448,0.0103953993591454,0.0529122872185994,282,0.0569041847337456,0,0.0569041847337456,914,118.065684693086,66.6229653325568,51.4427193605293,777,66.4574714863244,39.1788308507569,27.2786406355675
Alistipes_shahii_WAL_8301_AND_Veillonella_atypica_ACS_049_V_Sch6,1234,0.0106580172307777,0.00931609564199712,0.00134192158878061,1025,0.0106580172307777,0.00931609564199713,0.00134192158878061,799,0.0134213343383228,0.0134213343383228,0,517,0.0134213343383228,0.0134213343383228,0,821,0.0134213343383228,0.0134213343383228,0,512,0.0134213343383228,0.0134213343383228,0,808,0.0134213343383228,0.0134213343383228,0,512,0.0134213343383228,0.0134213343383228,0,805,0.102675209519706,0,0.102675209519706,519,0.102675209519706,0,0.102675209519706,1206,103.835143664515,66.6229653325567,37.2121783319579,1048,64.5264847960608,42.092317002803,22.4341677932578
Bacteroides_caccae_ATCC_43185_AND_Bacteroides_coprocola_M16_DSM_17136,623,0.0159186067627845,0.0159186067627845,0,398,0.0159186067627845,0.0159186067627845,0,620,0.0159186067627845,0.0159186067627845,0,398,0.0159186067627845,0.0159186067627845,0,959,0.0159186067627845,0.0102960088489117,0.00562259791387275,398,0.0159186067627845,0.0159186067627845,0,623,0.0159186067627845,0.0159186067627845,0,398,0.0159186067627845,0.0159186067627845,0,638,0.0187378204167291,0.0187378204167291,0,784,0.0142479368987371,0.00419568767065223,0.0100522492280848,957,103.411430679655,42.1737378877613,61.2376927918936,790,89.1141130926305,51.427769269741,37.6863438228895
Bacteroides_caccae_ATCC_43185_AND_Bacteroides_eggerthii_DSM_20697,672,0.0159186067627845,0.0159186067627845,0,394,0.0159186067627845,0.0159186067627845,0,670,0.0159186067627845,0.0159186067627845,0,394,0.0159186067627845,0.0159186067627845,0,671,0.0159186067627845,0.0159186067627845,0,398,0.0159186067627845,0.0159186067627845,0,646,0.0159186067627845,0.0159186067627845,0,394,0.0159186067627845,0.0159186067627845,0,687,0.0187378204167291,0.0187378204167291,0,798,0.0142479368987371,0.00605984061789785,0.00818809628083921,961,55.709169950923,52.1699733485518,3.53919660237126,777,52.5847846917984,49.0455880894271,3.53919660237126
Bacteroides_caccae_ATCC_43185_AND_Bacteroides_fragilis_NCTC_9343,902,0.185783282412536,0,0.185783282412536,522,0.185783282412536,0,0.185783282412536,910,0.145252274036523,0,0.145252274036523,522,0.145252274036523,0,0.145252274036523,903,0.0596911214264911,0,0.0596911214264911,527,0.0596911214264911,0,0.0596911214264911,985,0.115659624961341,0,0.115659624961341,533,0.115659624961341,0,0.115659624961341,868,0.0218960201793722,0,0.0218960201793722,573,0.0218960201793722,0,0.0218960201793722,1188,98.7151898388651,52.1699733485518,46.5452164903133,970,70.376892112564,47.7160179354647,22.6608741770994
Bacteroides_caccae_ATCC_43185_AND_Bacteroides_intestinalis_341_DSM_17393,653,0.03183721352554,0,0.03183721352554,744,0.0318372135255689,0.0176205889674814,0.0142166245580875,714,0.0318372135255689,0,0.0318372135255689,750,0.031837213525569,0.0176205889674814,0.0142166245580876,645,0.0236680868564973,0,0.0236680868564973,752,0.0236680868564973,0.00427577580259275,0.0193923110539045,692,0.0318372135255969,0,0.0318372135255969,751,0.031837213525569,0.0176205889674814,0.0142166245580876,945,0.0187378204167291,0.00262500025076809,0.016112820165961,782,0.0187378204167291,0.00717835238627576,0.0115594680304534,965,88.7102782092746,34.7799822323678,53.9302959769067,767,59.5824659864909,8.8058395897947,50.7766263966962
Bacteroides_caccae_ATCC_43185_AND_Bacteroides_stercoris_ATCC_43183,671,0.0159186067627845,0.0159186067627845,0,398,0.0159186067627845,0.0159186067627845,0,671,0.0159186067629872,0.0159186067629872,0,398,0.0159186067627845,0.0159186067627845,0,659,0.0159186067627845,0.0159186067627845,0,398,0.0159186067627845,0.0159186067627845,0,697,0.0159186067625528,0.0159186067625528,0,394,0.0159186067627845,0.0159186067627845,0,704,0.0187378204167291,0.0187378204167291,0,435,0.0142479368987371,0,0.0142479368987371,978,61.7303124729012,52.1699733485517,9.56033912434944,784,60.1696908843525,50.6093517600031,9.56033912434942
Bacteroides_caccae_ATCC_43185_AND_Bacteroides_thetaiotaomicron_VPI_5482,815,0.0318317653005746,0,0.0318317653005746,563,0.0318317653005746,0,0.0318317653005746,831,0.0318317653005746,0,0.0318317653005746,545,0.0318317653005746,0,0.0318317653005746,860,0.0318317653005746,0,0.0318317653005746,544,0.0318317653005746,0,0.0318317653005746,820,0.0318317653005746,0,0.0318317653005746,573,0.0318317653005746,0,0.0318317653005746,834,0.0218960201793722,0,0.0218960201793722,573,0.0218960201793722,0,0.0218960201793722,1151,117.940368504282,44.6877724425789,73.2525960617034,938,88.6504273066202,37.4259012194822,51.224526087138
Bacteroides_caccae_ATCC_43185_AND_Bacteroides_uniformis_ATCC_8492,650,0.0159186067627845,0.0159186067627845,0,398,0.0159186067627845,0.0159186067627845,0,659,0.0159186067629872,0,0.0159186067629872,398,0.0159186067627845,0.0159186067627845,0,669,0.0159186067629872,0,0.0159186067629872,398,0.0159186067627845,0.0159186067627845,0,653,0.0159186067627845,0.0159186067627845,0,394,0.0159186067627845,0.0159186067627845,0,980,0.0286534921730121,0.0187378204167291,0.00991567175628297,769,0.028653492173012,0.00717835238627575,0.0214751397867362,963,113.253331403462,48.4317694273662,64.8215619760954,789,85.9520875585924,43.7202433474717,42.2318442111208
Bacteroides_caccae_ATCC_43185_AND_Bifidobacterium_adolescentis_ATCC_15703,990,0.0451379194323163,0.0159186067629872,0.0292193126693291,843,0.0451379194321136,0.0159186067627845,0.0292193126693291,987,0.0612976395628437,0.0159186067627845,0.0453790328000592,817,0.0612976395550006,0.0159186067627845,0.0453790327922161,988,0.0315437379573376,0.0159186067629872,0.0156251311943505,834,0.0315437379571355,0.0159186067627845,0.015625131194351,984,0.025621761969447,0.0159186067629872,0.00970315520645983,837,0.0256217619725245,0.0159186067627845,0.00970315520973997,1006,0.101540439844478,0.0187378204167291,0.0828026194277486,835,0.0899809718140243,0.00717835238627575,0.0828026194277486,965,94.3840845349199,52.064187797501,42.3198967374189,838,58.4294802542465,43.9290931257241,14.5003871285224
Bacteroides_caccae_ATCC_43185_AND_Bifidobacterium_bifidum_PRL2010,1041,0.0451379194321146,0.0159186067627845,0.0292193126693301,828,0.0418435302583353,0.0159186067627845,0.0259249234955508,1040,0.0612976395628437,0.0159186067627845,0.0453790328000592,828,0.0418435302583353,0.0159186067627845,0.0259249234955508,1042,0.0315437379652139,0.0159186067627845,0.0156251312024295,823,0.0263028806923621,0.0106777494980117,0.0156251311943505,1008,0.025621761969244,0.0159186067627845,0.00970315520645948,825,0.0256217619725241,0.0159186067627845,0.00970315520973962,771,6.72802626621454,0,6.72802626621454,590,6.72802626621454,0,6.72802626621454,1013,109.225947680264,34.7799822323678,74.4459654478965,833,74.389304449588,39.5015375407325,34.8877669088554
Bacteroides_caccae_ATCC_43185_AND_Bifidobacterium_longum_NCC2705,839,0.0669054792699502,0.0159186067629872,0.050986872506963,670,0.0347853636880163,0.0159186067627845,0.0188667569252318,868,0.0575938825715284,0.00402627233974168,0.0535676102317867,674,0.0347853636880163,0.0159186067627845,0.0188667569252318,538,0.0236680868564973,0,0.0236680868564973,663,0.0221186644478355,0.0159186067627845,0.00620005768505097,829,0.0403729458717686,0.0159186067627845,0.0244543391089841,663,0.0244674592335823,0.00307479749848699,0.0213926617350954,687,0.0187378204167291,0.0187378204167291,0,289,0.0187378204167291,0,0.0187378204167291,816,105.419214230721,47.7516042212249,57.6676100094958,671,76.172804724894,44.4572854868088,31.7155192380851
Bacteroides_caccae_ATCC_43185_AND_Bilophila_wadsworthia_3_1_6,673,0.0736648057456932,0.0736648057456932,0,751,0.0160974776503552,0.0156498708627627,0.000447606787592418,693,0.0575938825715284,0.0575938825715284,0,750,0.0160974776503551,0.0156498708627627,0.000447606787592387,671,0.0236680868564973,0.0236680868564973,0,754,0.0160974776503552,0.0156498708627627,0.000447606787592417,654,0.0458601209686777,0.0458601209686777,0,750,0.0160974776503551,0.0156498708627627,0.000447606787592387,990,5.33545044006795,5.3309743721921,0.00447606787585525,755,0.0107374670719878,0.00625387636117869,0.00448359071080914,896,73.9127465486496,52.1699733485517,21.7427732000978,749,61.7020195352765,50.2108682951399,11.4911512401366
Bacteroides_caccae_ATCC_43185_AND_Blautia_wexlerae_DSM_19850,994,0.0585294443685158,0.0159186067627845,0.0426108376057314,836,0.0213386813710874,0.0159186067627845,0.00542007460830289,994,0.0569099413095312,0.0159186067627845,0.0409913345467467,833,0.0213386813710874,0.0159186067627845,0.00542007460830288,1017,0.0235409085933122,0.0159186067627845,0.00762230183052769,831,0.0235409085933122,0.0159186067627845,0.00762230183052768,996,0.0425510718506255,0.0159186067627845,0.026632465087841,837,0.0274314732310356,0.0159186067627845,0.0115128664682511,1053,0.0501364339799475,0.0187378204167291,0.0313986135632183,843,0.0138319114709844,0.00717835238627575,0.00665355908470864,979,82.0004460489451,43.5524764584201,38.447969590525,864,64.4923566544582,52.1699733485518,12.3223833059064
Bacteroides_caccae_ATCC_43185_AND_Citrobacter_amalonaticus_Y19,977,0.185783282412536,0,0.185783282412536,516,0.185783282412536,0,0.185783282412536,968,0.142575328749595,0,0.142575328749595,516,0.142575328749595,0,0.142575328749595,904,0.0596911214264911,0,0.0596911214264911,518,0.0596911214264911,0,0.0596911214264911,908,0.0771064166408938,0,0.0771064166408938,517,0.0771064166408938,0,0.0771064166408938,1042,8.97070168828606,0,8.97070168828606,528,4.48535084414303,0,4.48535084414303,1153,177.103834533695,52.1699733485517,124.933861185144,931,105.654029831524,5.86473434612642,99.7892954853975
Bacteroides_caccae_ATCC_43185_AND_Clostridium_clostridioforme_CM201,730,0.0736648057456932,0.0736648057456932,0,810,0.021335811419983,0.00994021691633936,0.0113955945036436,709,0.0575938825715284,0.0575938825715284,0,817,0.0223958865788342,0.00877032525316883,0.0136255613256654,701,0.0236680868564973,0.0236680868564973,0,797,0.0188154761872396,0.0127216415658676,0.00609383462137198,698,0.0458601209686777,0.0458601209686777,0,813,0.0177175531715033,0.0139333018639023,0.00378425130760096,751,0.0193080012357121,0,0.0193080012357121,456,0.0193080012357121,0,0.0193080012357121,1024,99.3482435399492,34.7799822323678,64.5682613075813,852,92.1144702955112,49.0730734446811,43.0413968508301
Bacteroides_caccae_ATCC_43185_AND_Collinsella_tanakaei_YIT_12063,1020,0.0273142012691679,0.0159186067627845,0.0113955945063834,814,0.02355586185247,0.0159186067627845,0.00763725508968555,1026,0.0287191861274497,0.0159186067629872,0.0128005793644625,815,0.02355586185247,0.0159186067627845,0.00763725508968558,1016,0.0220124413870754,0.0159186067625528,0.00609383462452259,815,0.0220124413841565,0.0159186067627845,0.00609383462137198,1013,0.0197028580691062,0.0159186067627845,0.0037842513063217,825,0.0197028580703854,0.0159186067627845,0.00378425130760096,1082,0.052282174572701,0.0187378204167291,0.0335443541559719,837,0.0221305293163722,0.00445397018729204,0.0176765591290802,1029,106.956190213041,52.116235778644,54.8399544343974,859,83.5658957742949,42.5673503634374,40.9985454108576
Bacteroides_caccae_ATCC_43185_AND_Coprococcus_catus_GD_7,991,0.0273142012693706,0.0159186067629872,0.0113955945063834,799,0.02355586185247,0.0159186067627845,0.00763725508968555,987,0.0336165267144789,0.0159186067629872,0.0176979199514918,812,0.02355586185247,0.0159186067627845,0.00763725508968555,1002,0.0220124413801476,0.0159186067627845,0.00609383461736311,805,0.019185169035124,0.013091334413752,0.00609383462137198,991,0.0197028580547874,0.0159186067627845,0.00378425129200291,815,0.0197028580703854,0.0159186067627845,0.00378425130760094,1021,0.0521848066094536,0.0187378204167291,0.0334469861927245,446,0.0243728064474197,0,0.0243728064474197,981,102.924897639386,52.1699733485518,50.7549242908337,863,76.9895572700869,48.1681573327494,28.8213999373375
Bacteroides_caccae_ATCC_43185_AND_Desulfovibrio_desulfuricans_subsp_desulfuricans_DSM_642,1097,0.101263968345138,0.0159186067627845,0.0853453615823533,496,0.0853453615821217,0,0.0853453615821217,1084,0.103309838689586,0.0138758520199653,0.0894339866696209,500,0.0894339866702844,0,0.0894339866702844,814,0.0596911214264911,0,0.0596911214264911,496,0.0596911214264911,0,0.0596911214264911,1087,0.0548245354514164,0.011514279041184,0.0433102564102324,497,0.0433102564111079,0,0.0433102564111079,1106,0.11008990248526,0.0187378204167291,0.0913520820685311,501,0.0913520820692502,0,0.0913520820692502,1065,110.875985208465,52.1699733485518,58.7060118599131,890,58.9019414083482,47.6065905747513,11.2953508335969
Bacteroides_caccae_ATCC_43185_AND_Desulfovibrio_piger_ATCC_29098,978,0.0736648057456932,0.0724367741261521,0.00122803161954111,751,0.0164093479933544,0.0151813163737998,0.00122803161955462,992,0.0575938825715284,0.0563658509517236,0.00122803161980481,751,0.0164093479933544,0.0151813163737998,0.00122803161955462,955,0.0236680868564973,0.022440055236927,0.00122803161957026,751,0.0164093479933544,0.0151813163737998,0.00122803161955462,679,0.0458601209686777,0.0458601209686777,0,751,0.0164093479933544,0.0151813163737998,0.00122803161955463,996,0.0569144251878128,0.0348140927449753,0.0221003324428376,756,0.0292786848291716,0.00717835238627576,0.0221003324428958,924,69.9200488453072,34.7799822323679,35.1400666129394,754,59.293359174162,47.2301253502059,12.0632338239561
Bacteroides_caccae_ATCC_43185_AND_Dialister_invisus_DSM_15470,1022,0.0742053959541022,0.073309623675134,0.000895772278968231,395,0.0159186067627845,0.0159186067627845,0,1036,0.0662820624174352,0.0518855185296751,0.0143965438877601,449,0.0159186067627845,0.0159186067627845,0,1025,0.0330977076780648,0.0174725764756312,0.0156251312024336,452,0.0159186067627845,0.0159186067627845,0,1036,0.0498429317839399,0.0432433088806938,0.00659962290324608,449,0.0159186067627845,0.0159186067627845,0,1047,0.0197244438511799,0.0187378204167291,0.000986623434450758,874,0.00788158937661218,0.00702768641632892,0.000853902960283258,1005,60.3089925231969,52.1699733485517,8.13901917464522,859,55.1850557631537,52.1699733485518,3.01508241460193
Bacteroides_caccae_ATCC_43185_AND_Dorea_longicatena_DSM_13814,847,0.0275043369986431,0.0159186067629872,0.0115857302356559,672,0.0188627426125956,0.0127859570898168,0.00607678552277878,847,0.0339118168771297,0.0159186067629872,0.0179932101141425,677,0.0187337912100661,0.0159186067627845,0.0028151844472816,822,0.0221141171438515,0.0159186067629872,0.00619551038086437,677,0.0187337912100661,0.0159186067627845,0.00281518444728157,835,0.0197659983814695,0.0159186067627845,0.00384739161868497,674,0.0173908313115765,0.0159186067627845,0.00147222454879201,653,0.0187378204167291,0.0187378204167291,0,689,0.0138470287756371,0.00544617121609747,0.00840085755953968,841,91.8130134655141,48.5019155054209,43.3110979600932,683,54.1121403822622,42.9560315456237,11.1561088366385
Bacteroides_caccae_ATCC_43185_AND_Enterobacter_cloacae_EcWSU1,960,0.185783282412536,0,0.185783282412536,518,0.185783282412536,0,0.185783282412536,963,0.106931496562196,0,0.106931496562196,904,0.056591837492537,0.00846037254138098,0.048131464951156,957,0.0596911214264911,0,0.0596911214264911,529,0.0596911214264911,0,0.0596911214264911,960,0.0578298124806704,0,0.0578298124806704,530,0.0578298124806704,0,0.0578298124806704,1065,6.72802626621454,0,6.72802626621454,534,6.72802626621454,0,6.72802626621454,1204,185.277873060865,34.7799822323678,150.497890828497,947,142.376239856442,28.8360820558747,113.540157800568
Bacteroides_caccae_ATCC_43185_AND_Enterococcus_faecium_TX1330,829,0.0275043369984406,0.0159186067627845,0.0115857302356561,653,0.0188627426125945,0.0159186067627845,0.00294413584981,871,0.03391181687713,0.0159186067629872,0.0179932101141428,653,0.0188627426125954,0.00266109159494226,0.0162016510176532,835,0.0221141171436488,0.0159186067627845,0.00619551038086434,656,0.0188627426125948,0.0159186067627845,0.00294413584981029,824,0.019765998380169,0.0159186067627845,0.0038473916173845,657,0.0188627426125949,0.0150153509939096,0.0038473916186853,537,0.0187378204167291,0,0.0187378204167291,290,0.0182215743440233,0,0.0182215743440233,840,93.1825159492018,34.7799822323678,58.402533716834,670,69.4547536728586,47.7077160300864,21.7470376427722
Bacteroides_caccae_ATCC_43185_AND_Escherichia_coli_str_K_12_substr_MG1655,928,0.0736648057456932,0,0.0736648057456932,719,0.0736648057456932,0.0159186067627844,0.0577461989829087,952,0.0575938825715284,0,0.0575938825715284,724,0.0575938825715284,0.0159186067627845,0.041675275808744,955,0.0236680868564973,0,0.0236680868564973,789,0.0221141171404457,0.0159186067627845,0.00619551037766116,927,0.0458601209686777,0,0.0458601209686777,715,0.0458601209686777,0.0159186067627845,0.0299415142058932,1010,5.33545044006795,0,5.33545044006795,795,0.293247045740424,0.000962196617862877,0.292284849122561,1171,174.509833569167,51.7911824965063,122.71865107266,808,121.612610852176,38.4813126138402,83.1312982383362
Bacteroides_caccae_ATCC_43185_AND_Eubacterium_rectale_M104_1,871,0.0736648057456932,0.0359353066344504,0.0377294991112428,664,0.0170463520277046,0.0142242805206571,0.00282207150704754,669,0.0575938825715284,0.0575938825715284,0,664,0.0170463520277046,0.0142242805206571,0.00282207150704754,552,0.0236680868564973,0,0.0236680868564973,660,0.0170463520277046,0.0142242805206571,0.00282207150704754,672,0.0458601209686777,0.0458601209686777,0,664,0.0170463520277046,0.0142242805206571,0.00282207150704754,510,0.0187378204167291,0,0.0187378204167291,673,0.0187378204167291,0.00717835238627576,0.0115594680304534,830,115.412218673403,52.1699733485517,63.2422453248514,666,75.7276934984543,46.9696061653304,28.7580873331238
Bacteroides_caccae_ATCC_43185_AND_Faecalibacterium_prausnitzii_L2_6,802,0.0275043369958577,0.0159186067629872,0.0115857302328705,661,0.027504336995655,0.0159186067627845,0.0115857302328705,791,0.0339118168738173,0.0159186067627845,0.0179932101110329,660,0.0339118168738173,0.0159186067627845,0.0179932101110328,816,0.0221141171404457,0.0159186067627845,0.00619551037766116,658,0.0221141171404457,0.0159186067627845,0.00619551037766116,838,0.0197659983814696,0.0159186067627845,0.00384739161868509,654,0.0197659983814696,0.0159186067627845,0.00384739161868508,805,0.0187378204167291,0.018418551634054,0.000319268782675157,295,0.0187378204167291,0,0.0187378204167291,842,111.717780875095,52.1699733485518,59.5478075265436,677,88.2500363322804,48.5514979812513,39.6985383510291
Bacteroides_caccae_ATCC_43185_AND_Fusobacterium_varium_ATCC_27725,1011,0.0736648057456932,0.0681795968960668,0.00548520884962636,761,0.0205484513213411,0.00896272108847053,0.0115857302328705,996,0.0575938825715284,0.052108673722319,0.0054852088492094,768,0.0181105846383383,0.0126253757892307,0.0054852088491076,728,0.0236680868564889,0.0236680868564889,0,767,0.0182281682664106,0.0124487179633151,0.00577945030309552,734,0.0458601209686777,0.0458601209686777,0,770,0.0174560864720796,0.0136086948533945,0.0038473916186851,1047,0.0569340715095634,0.0348140927447431,0.0221199787648204,397,0.0182215743440233,0,0.0182215743440233,975,115.307830753743,52.1699733485517,63.137857405191,809,88.516243727303,50.9241754885808,37.5920682387222
Bacteroides_caccae_ATCC_43185_AND_Haemophilus_parainfluenzae_T3T1,1113,0.0451379194391386,0.0159186067627845,0.0292193126763542,935,0.0176194207481757,0.0159186067627845,0.00170081398539121,1110,0.0612976395550006,0.0159186067627845,0.0453790327922161,905,0.0509659394995711,0.0055869067073533,0.0453790327922178,1109,0.0315437379652134,0.0159186067627845,0.0156251312024289,932,0.0176194207481759,0.0159186067627845,0.0017008139853914,1108,0.025621761969244,0.0159186067627845,0.00970315520645948,932,0.0178428832288541,0.0159186067627845,0.00192427646606959,1180,0.0440722346850712,0.0187378204167291,0.0253344142683421,964,0.0322037212290262,0.00717835238627575,0.0250253688427504,1106,137.292615406804,39.497539375191,97.7950760316131,941,102.291437399449,38.6362613170877,63.6551760823612
Bacteroides_caccae_ATCC_43185_AND_Helicobacter_pylori_26695,985,0.0736648057456932,0.0178798246901187,0.0557849810555745,763,0.0565140785786988,0.0159186067627845,0.0405954718159144,665,0.0575938825715284,0.0575938825715284,0,753,0.0575938825715284,0.0159186067627845,0.041675275808744,668,0.0236680868564973,0.0236680868564973,0,768,0.0173908313115769,0.0159186067627845,0.00147222454879241,958,0.0458601209686777,0.019104511596003,0.0267556093726747,764,0.0173908313115769,0.0159186067627845,0.00147222454879241,1024,5.33545044006795,5.31376937717552,0.0216810628924272,376,0.0182215743440233,0,0.0182215743440233,934,84.2765360060515,52.1699733485518,32.1065626574998,762,52.9285551602787,43.443135013708,9.48542014657068
Bacteroides_caccae_ATCC_43185_AND_Klebsiella_pneumoniae_pneumoniae_MGH78578,1121,0.0736648057456932,0.0159186067627845,0.0577461989829087,348,0.073664805745693,0,0.073664805745693,1117,0.0575938825715284,0.0159186067627845,0.0416752758087439,353,0.0575938825715286,0,0.0575938825715286,1125,0.0236680868564973,0.0159186067627845,0.00774948009371279,761,0.0236680868564973,0.0127859570898168,0.0108821297666805,1104,0.0458601209686777,0.0159186067627845,0.0299415142058932,732,0.0458601209686777,0.0159186067627845,0.0299415142058932,1229,5.33545044006795,0.0187378204167291,5.31671261965122,758,2.67490357242025,0.00717835238627575,2.66772522003398,1039,136.244047408565,34.7799822323678,101.464065176197,774,104.448125930171,37.5687194921276,66.8794064380434
Bacteroides_caccae_ATCC_43185_AND_Lactobacillus_mucosae_LM1,970,0.0170731874359702,0.0159186067627845,0.00115458067318575,791,0.016537512575264,0.0153829319020614,0.00115458067320256,990,0.0170731874359689,0.0159186067627845,0.00115458067318439,792,0.016537512575264,0.0153829319020614,0.00115458067320255,1006,0.0170731874361729,0.0159186067629872,0.00115458067318575,791,0.016537512575264,0.0153829319020614,0.00115458067320256,976,0.0170731874359885,0.0159186067627845,0.00115458067320399,797,0.016537512575264,0.0153829319020614,0.00115458067320255,982,0.0213356269313341,0.0187378204167291,0.00259780651460494,801,0.00937577454034963,0.00677796802564388,0.00259780651470574,953,87.4531787239085,43.0948352173907,44.3583435065177,833,79.847691973039,51.2923947622069,28.5552972108321
Bacteroides_caccae_ATCC_43185_AND_Lactobacillus_reuteri_SD2112_ATCC_55730,825,0.0275043369986433,0.0159186067629872,0.0115857302356561,644,0.0205484513213411,0.0089627210884705,0.0115857302328706,838,0.0339118168769273,0.0159186067627845,0.0179932101141428,647,0.0171786733923135,0.0140254806964195,0.00315319269589399,843,0.0221141171436489,0.0159186067627845,0.00619551038086437,646,0.0171786733923135,0.0140254806964195,0.00315319269589399,843,0.019765998380169,0.0159186067627845,0.0038473916173845,637,0.0174560864720796,0.0136086948533945,0.00384739161868508,839,0.0311448504053477,0.0187378204167291,0.0124070299886186,654,0.0142479368987371,0.00184090691011844,0.0124070299886186,818,102.501541369532,34.7799822323679,67.7215591371642,656,85.4028400769967,46.6499528976542,38.7528871793425
Bacteroides_caccae_ATCC_43185_AND_Megasphaera_elsdenii_DSM_20460,1148,0.0912983881864572,0.0620790755099941,0.0292193126764631,921,0.0305257625545464,0.0013064498852173,0.0292193126693291,1143,0.084979705252713,0.0396006724604953,0.0453790327922178,868,0.0459531797082594,0.000574146916041646,0.0453790327922178,1092,0.0330977076731873,0.0174725764788358,0.0156251311943515,890,0.0239146816097067,0.0082895504153557,0.015625131194351,1111,0.0517158845577528,0.0420127293512933,0.00970315520645948,889,0.0208841430097015,0.0111809877999616,0.00970315520973997,1260,9.39575148624446,2.66772522003664,6.72802626620782,898,6.73520461860069,0.00717835238627576,6.72802626621442,1060,112.689279223987,52.1699733485517,60.5193058754352,906,82.6702757978953,52.1023074246341,30.5679683732611
Bacteroides_caccae_ATCC_43185_AND_Parabacteroides_distasonis_ATCC_8503,830,0.0318317653005746,0,0.0318317653005746,551,0.0318317653005746,0,0.0318317653005746,855,0.0318317653005746,0,0.0318317653005746,551,0.0318317653005746,0,0.0318317653005746,888,0.0318317653005746,0,0.0318317653005746,535,0.0318317653005746,0,0.0318317653005746,847,0.0318317653005746,0,0.0318317653005746,546,0.0318317653005746,0,0.0318317653005746,832,0.0218960201793722,0,0.0218960201793722,567,0.0167888282863063,0,0.0167888282863063,1120,120.246923945369,52.1699733485517,68.0769505968174,956,98.8992825782971,51.6172005046779,47.2820820736192
Bacteroides_caccae_ATCC_43185_AND_Parabacteroides_johnsonii_DSM_18315,642,0.031837213525569,0.031837213525569,0,761,0.031837213525569,0.0176205889674814,0.0142166245580876,671,0.03183721352554,0.03183721352554,0,761,0.031837213525569,0.0176205889674814,0.0142166245580875,681,0.0236680868564973,0.0236680868564973,0,755,0.0236680868564973,0.0042757758025927,0.0193923110539046,683,0.031837213525569,0.031837213525569,0,766,0.031837213525569,0.0176205889674814,0.0142166245580875,625,0.0187378204167291,0.0187378204167291,0,411,0.0187378204167291,0,0.0187378204167291,984,105.82083399867,51.6849667858276,54.1358672128421,782,53.3896830107713,48.2035304334881,5.18615257728321
Bacteroides_caccae_ATCC_43185_AND_Phascolarctobacterium_succinatutens_YIT_12067,935,0.0736648057456932,0.0693974648255761,0.00426734092011705,762,0.0164642134191563,0.0150988864726394,0.00136532694651687,944,0.0575938825715284,0.0533265416512965,0.00426734092023189,762,0.0164743807089646,0.0150836111205989,0.00139076958836572,918,0.0236680868564973,0.019400745936342,0.00426734092015523,764,0.0169263649121993,0.0144045493498347,0.00252181556236463,620,0.0458601209686777,0.0458601209686777,0,768,0.0163283618656115,0.0153029900582314,0.00102537180738004,647,0.0187378204167291,0.0187378204167291,0,776,0.00735093830630458,0.00713352338821719,0.000217414918087388,913,69.8534734989176,52.1699733485518,17.6835001503658,769,53.9683096176384,46.6499528976541,7.31835671998425
Bacteroides_caccae_ATCC_43185_AND_Prevotella_ruminicola_23,777,0.0318317653005746,0,0.0318317653005746,515,0.0318317653005746,0,0.0318317653005746,754,0.0318317653005746,0,0.0318317653005746,527,0.0318317653005746,0,0.0318317653005746,771,0.0318317653005746,0,0.0318317653005746,532,0.0318317653005746,0,0.0318317653005746,804,0.0318317653005746,0,0.0318317653005746,528,0.0318317653005746,0,0.0318317653005746,1118,0.0214947643046528,0.00238067921180423,0.0191140850928486,880,0.0199086001013444,0.000794515008495834,0.0191140850928486,1051,116.670035396865,38.5565285677756,78.1135068290895,899,82.058961615086,40.5848106216979,41.4741509933882
Bacteroides_caccae_ATCC_43185_AND_Pseudoflavonifractor_capillosus_strain_ATCC_29799,820,0.0275043369956551,0.0159186067627845,0.0115857302328705,661,0.018182818250725,0.0125168518974996,0.0056659663532254,827,0.0339118168771299,0.0159186067629872,0.0179932101141427,662,0.018182818250725,0.0125168518974996,0.00566596635322536,802,0.0221141171404457,0.0159186067627845,0.00619551037766117,662,0.018182818250725,0.0125168518974996,0.00566596635322545,812,0.0197659983814696,0.0159186067627845,0.00384739161868509,663,0.0174560864720796,0.0136086948533945,0.00384739161868508,528,0.0187378204167291,0,0.0187378204167291,306,0.0187378204167291,0,0.0187378204167291,781,73.6813333852172,34.7799822323678,38.9013511528493,666,68.0011448106625,48.5504692342378,19.4506755764247
Bacteroides_caccae_ATCC_43185_AND_Roseburia_intestinalis_L1_82,812,0.0657049458126145,0.0159186067627845,0.04978633904983,660,0.0503887888739829,0.0040594170301782,0.0463293718438047,846,0.0575938825715284,0.0159186067627845,0.0416752758087439,658,0.054668758948606,0.0159186067627845,0.0387501521858215,511,0.0236680868564973,0,0.0236680868564973,673,0.0219315778805825,0.0159186067627845,0.00601297111779802,845,0.0397971456534685,0.0159186067627845,0.023878538890684,673,0.0197659983814696,0.0159186067627845,0.00384739161868507,860,0.0468896648888279,0.0187378204167291,0.0281518444720988,665,0.028276763054048,0.00084172423275907,0.0274350388212889,829,117.995056491553,52.1699733485517,65.8250831430012,675,65.1001266526985,51.3316694770848,13.7684571756137
Bacteroides_caccae_ATCC_43185_AND_Roseburia_inulinivorans_DSM_16841,795,0.025696709538684,0.0159186067629872,0.00977810277569677,667,0.0198260942512542,0.0100479914754149,0.00977810277583929,795,0.025696709538684,0.0159186067629872,0.00977810277569677,667,0.0198260942512542,0.0100479914754149,0.00977810277583929,832,0.0236680868564973,0.0138899840803266,0.00977810277617069,672,0.0198260942512542,0.0100479914754149,0.00977810277583929,816,0.0256967095388546,0.0159186067629872,0.00977810277586738,667,0.0198260942512542,0.0100479914754149,0.00977810277583929,894,0.0475685103681783,0.0187378204167291,0.0288306899514492,686,0.0297486068358363,0.00717835238627575,0.0225702544495605,805,118.570338717818,52.1699733485517,66.4003653692666,687,90.611578031699,41.6950407906036,48.9165372410953
Bacteroides_caccae_ATCC_43185_AND_Ruminococcus_bromii_L2_63,832,0.0673233058521686,0.0159186067627845,0.0514046990893841,675,0.053326489200004,0.0159186067627845,0.0374078824372195,840,0.0575938825715284,0.0159186067629872,0.0416752758085412,679,0.0559283755225055,0.0159186067627845,0.040009768759721,827,0.0236680868564973,0.0159186067627845,0.00774948009371279,686,0.0236680868564973,0.0159186067627845,0.00774948009371279,836,0.0405733439820287,0.0159186067629872,0.0246547372190416,692,0.0254571689332506,0.0159186067627845,0.00953856217046612,841,0.0478047717445159,0.0187378204167291,0.0290669513277867,704,0.0124535522310154,0.00580812517678593,0.00664542705422945,832,68.7583568622181,52.1699733485518,16.5883835136662,687,67.6754999137504,50.9636359832305,16.7118639305199
Bacteroides_caccae_ATCC_43185_AND_Ruminococcus_callidus_ATCC_2776001,580,0.0736648057456932,0.0736648057456932,0,812,0.0223919935130226,0.00959141414856006,0.0128005793644625,586,0.0575938825715284,0.0575938825715284,0,812,0.0223919935130226,0.00959141414856006,0.0128005793644625,578,0.0236680868564973,0.0236680868564973,0,807,0.023420572774907,0.00858606418878821,0.0148345085861188,595,0.0458601209686777,0.0458601209686777,0,816,0.0211860604956314,0.0107701125293738,0.0104159479662575,990,0.0526162688260779,0.0187378204167291,0.0338784484093488,444,0.0338784484093441,0,0.0338784484093441,973,74.5537472205025,52.1699733485518,22.3837738719508,829,52.4779364376593,48.7379292577014,3.74000717995793
Bacteroides_caccae_ATCC_43185_AND_Ruminococcus_torques_ATCC_27756,871,0.0736648057456932,0.0237566695278184,0.0499081362178748,665,0.0522374205165109,0.0159186067627845,0.0363188137537264,840,0.0575938825715284,0.00515960965208852,0.0524342729194399,667,0.0547635572181487,0.0159186067627845,0.0388449504553642,515,0.0236680868564946,0,0.0236680868564946,681,0.0183944325789349,0.0121989222012737,0.00619551037766117,638,0.0458601209686777,0.0458601209686777,0,679,0.0174560864720796,0.0136086948533945,0.00384739161868509,515,0.0187378204167291,0,0.0187378204167291,321,0.0187378204167291,0,0.0187378204167291,826,91.1828372484148,51.1936375605497,39.9891996878651,686,68.2037225967158,46.9039048630526,21.2998177336633
Bacteroides_caccae_ATCC_43185_AND_Shigella_flexneri_2002017,1038,0.185783282412536,0,0.185783282412536,521,0.185783282412536,0,0.185783282412536,990,0.106931496562196,0,0.106931496562196,903,0.0593476387792862,0.0159186067627844,0.0434290320165017,1009,0.0596911214264911,0,0.0596911214264911,528,0.0596911214264911,0,0.0596911214264911,971,0.0578298124806704,0,0.0578298124806704,528,0.0578298124806704,0,0.0578298124806704,1099,6.72802626621454,0,6.72802626621454,533,6.72802626621454,0,6.72802626621454,1235,150.559565391442,37.3911006306476,113.168464760794,937,75.4844279564376,25.3465414392229,50.1378865172147
Bacteroides_caccae_ATCC_43185_AND_Streptococcus_salivarius_JIM8777,984,0.0273142012691679,0.0159186067627845,0.0113955945063834,789,0.0273142012664281,0.0159186067627845,0.0113955945036436,977,0.0336165267147609,0.0159186067629872,0.0176979199517738,794,0.0336165267145585,0.0159186067627845,0.017697919951774,968,0.0220124413873071,0.0159186067627845,0.00609383462452259,786,0.0220124413841565,0.0159186067627845,0.00609383462137198,971,0.0197028580703855,0.0159186067627845,0.00378425130760096,797,0.0197028580703854,0.0159186067627845,0.00378425130760096,773,0.0193080012357121,0,0.0193080012357121,803,0.0188436730260745,0.00116711389699437,0.0176765591290802,972,82.0466943567008,52.1699733485518,29.876721008149,835,82.0466943567008,52.1699733485518,29.876721008149
Bacteroides_caccae_ATCC_43185_AND_Subdoligranulum_variabile_DSM_15176,860,0.0275043370059221,0.0159186067629872,0.0115857302429349,655,0.0187638159994716,0.0159186067627845,0.00284520923668712,880,0.0339118168769272,0.0159186067627845,0.0179932101141427,652,0.0187638159994717,0.0159186067627845,0.0028452092366872,876,0.0221141171434172,0.0159186067625529,0.00619551038086434,643,0.0221141171404457,0.0159186067627845,0.00619551037766117,841,0.019765998380169,0.0159186067627845,0.00384739161738448,649,0.0197659983814696,0.0159186067627845,0.00384739161868509,894,0.0756420051496458,0.0187378204167291,0.0569041847329167,662,0.0579043121295621,0.00717835238627575,0.0507259597432864,819,106.075524665225,52.1699733485518,53.905551316673,673,77.0607236952745,43.8994805866988,33.1612431085757
Bacteroides_caccae_ATCC_43185_AND_Veillonella_atypica_ACS_049_V_Sch6,1083,0.0172605283515651,0.0159186067627845,0.00134192158878061,915,0.0172605283515651,0.0159186067627845,0.00134192158878061,1102,0.028719186127247,0.0159186067627845,0.0128005793644625,909,0.028719186127247,0.0159186067627845,0.0128005793644625,1144,0.0220124413841565,0.0159186067627845,0.00609383462137198,394,0.0159186067627845,0.0159186067627845,0,1126,0.0197028580691062,0.0159186067627845,0.0037842513063217,902,0.0197316974593204,0.0159186067627845,0.00381309069653592,1195,0.121413029936435,0.0187378204167291,0.102675209519706,904,0.109853561905982,0.00717835238627575,0.102675209519706,1128,104.003158315073,52.1699733485518,51.833184966521,945,71.7849091750025,52.1699733485518,19.6149358264507
Bacteroides_coprocola_M16_DSM_17136_AND_Bacteroides_eggerthii_DSM_20697,693,0.0159186067627845,0.0159186067627845,0,807,0.00935394304661506,0.0056225979137193,0.00373134513289576,693,0.0159186067627845,0.0159186067627845,0,807,0.00935394304661506,0.0056225979137193,0.00373134513289576,691,0.0159186067627845,0.0159186067627845,0,801,0.00935394304661505,0.00562259791371927,0.00373134513289577,687,0.0159186067627845,0.0159186067627845,0,805,0.0093539430466151,0.00562259791371935,0.00373134513289575,982,0.0174010714027175,0.0110052121036164,0.00639585929910112,806,0.0142479368987371,0.00605984061789786,0.00818809628083921,951,68.7369353644727,65.1977387621014,3.53919660237126,793,57.2475123843693,53.708315781998,3.53919660237126
Bacteroides_coprocola_M16_DSM_17136_AND_Bacteroides_fragilis_NCTC_9343,920,0.185783282412536,0,0.185783282412536,522,0.185783282412536,0,0.185783282412536,944,0.145252274036523,0,0.145252274036523,522,0.145252274036523,0,0.145252274036523,947,0.0596911214264911,0,0.0596911214264911,527,0.0596911214264911,0,0.0596911214264911,984,0.115659624961341,0,0.115659624961341,533,0.115659624961341,0,0.115659624961341,892,0.0218960201793722,0,0.0218960201793722,573,0.0218960201793722,0,0.0218960201793722,1190,102.318749360991,57.5884838512082,44.7302655097828,982,67.6777902555558,48.2964602374636,19.3813300180922
Bacteroides_coprocola_M16_DSM_17136_AND_Bacteroides_intestinalis_341_DSM_17393,669,0.031837213525569,0,0.031837213525569,373,0.031837213525569,0,0.031837213525569,684,0.0318372135251056,0,0.0318372135251056,762,0.031837213525569,0.0056225979137193,0.0262146156118497,660,0.0236680868564973,0,0.0236680868564973,377,0.0236680868564973,0,0.0236680868564973,677,0.031837213525569,0,0.031837213525569,764,0.031837213525569,0.00562259791371935,0.0262146156118497,694,0.0187378204167291,0,0.0187378204167291,803,0.0187378204167291,0.010052249228085,0.00868557118864416,973,104.186800362266,61.9340349550996,42.252765407166,794,91.6877946497093,40.3205696596613,51.3672249900481
Bacteroides_coprocola_M16_DSM_17136_AND_Bacteroides_stercoris_ATCC_43183,1043,0.0129789070505777,0.00562259791363741,0.00735630913694031,810,0.0129789070507584,0.00562259791371924,0.0073563091370392,1037,0.0129789070505777,0.00562259791363735,0.00735630913694031,809,0.0129789070507585,0.00562259791371935,0.00735630913703913,1032,0.0129789070508228,0.00562259791394447,0.00735630913687829,803,0.0129789070507585,0.00562259791371941,0.00735630913703909,1005,0.0129789070507198,0.00562259791358375,0.00735630913713601,819,0.0129789070507585,0.00562259791371935,0.00735630913703914,1009,0.0187378204167291,0.0100522492284595,0.00868557118826966,439,0.0142479368987371,0,0.0142479368987371,996,74.7580778864508,65.1977387621014,9.5603391243494,799,63.8834818381009,54.3231427137515,9.56033912434942
Bacteroides_coprocola_M16_DSM_17136_AND_Bacteroides_thetaiotaomicron_VPI_5482,892,0.0318317653005746,0,0.0318317653005746,563,0.0318317653005746,0,0.0318317653005746,865,0.0318317653005746,0,0.0318317653005746,545,0.0318317653005746,0,0.0318317653005746,866,0.0318317653005746,0,0.0318317653005746,544,0.0318317653005746,0,0.0318317653005746,880,0.0318317653005746,0,0.0318317653005746,573,0.0318317653005746,0,0.0318317653005746,862,0.0218960201793722,0,0.0218960201793722,580,0.0218960201793722,0,0.0218960201793722,1147,121.960908185534,48.7083121238309,73.2525960617032,963,111.424288850893,38.1716927891895,73.2525960617033
Bacteroides_coprocola_M16_DSM_17136_AND_Bacteroides_uniformis_ATCC_8492,753,0.0159186067627845,0.0159186067627845,0,412,0.0159186067627845,0,0.0159186067627845,752,0.0159186067625528,0.0159186067625528,0,412,0.0159186067627845,0,0.0159186067627845,747,0.0159186067625528,0.0159186067625528,0,796,0.0159186067627845,0.0056225979137193,0.0102960088490652,736,0.0159186067634215,0.0159186067634215,0,799,0.0159186067627845,0.00142344990298051,0.014495156859804,710,0.0286534921730121,0,0.0286534921730121,382,0.0286534921730121,0,0.0286534921730121,976,117.468177166004,63.205104297314,54.2630728686905,806,89.3865552207047,39.1691232010236,50.2174320196811
Bacteroides_coprocola_M16_DSM_17136_AND_Bifidobacterium_adolescentis_ATCC_15703,1022,0.0451379194393413,0.0159186067629872,0.0292193126763542,860,0.0348419105830484,0.0056225979137193,0.0292193126693291,1027,0.0612976395550006,0.0159186067627845,0.0453790327922162,839,0.0510016307059355,0.00562259791371935,0.0453790327922161,1056,0.0315437379652139,0.0159186067627845,0.0156251312024295,853,0.0212477291080698,0.00562259791371933,0.0156251311943505,1040,0.0256217619694467,0.0159186067629872,0.00970315520645948,854,0.0153257531234593,0.0056225979137193,0.00970315520973997,1039,0.101540439844478,0.0187378204167291,0.0828026194277486,850,0.0908990929917542,0.00809647356400567,0.0828026194277486,996,101.398838615555,43.6124929479264,57.7863456676287,856,87.3705160178052,37.526098306399,49.8444177114062
Bacteroides_coprocola_M16_DSM_17136_AND_Bifidobacterium_bifidum_PRL2010,1071,0.034841910583268,0.00562259791393788,0.0292193126693301,854,0.0315475214092701,0.00562259791371933,0.0259249234955508,1049,0.0510016307140036,0.00562259791394433,0.0453790328000592,854,0.0315475214092701,0.00562259791371933,0.0259249234955508,1058,0.0212477291163738,0.00562259791394432,0.0156251312024295,838,0.0212477291080704,0.00562259791371941,0.015625131194351,1033,0.0153257531200974,0.00562259791363753,0.00970315520645983,841,0.0153257531234593,0.0056225979137193,0.00970315520973997,869,6.72802626621454,0,6.72802626621454,590,6.72802626621454,0,6.72802626621454,1030,124.075719110552,49.6297536626556,74.4459654478967,849,93.1078270938394,37.6374543827937,55.4703727110456
Bacteroides_coprocola_M16_DSM_17136_AND_Bifidobacterium_longum_NCC2705,879,0.066905479270765,0.0159186067627845,0.0509868725079806,691,0.0244893548389512,0.00562259791371936,0.0188667569252318,918,0.0575938825715284,0.00402627233945367,0.0535676102320747,691,0.0244893548389512,0.00562259791371936,0.0188667569252318,598,0.0236680868564973,0,0.0236680868564973,678,0.0129116413484438,0.0056225979137193,0.00728904343472446,896,0.0403729458709863,0.0159186067627845,0.0244543391082018,679,0.0244674592335823,0.00307479749848699,0.0213926617350954,679,0.0187378204167291,0.0187378204167291,0,684,0.0187378204167291,0.000218332265073746,0.0185194881516554,848,117.775339459428,52.1291946884938,65.6461447709345,696,91.5205580536768,40.7888079692068,50.73175008447
Bacteroides_coprocola_M16_DSM_17136_AND_Bilophila_wadsworthia_3_1_6,955,0.00607095698501875,0.00562259791394435,0.000448359071074401,769,0.00607020470131177,0.00562259791371935,0.00044760678759242,962,0.00607095698532007,0.00562259791394436,0.000448359071375711,768,0.0060702047013118,0.00562259791371941,0.000447606787592393,953,0.00607095698517192,0.00562259791408528,0.000448359071086633,764,0.0060702047013117,0.0056225979137193,0.000447606787592404,955,0.00607095698439814,0.00562259791409782,0.000448359070300317,768,0.0060702047013118,0.00562259791371941,0.000447606787592393,970,0.0145358399395672,0.0100522492278454,0.00448359071172174,770,0.0145358399388942,0.0100522492280849,0.00448359071080936,942,87.5841683371729,61.348439043879,26.2357292932939,769,66.0242132493025,53.3699314652356,12.6542817840669
Bacteroides_coprocola_M16_DSM_17136_AND_Blautia_wexlerae_DSM_19850,1015,0.0482334355207983,0.00562259791391054,0.0426108376068878,857,0.0205066865847846,0.00562259791371937,0.0148840886710652,1060,0.0482334355194538,0.00562259791371935,0.0426108376057344,855,0.0205066865847846,0.00562259791371935,0.0148840886710652,1005,0.0233719387389132,0.0056225979141946,0.0177493408247186,849,0.0233505741159662,0.0043207660123354,0.0190298081036308,1042,0.0322550630015655,0.00562259791348499,0.0266324650880805,855,0.0269146820925158,0.0056225979137194,0.0212920841787964,1049,0.0414508627907953,0.0100522492278459,0.0313986135629493,857,0.0167058083127935,0.0100522492280849,0.00665355908470864,1009,96.5145313454148,58.5090495377208,38.005481807694,882,69.1350106389392,50.53595100581,18.5990596331292
Bacteroides_coprocola_M16_DSM_17136_AND_Citrobacter_amalonaticus_Y19,968,0.185783282412536,0,0.185783282412536,516,0.185783282412536,0,0.185783282412536,941,0.142575328749595,0,0.142575328749595,516,0.142575328749595,0,0.142575328749595,938,0.0596911214264911,0,0.0596911214264911,518,0.0596911214264911,0,0.0596911214264911,998,0.0771064166408938,0,0.0771064166408938,512,0.0771064166408938,0,0.0771064166408938,993,8.97070168828606,0,8.97070168828606,927,4.4869524733031,0.0100522492280849,4.47690022407502,1207,186.949453654501,62.0155924693571,124.933861185144,951,141.384416064906,37.2728650772864,104.111550987619
Bacteroides_coprocola_M16_DSM_17136_AND_Clostridium_clostridioforme_CM201,1074,0.0170181924173469,0.00562259791370331,0.0113955945036436,831,0.017018192417363,0.00562259791371936,0.0113955945036436,1075,0.0233205178655031,0.00562259791372915,0.017697919951774,840,0.0233205178654933,0.0056225979137193,0.017697919951774,1052,0.0117164325383226,0.00562259791379999,0.00609383462452259,823,0.0117164325350914,0.00562259791371942,0.00609383462137198,1098,0.00940684922004085,0.00562259791371921,0.00378425130632164,844,0.00940684922132031,0.00562259791371935,0.00378425130760096,771,0.0193080012357121,0,0.0193080012357121,456,0.0193080012357121,0,0.0193080012357121,1067,120.401734178069,55.8334728704876,64.5682613075813,870,93.1479356259659,51.6082761561925,41.5396594697735
Bacteroides_coprocola_M16_DSM_17136_AND_Collinsella_tanakaei_YIT_12063,1028,0.0170181924175879,0.00562259791394432,0.0113955945036436,841,0.017018192417363,0.00562259791371935,0.0113955945036436,1070,0.0184231772784712,0.0056225979140087,0.0128005793644625,837,0.0184231772781818,0.00562259791371928,0.0128005793644625,1077,0.0117164325384564,0.00562259791393385,0.00609383462452258,832,0.0117164325350913,0.0056225979137193,0.00609383462137198,1053,0.00940684921995928,0.00562259791363759,0.0037842513063217,847,0.0094068492213202,0.00562259791371925,0.00378425130760096,1050,0.0435966033851045,0.0100522492287661,0.0335443541563384,854,0.0224997767047099,0.00482321757562974,0.0176765591290802,1048,116.820782669556,55.6710445816007,61.1497380879552,881,96.8194963039354,37.6374543827937,59.1820419211416
Bacteroides_coprocola_M16_DSM_17136_AND_Coprococcus_catus_GD_7,1027,0.0170181924172934,0.00562259791425107,0.0113955945030424,826,0.017018192417363,0.00562259791371935,0.0113955945036436,1032,0.0233205178547653,0.00562259791425122,0.017697919940514,835,0.0209608473053994,0.00506573874530477,0.0158951085600946,1018,0.0117164325351194,0.00562259791374744,0.00609383462137196,822,0.0117164325350914,0.0056225979137194,0.00609383462137198,1012,0.00940684922742542,0.00562259791394434,0.00378425131348109,833,0.00940684922132025,0.0056225979137193,0.00378425130760096,1028,0.0434992354207524,0.0100522492284596,0.0334469861922929,446,0.0243728064474197,0,0.0243728064474197,1053,112.443855296823,64.4259873186474,48.0178679781757,879,84.9017661541061,51.5828017093165,33.3189644447896
Bacteroides_coprocola_M16_DSM_17136_AND_Desulfovibrio_desulfuricans_subsp_desulfuricans_DSM_642,1155,0.0909679594960996,0.00562259791379095,0.0853453615823086,496,0.0853453615821132,0,0.0853453615821132,1138,0.0950565845838478,0.00562259791363748,0.0894339866702103,500,0.0894339866702823,0,0.0894339866702823,865,0.0596911214264911,0,0.0596911214264911,496,0.0596911214264911,0,0.0596911214264911,1155,0.0489328543250238,0.00562259791379095,0.0433102564112329,497,0.0433102564111068,0,0.0433102564111068,1143,0.101404331298357,0.0100522492288766,0.0913520820694806,501,0.0913520820692594,0,0.0913520820692594,1092,121.431625387114,55.3775403903906,66.0540849967232,905,63.4645623359953,52.1692115023984,11.2953508335969
Bacteroides_coprocola_M16_DSM_17136_AND_Desulfovibrio_piger_ATCC_29098,1003,0.00685062953357027,0.00562259791398883,0.00122803161958144,764,0.00685062953327397,0.00562259791371935,0.00122803161955462,1003,0.00685062953321904,0.00562259791363761,0.00122803161958143,764,0.00685062953327397,0.00562259791371935,0.00122803161955462,1004,0.00685062953328937,0.00562259791363737,0.001228031619652,760,0.00685062953327402,0.0056225979137194,0.00122803161955462,1002,0.00685062953321888,0.00562259791363745,0.00122803161958143,764,0.00685062953327409,0.00562259791371946,0.00122803161955463,982,0.0321525816713602,0.0100522492284645,0.0221003324428957,767,0.032004204771546,0.0100522492280849,0.0219519555434611,962,90.973539483427,55.8334728704876,35.1400666129393,764,67.592781670933,35.4283386314767,32.1644430394563
Bacteroides_coprocola_M16_DSM_17136_AND_Dialister_invisus_DSM_15470,1042,0.00651837019298789,0.00562259791429245,0.000895772278695437,416,0.00562259791371935,0.00562259791371935,0,1043,0.020019141801785,0.00562259791363373,0.0143965438881513,469,0.00562259791371941,0.00562259791371941,0,1043,0.0212477291086016,0.00562259791425113,0.0156251311943505,411,0.0056225979137193,0.0056225979137193,0,1037,0.0122222208163498,0.00562259791350236,0.00659962290284746,469,0.00562259791371941,0.00562259791371941,0,1048,0.0110388726645962,0.0100522492303003,0.000986623434295857,892,0.0107319141706615,0.0100522492280849,0.000679664942576649,1027,71.6868003892996,64.7853885957847,6.90141179351489,877,57.3382251283535,54.3231427137515,3.01508241460192
Bacteroides_coprocola_M16_DSM_17136_AND_Dorea_longicatena_DSM_13814,878,0.0172083281463308,0.00562259791346021,0.0115857302328705,696,0.0167128792315113,0.00512714899864108,0.0115857302328703,878,0.0236158080247863,0.00562259791375348,0.0179932101110329,697,0.00843778236100092,0.00562259791371935,0.00281518444728157,840,0.0118181082945021,0.00562259791363753,0.00619551038086454,692,0.00843778236100088,0.00562259791371933,0.00281518444728155,877,0.0094699895316357,0.00562259791425123,0.00384739161738447,694,0.00946998953240445,0.00562259791371935,0.0038473916186851,887,0.0184531067892469,0.0100522492295239,0.00840085755972305,704,0.0184531067876245,0.0100522492280849,0.00840085755953968,855,102.944724349696,65.0706714691126,37.8740528805832,702,77.1390917710903,37.6374543827937,39.5016373882966
Bacteroides_coprocola_M16_DSM_17136_AND_Enterobacter_cloacae_EcWSU1,994,0.185783282412536,0,0.185783282412536,518,0.185783282412536,0,0.185783282412536,1021,0.106931496562196,0,0.106931496562196,921,0.0555432859536256,0.0056225979137193,0.0499206880399063,1021,0.0596911214264911,0,0.0596911214264911,529,0.0596911214264911,0,0.0596911214264911,1010,0.0578298124806704,0,0.0578298124806704,530,0.0578298124806704,0,0.0578298124806704,1080,6.72802626621454,0,6.72802626621454,534,6.72802626621454,0,6.72802626621454,1231,194.094970751183,43.5970799226859,150.497890828497,967,166.85287910481,37.3120911293599,129.54078797545
Bacteroides_coprocola_M16_DSM_17136_AND_Enterococcus_faecium_TX1330,873,0.0172083281465082,0.00562259791363763,0.0115857302328706,675,0.016712879231512,0.0051271489986414,0.0115857302328706,861,0.0236158080284627,0.00562259791431995,0.0179932101141428,676,0.0186058547599681,0.000612644648935165,0.0179932101110329,898,0.0118181082916055,0.00562259791394429,0.00619551037766119,669,0.0118181082913805,0.00562259791371935,0.00619551037766119,883,0.00946998953232258,0.00562259791363748,0.0038473916186851,674,0.00946998953240445,0.00562259791371935,0.0038473916186851,876,0.0187378204167291,0.0100522492275388,0.00868557118919032,290,0.0182215743440233,0,0.0182215743440233,839,113.828284698976,55.4257509821428,58.402533716833,694,76.5511343668396,38.2565179537019,38.2946164131377
Bacteroides_coprocola_M16_DSM_17136_AND_Escherichia_coli_str_K_12_substr_MG1655,890,0.0736648057456932,0,0.0736648057456932,736,0.0736648057456932,0.0056225979137193,0.0680422078319739,866,0.0575938825715284,0,0.0575938825715284,737,0.0575938825715284,0.0056225979137193,0.0519712846578091,958,0.0236680868564973,0,0.0236680868564973,794,0.0118181082913806,0.00562259791371941,0.00619551037766116,905,0.0458601209686777,0,0.0458601209686777,728,0.0458601209686777,0.00562259791371935,0.0402375230549583,978,5.33545044006795,0,5.33545044006795,816,0.294200023065282,0.00791350060169194,0.28628652246359,1172,187.713511993363,64.9948609207029,122.71865107266,841,139.856429259395,37.5908866988449,102.26554256055
Bacteroides_coprocola_M16_DSM_17136_AND_Eubacterium_rectale_M104_1,915,0.0736648057456932,0.0359353066349651,0.0377294991107281,682,0.00844466942076686,0.00562259791371935,0.00282207150704751,925,0.0575938825715284,0.0198643834596828,0.0377294991118456,682,0.00844466942076686,0.00562259791371935,0.00282207150704751,548,0.0236680868564973,0,0.0236680868564973,677,0.00844466942076691,0.0056225979137194,0.00282207150704751,924,0.0458601209686777,0.0191010941761381,0.0267590267925396,682,0.00844466942076686,0.00562259791371935,0.00282207150704751,548,0.0187378204167291,0,0.0187378204167291,298,0.0187378204167291,0,0.0187378204167291,853,125.83707417865,65.1977387621014,60.6393354165488,682,85.5512457938571,37.6374543827937,47.9137914110634
Bacteroides_coprocola_M16_DSM_17136_AND_Faecalibacterium_prausnitzii_L2_6,839,0.0172083281552461,0.00562259792237554,0.0115857302328705,677,0.0172083281465898,0.00562259791371925,0.0115857302328705,865,0.0236158080246755,0.00562259791364265,0.0179932101110329,679,0.0226564777350395,0.0056225979137193,0.0170338798213202,850,0.0118181082919122,0.00562259791425105,0.00619551037766117,671,0.0118181082913806,0.00562259791371943,0.00619551037766117,835,0.00946998953324299,0.00562259791455791,0.00384739161868509,675,0.00946998953240438,0.0056225979137193,0.00384739161868508,535,0.0187378204167291,0,0.0187378204167291,295,0.0187378204167291,0,0.0187378204167291,847,118.684203114309,59.6122683347325,59.0719347795761,691,88.7219879162534,49.0234495652243,39.6985383510291
Bacteroides_coprocola_M16_DSM_17136_AND_Fusobacterium_varium_ATCC_27725,1035,0.0172083281496002,0.0056225979139442,0.011585730235656,783,0.0169816956083144,0.00539596537544388,0.0115857302328705,1058,0.0236158080343969,0.00562259791425107,0.0179932101201459,788,0.0110706168888149,0.00562259791371935,0.00544801897509559,1012,0.0118181082932558,0.0056225979123915,0.00619551038086434,779,0.0110706168888151,0.0056225979137194,0.00544801897509568,1029,0.00946998954619337,0.00562259791425118,0.00384739163194219,782,0.0094699895324044,0.00562259791371925,0.00384739161868515,1038,0.0321722279932799,0.0100522492284595,0.0221199787648204,398,0.0182215743440233,0,0.0182215743440233,997,122.625402766096,57.4559371677049,65.169465598391,828,97.234026200774,42.6622823560768,54.5717438446972
Bacteroides_coprocola_M16_DSM_17136_AND_Haemophilus_parainfluenzae_T3T1,1161,0.0348419105912211,0.00562259791486488,0.0292193126763562,955,0.0102213418679803,0.00562259791371935,0.00459874395426097,1140,0.051001630705857,0.00562259791363759,0.0453790327922194,928,0.0484355336804255,0.00305650088820771,0.0453790327922178,1179,0.021247729107988,0.00562259791363759,0.0156251311943505,948,0.0102213418679807,0.00562259791371941,0.00459874395426128,1135,0.0153257531233779,0.00562259791363759,0.00970315520974031,950,0.012735382997917,0.00562259791371924,0.00711278508419776,1147,0.0353866634971001,0.010052249228758,0.0253344142683421,976,0.033814469869696,0.0100522492280848,0.0237622206416112,1132,145.008335476284,47.2132594446707,97.795076031613,963,109.51653765651,41.0331308863508,68.4834067701596
Bacteroides_coprocola_M16_DSM_17136_AND_Helicobacter_pylori_26695,968,0.0614075789688888,0.00562259791379099,0.0557849810550978,780,0.0560425049879041,0.00562259791371935,0.0504199070741847,632,0.0575938825715284,0,0.0575938825715284,377,0.0575938825715284,0,0.0575938825715284,610,0.0236680868564973,0,0.0236680868564973,780,0.0110644442366804,0.0056225979137193,0.00544184632296107,989,0.0323782072853832,0.00562259791402616,0.0267556093713571,785,0.00946998953240448,0.00562259791371941,0.00384739161868507,964,0.0317333121214293,0.0100522492290021,0.0216810628924272,376,0.0182215743440233,0,0.0182215743440233,944,103.954545549343,55.794701563093,48.1598439862496,787,69.9418734399242,38.9838577450922,30.958015694832
Bacteroides_coprocola_M16_DSM_17136_AND_Klebsiella_pneumoniae_pneumoniae_MGH78578,845,0.0736648057456932,0,0.0736648057456932,742,0.0736648057456932,0.00562259791371935,0.0680422078319738,819,0.0575938825715284,0,0.0575938825715284,744,0.0575938825715284,0.00562259791371941,0.051971284657809,837,0.0236680868564973,0,0.0236680868564973,778,0.0236680868564973,0.00562259791371942,0.0180454889427779,827,0.0458601209686777,0,0.0458601209686777,745,0.0458601209686777,0.0056225979137193,0.0402375230549584,1268,5.33545044006795,0.0286534921732032,5.30679694789475,767,2.67777746926206,0.0100522492280849,2.66772522003398,1056,157.297538046685,55.8334728704876,101.464065176197,801,118.649078390094,39.9935896033867,78.6554887867075
Bacteroides_coprocola_M16_DSM_17136_AND_Lactobacillus_mucosae_LM1,1038,0.00677717858718453,0.00562259791387276,0.00115458067331176,817,0.00677717858692191,0.00562259791371935,0.00115458067320256,994,0.00677717858716409,0.00562259791397834,0.00115458067318575,820,0.00677717858692191,0.00562259791371936,0.00115458067320256,1003,0.0067771785871718,0.00562259791398605,0.00115458067318576,813,0.00677717858692185,0.00562259791371929,0.00115458067320255,990,0.00677717858695128,0.00562259791363951,0.00115458067331176,820,0.00677717858692191,0.00562259791371935,0.00115458067320255,993,0.0126500557431902,0.0100522492284593,0.00259780651473094,827,0.0126500557427905,0.0100522492280848,0.00259780651470575,1017,102.673188753366,60.3290082054806,42.3441805478855,851,81.7725898191431,53.2172926083111,28.5552972108321
Bacteroides_coprocola_M16_DSM_17136_AND_Lactobacillus_reuteri_SD2112_ATCC_55730,867,0.0172083281465902,0.0056225979137193,0.0115857302328709,663,0.01720832814659,0.00562259791371941,0.0115857302328706,871,0.0236158080246704,0.00562259791363746,0.0179932101110329,662,0.00877579060961324,0.00562259791371925,0.00315319269589399,891,0.0118181082911988,0.00562259791353758,0.00619551037766119,657,0.00877579060961333,0.00562259791371934,0.00315319269589399,873,0.00946998953232274,0.00562259791363753,0.00384739161868521,656,0.00946998953240435,0.00562259791371925,0.0038473916186851,834,0.0224592792170781,0.0100522492284595,0.0124070299886186,672,0.0142479368987371,0.00184090691011844,0.0124070299886186,847,118.080157517739,53.414247732716,64.6659097850231,679,99.3366619328181,41.6678214889456,57.6688404438724
Bacteroides_coprocola_M16_DSM_17136_AND_Megasphaera_elsdenii_DSM_20460,1171,0.0348419105902984,0.00562259791394425,0.0292193126763542,937,0.0305257625545464,0.00130644988521729,0.0292193126693291,1166,0.0510016307143102,0.00562259791425096,0.0453790328000592,889,0.0459531797082594,0.00057414691604164,0.0453790327922178,1129,0.0212477291079349,0.00562259791358442,0.0156251311943505,906,0.0212477291080704,0.00562259791371941,0.015625131194351,1147,0.0153257531239908,0.00562259791425117,0.00970315520973962,909,0.0153257531234593,0.00562259791371935,0.00970315520973997,1301,6.73807851545617,0.0100522492290294,6.72802626622714,915,6.7380785154425,0.010052249228085,6.72802626621442,1087,125.786938235545,64.3551342800764,61.4318039554689,926,98.0140056883724,39.0606090739889,58.9533966143834
Bacteroides_coprocola_M16_DSM_17136_AND_Parabacteroides_distasonis_ATCC_8503,806,0.0318317653005746,0,0.0318317653005746,551,0.0318317653005746,0,0.0318317653005746,837,0.0318317653005746,0,0.0318317653005746,550,0.0318317653005746,0,0.0318317653005746,801,0.0318317653005746,0,0.0318317653005746,535,0.0318317653005746,0,0.0318317653005746,797,0.0318317653005746,0,0.0318317653005746,541,0.0318317653005746,0,0.0318317653005746,826,0.0218960201793722,0,0.0218960201793722,566,0.0167888282863063,0,0.0167888282863063,1167,119.614898767892,56.4561815741905,63.158717193702,974,92.1291663343857,51.4221380753441,40.7070282590416
Bacteroides_coprocola_M16_DSM_17136_AND_Parabacteroides_johnsonii_DSM_18315,992,0.0318372135256976,0.00562259791422066,0.0262146156114769,387,0.031837213525569,0,0.031837213525569,992,0.031837213525569,0.00562259791359629,0.0262146156119727,775,0.0318372135255689,0.0056225979137193,0.0262146156118496,983,0.0236680868564973,0.00226955407685527,0.021398532779642,381,0.0236680868564973,0,0.0236680868564973,995,0.031837213525569,0.00562259791394425,0.0262146156116247,786,0.031837213525569,0.00562259791371935,0.0262146156118496,989,0.0187378204167291,0.0100522492289915,0.0086855711877376,411,0.0187378204167291,0,0.0187378204167291,991,105.612411159396,59.72013113185,45.8922800275457,804,74.2869816642258,40.3618857020704,33.9250959621554
Bacteroides_coprocola_M16_DSM_17136_AND_Phascolarctobacterium_succinatutens_YIT_12067,957,0.00988993883391254,0.00562259791383145,0.0042673409200811,783,0.00698792486023622,0.00562259791371935,0.00136532694651687,942,0.00988993883391629,0.00562259791379089,0.0042673409201254,783,0.00701336750208507,0.00562259791371935,0.00139076958836572,947,0.00988993883510513,0.00562259791404814,0.00426734092105699,780,0.00814441347608415,0.00562259791371951,0.00252181556236464,947,0.00988332701412974,0.00562259791387267,0.00426072910025708,785,0.00664796972109945,0.00562259791371941,0.00102537180738005,976,0.0187378204167291,0.00971759201158807,0.00902022840514106,793,0.0102696641461723,0.010052249228085,0.000217414918087381,943,81.2275456481389,65.1651755593166,16.0623700888223,786,54.6744522131147,51.6082761561924,3.06617605692225
Bacteroides_coprocola_M16_DSM_17136_AND_Prevotella_ruminicola_23,777,0.0318317653005746,0,0.0318317653005746,522,0.0318317653005746,0,0.0318317653005746,790,0.0318317653005746,0,0.0318317653005746,527,0.0318317653005746,0,0.0318317653005746,802,0.0318317653005746,0,0.0318317653005746,528,0.0318317653005746,0,0.0318317653005746,871,0.0318317653005746,0,0.0318317653005746,528,0.0318317653005746,0,0.0318317653005746,1118,0.0214947643046528,0.00238067921180423,0.0191140850928486,896,0.0199086001013443,0.000794515008495763,0.0191140850928486,1082,126.699439397776,48.6293249979806,78.0701143997959,926,94.1174268887347,35.3635452759429,58.7538816127918
Bacteroides_coprocola_M16_DSM_17136_AND_Pseudoflavonifractor_capillosus_strain_ATCC_29799,853,0.0172083281498995,0.00562259791424349,0.0115857302356561,680,0.0112885642669447,0.0056225979137193,0.00566596635322544,873,0.0236158080279993,0.00562259791385658,0.0179932101141427,681,0.0112885642669448,0.00562259791371935,0.00566596635322545,852,0.0118181082914564,0.0056225979137952,0.00619551037766116,677,0.0112885642669446,0.00562259791371919,0.00566596635322544,880,0.00946998953102207,0.00562259791363759,0.00384739161738448,676,0.00946998953240444,0.00562259791371936,0.00384739161868508,545,0.0187378204167291,0,0.0187378204167291,306,0.0187378204167291,0,0.0187378204167291,838,92.8458298319244,53.9444786790751,38.9013511528494,681,72.5422828774318,53.0916073010071,19.4506755764247
Bacteroides_coprocola_M16_DSM_17136_AND_Roseburia_intestinalis_L1_82,906,0.0657049458135794,0.0159186067627845,0.0497863390507949,681,0.0503887888739806,0.00405941703018508,0.0463293718437955,908,0.0575938825715284,0.00528757167283883,0.0523063108986896,677,0.0531407492184284,0.0056225979137194,0.047518151304709,858,0.0236680868564973,0.0158646200505132,0.00780346680598412,687,0.0118181082913806,0.0056225979137194,0.00619551037766119,890,0.039797145653801,0.0159186067627845,0.0238785388910165,691,0.00946998953240442,0.00562259791371935,0.00384739161868507,922,0.0468896648894431,0.0187378204167291,0.0281518444727139,684,0.0282767630540489,0.000841724232759995,0.0274350388212889,840,126.876310941987,63.4266622121644,63.449648729823,694,67.7876229227457,54.019165747132,13.7684571756137
Bacteroides_coprocola_M16_DSM_17136_AND_Roseburia_inulinivorans_DSM_16841,865,0.0256967095389511,0.0159186067629872,0.00977810277596389,680,0.012349667463561,0.00854598828748376,0.0038036791760772,883,0.025696709539015,0.0159186067627845,0.00977810277623053,680,0.0123496674635613,0.00854598828748376,0.00380367917607754,881,0.0236680868564973,0.0159186067627845,0.00774948009371276,675,0.0116677978341313,0.00627995551198437,0.00538784232214691,882,0.0256967095392175,0.0159186067629872,0.00977810277623036,680,0.0123496674635613,0.00854598828748376,0.00380367917607754,882,0.0475685103685727,0.0187378204167291,0.0288306899518435,699,0.030652615254818,0.0142479368987371,0.0164046783560809,856,126.263611364611,62.0371920783196,64.2264192862918,706,97.045161960591,48.7365241561031,48.308637804488
Bacteroides_coprocola_M16_DSM_17136_AND_Ruminococcus_bromii_L2_63,886,0.0570272970031855,0.00562259791423779,0.0514046990889477,691,0.052083492982988,0.00562259791371927,0.0464608950692687,880,0.0575938825715284,0.00562259791382921,0.0519712846576992,696,0.0546853793054892,0.00562259791371935,0.0490627813917698,875,0.0236680868564973,0.00562259791398137,0.0180454889425159,696,0.0236680868564973,0.00562259791371941,0.0180454889427779,878,0.0302773351321729,0.00562259791328972,0.0246547372188832,709,0.0151611600841855,0.00562259791371936,0.00953856217046612,854,0.0391192005554524,0.0100522492279393,0.0290669513275132,715,0.0133749134586378,0.0100522492280849,0.00332266423055293,864,83.4417309904098,63.0779441922537,20.3637867981561,705,67.013290048595,50.3014261180752,16.7118639305199
Bacteroides_coprocola_M16_DSM_17136_AND_Ruminococcus_callidus_ATCC_2776001,997,0.0491513369792968,0.00562259791363756,0.0435287390656592,833,0.0184231772781818,0.00562259791371929,0.0128005793644625,997,0.0491513369793258,0.00562259791363756,0.0435287390656883,832,0.0184231772781818,0.00562259791371929,0.0128005793644625,971,0.0233719387389091,0.00562259791394436,0.0177493408249648,822,0.023350576211021,0.00432089367239776,0.0190296825386232,991,0.0343584716390086,0.00562259791361105,0.0287358737253975,444,0.010415947966257,0,0.010415947966257,957,0.0439306976385417,0.0100522492290732,0.0338784484094685,444,0.0338784484093436,0,0.0338784484093436,976,90.0156424136582,60.3945688893344,29.6210735243238,848,62.5387065898829,47.0445342364658,15.4941723534171
Bacteroides_coprocola_M16_DSM_17136_AND_Ruminococcus_torques_ATCC_27756,879,0.0555307341321391,0.00562259791413885,0.0499081362180003,683,0.0507308607961255,0.00562259791371942,0.0451082628824061,879,0.0575938825715284,0.00515960965159118,0.0524342729199372,685,0.0532569974977643,0.00562259791371943,0.0476343995840449,556,0.0236680868564973,0,0.0236680868564973,695,0.0111707278521653,0.00562259791371943,0.00554812993844589,886,0.0295595531994633,0.00562259791379175,0.0239369552856716,416,0.00562259791371935,0.00562259791371935,0,877,0.0187378204167291,0.0100522492280582,0.0086855711886709,321,0.0187378204167291,0,0.0187378204167291,839,101.494490909793,63.2024831842484,38.292007725545,700,76.5347383212078,37.6374543827937,38.8972839384141
Bacteroides_coprocola_M16_DSM_17136_AND_Shigella_flexneri_2002017,1017,0.185783282412536,0,0.185783282412536,521,0.185783282412536,0,0.185783282412536,1030,0.106931496562196,0,0.106931496562196,920,0.0555432859536256,0.00562259791371924,0.0499206880399064,981,0.0596911214264911,0,0.0596911214264911,528,0.0596911214264911,0,0.0596911214264911,1039,0.0578298124806704,0,0.0578298124806704,528,0.0578298124806704,0,0.0578298124806704,1080,6.72802626621454,0,6.72802626621454,533,6.72802626621454,0,6.72802626621454,1273,161.795968247041,49.1892129610351,112.606755286006,958,107.741841277151,37.6374543827937,70.1043868943572
Bacteroides_coprocola_M16_DSM_17136_AND_Streptococcus_salivarius_JIM8777,1004,0.0170181924177413,0.00562259791409772,0.0113955945036436,814,0.017018192417363,0.00562259791371936,0.0113955945036436,1004,0.0233205178654115,0.00562259791363748,0.017697919951774,814,0.0233205178654933,0.00562259791371935,0.017697919951774,1020,0.0117164325385538,0.00562259791403123,0.00609383462452259,802,0.0117164325350912,0.0056225979137192,0.00609383462137198,1046,0.0094068492213919,0.00562259791379095,0.00378425130760096,817,0.00940684922132031,0.00562259791371935,0.00378425130760096,701,0.0193080012357121,0,0.0193080012357121,823,0.0188436730260745,0.00116711389699437,0.0176765591290802,1010,100.648554382711,55.8334728704875,44.8150815122235,851,84.1998637219005,54.3231427137515,29.876721008149
Bacteroides_coprocola_M16_DSM_17136_AND_Subdoligranulum_variabile_DSM_15176,850,0.0172083281492937,0.00562259791363764,0.011585730235656,676,0.0084678071504064,0.00562259791371925,0.00284520923668716,850,0.0236158080277802,0.00562259791363753,0.0179932101141427,672,0.00846780715040645,0.00562259791371925,0.0028452092366872,900,0.0118181082945019,0.00562259791363753,0.00619551038086434,659,0.0112632445117167,0.0056225979137193,0.00564064659799736,885,0.00946998953171759,0.00562259791433311,0.00384739161738448,670,0.00946998953240449,0.00562259791371941,0.00384739161868509,891,0.0669564339618912,0.0100522492284592,0.056904184733432,680,0.058304719188115,0.010052249228085,0.0482524699600301,843,115.093962532517,62.0371920783197,53.056770454197,690,92.0927465889885,37.643374997235,54.4493715917535
Bacteroides_coprocola_M16_DSM_17136_AND_Veillonella_atypica_ACS_049_V_Sch6,1184,0.00696451950281885,0.00562259791403824,0.00134192158878061,934,0.0069645195024999,0.00562259791371929,0.00134192158878061,1156,0.0184231772781002,0.0056225979136377,0.0128005793644625,930,0.0184231772781819,0.00562259791371936,0.0128005793644625,1162,0.0117164325383135,0.00562259791379092,0.00609383462452259,411,0.0056225979137194,0.0056225979137194,0,1136,0.00940684921972406,0.00562259791340236,0.0037842513063217,922,0.00943568861025528,0.00562259791371937,0.00381309069653592,1171,0.112727458748165,0.0100522492284595,0.102675209519706,918,0.112727458747791,0.010052249228085,0.102675209519706,1157,109.805581105235,65.1977387621014,44.6078423431332,966,78.2454374808996,50.2492958184394,27.9961416624602
Bacteroides_eggerthii_DSM_20697_AND_Bacteroides_fragilis_NCTC_9343,931,0.185783282412536,0,0.185783282412536,522,0.185783282412536,0,0.185783282412536,931,0.145252274036523,0,0.145252274036523,522,0.145252274036523,0,0.145252274036523,930,0.0596911214264911,0,0.0596911214264911,527,0.0596911214264911,0,0.0596911214264911,964,0.115659624961341,0,0.115659624961341,533,0.115659624961341,0,0.115659624961341,870,0.0218960201793722,0,0.0218960201793722,573,0.0218960201793722,0,0.0218960201793722,1181,50.4143166740902,3.53919660237126,46.8751200717189,977,37.7293443114968,3.53919660237126,34.1901477091256
Bacteroides_eggerthii_DSM_20697_AND_Bacteroides_intestinalis_341_DSM_17393,624,0.031837213525569,0,0.031837213525569,373,0.031837213525569,0,0.031837213525569,650,0.031837213525569,0,0.031837213525569,373,0.0318372135255689,0,0.0318372135255689,642,0.0236680868564973,0,0.0236680868564973,377,0.0236680868564973,0,0.0236680868564973,629,0.031837213525569,0,0.031837213525569,374,0.031837213525569,0,0.031837213525569,641,0.0187378204167291,0,0.0187378204167291,422,0.0187378204167291,0,0.0187378204167291,956,57.4694925792779,3.53919660237126,53.9302959769067,781,55.8551555496368,3.53919660237126,52.3159589472655
Bacteroides_eggerthii_DSM_20697_AND_Bacteroides_stercoris_ATCC_43183,688,0.0113735520330907,0,0.0113735520330907,420,0.0113735520330907,0,0.0113735520330907,688,0.0113735520329252,0,0.0113735520329252,419,0.0113735520330907,0,0.0113735520330907,688,0.0113735520329251,0,0.0113735520329251,419,0.0113735520330907,0,0.0113735520330907,676,0.0113735520329251,0,0.0113735520329251,430,0.0113735520330907,0,0.0113735520330907,665,0.0187378204167291,0,0.0187378204167291,439,0.0142479368987371,0,0.0142479368987371,972,13.0995357267207,3.53919660237126,9.56033912434942,778,13.0995357267207,3.53919660237126,9.56033912434942
Bacteroides_eggerthii_DSM_20697_AND_Bacteroides_thetaiotaomicron_VPI_5482,817,0.0318317653005746,0,0.0318317653005746,562,0.0318317653005746,0,0.0318317653005746,861,0.0318317653005746,0,0.0318317653005746,545,0.0318317653005746,0,0.0318317653005746,825,0.0318317653005746,0,0.0318317653005746,544,0.0318317653005746,0,0.0318317653005746,858,0.0318317653005746,0,0.0318317653005746,572,0.0318317653005746,0,0.0318317653005746,881,0.0218960201793722,0,0.0218960201793722,583,0.0218960201793722,0,0.0218960201793722,1140,76.7917926640745,3.53919660237126,73.2525960617033,948,74.9224323204708,3.53919660237126,71.3832357180996
Bacteroides_eggerthii_DSM_20697_AND_Bacteroides_uniformis_ATCC_8492,653,0.0159186067629871,0,0.0159186067629871,412,0.0159186067627845,0,0.0159186067627845,635,0.0159186067627845,0,0.0159186067627845,412,0.0159186067627845,0,0.0159186067627845,641,0.0159186067629872,0,0.0159186067629872,413,0.0159186067627845,0,0.0159186067627845,692,0.0159186067629872,0,0.0159186067629872,417,0.0159186067627845,0,0.0159186067627845,667,0.0286534921732031,0,0.0286534921732031,382,0.0286534921730121,0,0.0286534921730121,985,74.9438372756544,3.53919660237126,71.4046406732832,804,57.1375089387325,3.53919660237126,53.5983123363612
Bacteroides_eggerthii_DSM_20697_AND_Bifidobacterium_adolescentis_ATCC_15703,995,0.0349883263531636,0.00576901367680841,0.0292193126763552,864,0.0349883263461375,0.00576901367680841,0.0292193126693291,983,0.0511480464768677,0.00576901367680841,0.0453790328000592,842,0.0511480464690245,0.00576901367680841,0.0453790327922161,977,0.0213941448792373,0.00576901367680841,0.0156251312024289,863,0.0213941448711594,0.00576901367680841,0.015625131194351,977,0.0154721688832679,0.00576901367680841,0.00970315520645948,857,0.0154721688865484,0.00576901367680841,0.00970315520973997,989,0.0931868440460037,0.0103842246182551,0.0828026194277486,850,0.0857368376932496,0.00293421826550101,0.0828026194277486,1000,61.3399764003551,3.53919660237126,57.8007797979838,468,49.9575555404215,0,49.9575555404215
Bacteroides_eggerthii_DSM_20697_AND_Bifidobacterium_bifidum_PRL2010,1057,0.0349883263531636,0.00576901367680841,0.0292193126763552,853,0.0316939371723592,0.00576901367680841,0.0259249234955508,1087,0.0511480464768693,0.00576901367680841,0.0453790328000609,853,0.0316939371723592,0.00576901367680841,0.0259249234955508,1064,0.0213941448711595,0.00576901367680841,0.0156251311943511,845,0.0194948217903627,0.00386969059601221,0.0156251311943505,1069,0.0154721688832682,0.00576901367680841,0.00970315520645983,844,0.0154721688865484,0.00576901367680841,0.00970315520973997,857,6.72802626621454,0,6.72802626621454,586,6.72802626621454,0,6.72802626621454,1049,77.9851620502678,3.53919660237126,74.4459654478966,835,56.4381838867929,3.53919660237126,52.8989872844216
Bacteroides_eggerthii_DSM_20697_AND_Bifidobacterium_longum_NCC2705,912,0.0567558861832632,0.00576901367680841,0.0509868725064548,694,0.0246357706020402,0.00576901367680841,0.0188667569252318,885,0.0575938825715284,0.00402627233967928,0.0535676102318491,694,0.0246357706020402,0.00576901367680841,0.0188667569252318,557,0.0236680868564973,0,0.0236680868564973,683,0.0133386844841495,0.00576901367680841,0.00756967080734113,895,0.0302233527850202,0.00576901367680841,0.0244543391082118,677,0.0233675651894244,0.000875009410171173,0.0224925557792533,861,0.0187378204167291,0.0103842246183244,0.00835359579840473,289,0.0187378204167291,0,0.0187378204167291,852,70.9372291492691,3.53919660237126,67.3980325468978,677,55.6618103613066,3.53919660237126,52.1226137589354
Bacteroides_eggerthii_DSM_20697_AND_Bilophila_wadsworthia_3_1_6,631,0.0736648057456932,0.0736648057456932,0,774,0.00683400228029009,0.00547284959957609,0.001361152680714,631,0.0575938825715284,0.0575938825715284,0,773,0.00683400228029007,0.00547284959957609,0.00136115268071398,943,0.0236680868564973,0.017472576475633,0.00619551038086432,773,0.00683400228029007,0.00547284959957609,0.00136115268071398,648,0.0458601209686777,0.0458601209686777,0,771,0.00652804669299442,0.00555793319003824,0.000970113502956176,973,5.33545044006795,2.66772522003398,2.66772522003397,764,0.0127702200654985,0.0097207000156414,0.00304952004985706,935,36.1533564025181,3.53919660237126,32.6141598001469,749,24.3057050721854,3.53919660237126,20.7665084698141
Bacteroides_eggerthii_DSM_20697_AND_Blautia_wexlerae_DSM_19850,1041,0.0483798512810518,0.00576901367680841,0.0426108376042434,860,0.0206531023478736,0.00576901367680841,0.0148840886710652,1020,0.048379851284865,0.00576901367680841,0.0426108376080566,861,0.0206531023478736,0.00576901367680841,0.0148840886710652,1038,0.0233743415971911,0.00576901367680841,0.0176053279203827,858,0.0233743415971911,0.00576901367680841,0.0176053279203827,1017,0.0324014787645566,0.00576901367680841,0.0266324650877482,853,0.0296716207919292,0.00303915570406729,0.0266324650878619,1011,0.0417828381788195,0.0103842246182551,0.0313986135605643,861,0.0170377837029638,0.0103842246182551,0.00665355908470864,1030,46.8788748179347,3.53919660237126,43.3396782155634,865,31.0203597931785,3.53919660237126,27.4811631908072
Bacteroides_eggerthii_DSM_20697_AND_Citrobacter_amalonaticus_Y19,951,0.185783282412536,0,0.185783282412536,516,0.185783282412536,0,0.185783282412536,930,0.142575328749595,0,0.142575328749595,516,0.142575328749595,0,0.142575328749595,942,0.0596911214264911,0,0.0596911214264911,518,0.0596911214264911,0,0.0596911214264911,938,0.0771064166408938,0,0.0771064166408938,512,0.0771064166408938,0,0.0771064166408938,981,8.97070168828606,0,8.97070168828606,933,4.48700536708371,0.0103842246182551,4.47662114246546,1158,128.473057787515,3.53919660237126,124.933861185144,938,104.429621320356,0.529777331841085,103.899843988515
Bacteroides_eggerthii_DSM_20697_AND_Clostridium_clostridioforme_CM201,733,0.0736648057456932,0.0736648057456932,0,837,0.0149979981684461,0.00360240366480246,0.0113955945036436,734,0.0575938825715284,0.0575938825715284,0,841,0.020102081487965,0.00240416153619099,0.017697919951774,724,0.0236680868564973,0.0236680868564973,0,830,0.0107042459016181,0.00461041128024618,0.0060938346213719,733,0.0458601209686777,0.0458601209686777,0,846,0.00883377669721445,0.00504952538961344,0.00378425130760101,785,0.0193080012357121,0,0.0193080012357121,456,0.0193080012357121,0,0.0193080012357121,1034,68.1074579099525,3.53919660237126,64.5682613075813,854,46.5847041407588,3.53919660237126,43.0455075383875
Bacteroides_eggerthii_DSM_20697_AND_Collinsella_tanakaei_YIT_12063,1054,0.0171646081831918,0.00576901367680841,0.0113955945063834,847,0.017164608180452,0.00576901367680841,0.0113955945036436,1054,0.0185695930412709,0.00576901367680841,0.0128005793644625,842,0.0185695930412709,0.00576901367680841,0.0128005793644625,1076,0.011862848301331,0.00576901367680841,0.00609383462452259,842,0.0118628482981804,0.00576901367680841,0.00609383462137198,1052,0.00955326498440936,0.00576901367680841,0.00378425130760096,855,0.00955326498440937,0.00576901367680841,0.00378425130760096,1033,0.0439285787745937,0.0103842246182551,0.0335443541563385,859,0.0224997767047099,0.00482321757562974,0.0176765591290802,1069,70.0890601675,3.53919660237126,66.5498635651287,868,60.9496969431739,3.53919660237126,57.4105003408026
Bacteroides_eggerthii_DSM_20697_AND_Coprococcus_catus_GD_7,1062,0.0171646081903514,0.00576901367680841,0.011395594513543,830,0.017164608180452,0.00576901367680841,0.0113955945036436,1062,0.0234669336316415,0.00576901367680841,0.0176979199548331,840,0.0216641222369034,0.00576901367680841,0.015895108560095,1045,0.0118628482979366,0.00576901367680841,0.00609383462112817,831,0.0108382251579341,0.00474439053656208,0.00609383462137198,1025,0.00955326498313016,0.00576901367680841,0.00378425130632175,839,0.00955326498440936,0.00576901367680841,0.00378425130760096,1066,0.0438312108113009,0.0103842246182551,0.0334469861930457,446,0.0243728064474197,0,0.0243728064474197,1029,60.1848703736339,3.53919660237126,56.6456737712626,866,43.7313629483959,3.53919660237126,40.1921663460246
Bacteroides_eggerthii_DSM_20697_AND_Desulfovibrio_desulfuricans_subsp_desulfuricans_DSM_642,835,0.185783282412536,0,0.185783282412536,496,0.0853453615821182,0,0.0853453615821182,813,0.106931496562196,0,0.106931496562196,500,0.0894339866702853,0,0.0894339866702853,831,0.0596911214264911,0,0.0596911214264911,496,0.0596911214264911,0,0.0596911214264911,827,0.0578298124806704,0,0.0578298124806704,497,0.0433102564111077,0,0.0433102564111077,887,6.72802626621454,0,6.72802626621454,501,0.0913520820692591,0,0.0913520820692591,1079,69.5932815990944,3.53919660237126,66.0540849967231,887,14.8345474359682,3.53919660237126,11.2953508335969
Bacteroides_eggerthii_DSM_20697_AND_Desulfovibrio_piger_ATCC_29098,692,0.0736648057456932,0.0736648057456932,0,771,0.00672984613746575,0.00550181451791118,0.00122803161955458,1001,0.0575938825715284,0.0563658509520172,0.00122803161951126,771,0.00672984613746575,0.00550181451791118,0.00122803161955458,678,0.0236680868564973,0.0236680868564973,0,771,0.00672984613746575,0.00550181451791118,0.00122803161955458,692,0.0458601209686777,0.0458601209686777,0,771,0.00672984613746579,0.00550181451791117,0.00122803161955462,1028,3.56129693481415,3.53919660237126,0.0221003324428933,772,0.0276758940380987,0.00557556159520298,0.0221003324428958,955,38.6792632153106,3.53919660237126,35.1400666129393,756,37.1014512527649,3.53919660237126,33.5622546503937
Bacteroides_eggerthii_DSM_20697_AND_Dialister_invisus_DSM_15470,1038,0.0742053959539837,0.0733096236752118,0.00089577227877186,471,0.00576901367680841,0.00576901367680841,0,1032,0.0662820624171982,0.0518855185298309,0.0143965438873674,471,0.00576901367680841,0.00576901367680841,0,1019,0.0330977076780619,0.0174725764756331,0.0156251312024289,471,0.00576901367680841,0.00576901367680841,0,1087,0.0498429317839163,0.0432433088807093,0.00659962290320695,474,0.00576901367680841,0.00576901367680841,0,1003,0.0197244438515719,0.0187378204167291,0.00098662343484273,898,0.0111835779581836,0.0101969545238859,0.000986623434297727,1001,11.6782157770165,3.53919660237126,8.13901917464528,861,6.55427901697319,3.53919660237126,3.01508241460193
Bacteroides_eggerthii_DSM_20697_AND_Dorea_longicatena_DSM_13814,868,0.0173547439096788,0.00576901367680841,0.0115857302328704,699,0.0143674195600895,0.00576901367680841,0.00859840588328112,866,0.0237622237909509,0.00576901367680841,0.0179932101141425,699,0.0143674195600895,0.00576901367680841,0.00859840588328112,850,0.0119645240544696,0.00576901367680841,0.00619551037766119,699,0.0119645240544696,0.00576901367680841,0.00619551037766119,871,0.00961640529549348,0.00576901367680841,0.00384739161868507,695,0.0096164052954934,0.00576901367680841,0.00384739161868499,845,0.0187378204167291,0.0103369628571334,0.00840085755959571,703,0.0187378204167291,0.0103842246182551,0.00835359579847399,852,55.481231115523,3.53919660237126,51.9420345131517,687,41.26718464908,3.53919660237126,37.7279880467087
Bacteroides_eggerthii_DSM_20697_AND_Enterobacter_cloacae_EcWSU1,982,0.185783282412536,0,0.185783282412536,518,0.185783282412536,0,0.185783282412536,928,0.106931496562196,0,0.106931496562196,925,0.0561891653127284,0.00272341703163049,0.053465748281098,926,0.0596911214264911,0,0.0596911214264911,529,0.0596911214264911,0,0.0596911214264911,908,0.0578298124806704,0,0.0578298124806704,530,0.0578298124806704,0,0.0578298124806704,1070,6.72802626621454,0,6.72802626621454,534,6.72802626621454,0,6.72802626621454,1228,154.037087430868,3.53919660237126,150.497890828497,951,129.7189574561,3.53919660237126,126.179760853729
Bacteroides_eggerthii_DSM_20697_AND_Enterococcus_faecium_TX1330,882,0.0173547439124645,0.00576901367680841,0.0115857302356561,675,0.0147808123770975,0.00576901367680841,0.00901179870028914,882,0.0237622237909512,0.00576901367680841,0.0179932101141428,678,0.0237341094404738,0.00574089932944092,0.0179932101110329,882,0.0119645240576728,0.00576901367680841,0.00619551038086437,676,0.0119645240544696,0.00576901367680841,0.00619551037766119,882,0.00961640530147175,0.00576901367680841,0.00384739162466334,672,0.00961640529549371,0.00576901367680841,0.0038473916186853,569,0.0187378204167291,0,0.0187378204167291,290,0.0182215743440233,0,0.0182215743440233,851,61.9417303192052,3.53919660237126,58.4025337168339,677,40.726011118555,3.53919660237126,37.1868145161838
Bacteroides_eggerthii_DSM_20697_AND_Escherichia_coli_str_K_12_substr_MG1655,886,0.0736648057456932,0,0.0736648057456932,742,0.0736648057456932,0.00576901367680841,0.0678957920688848,887,0.0575938825715284,0,0.0575938825715284,343,0.0575938825715284,0,0.0575938825715284,936,0.0236680868564973,0,0.0236680868564973,797,0.0119645240544696,0.00576901367680841,0.00619551037766116,932,0.0458601209686777,0,0.0458601209686777,337,0.0458601209686777,0,0.0458601209686777,982,5.33545044006795,0,5.33545044006795,825,0.293247045740424,0.000962196617863148,0.292284849122561,1170,126.257847675032,3.53919660237126,122.718651072661,823,104.818543162566,3.53919660237126,101.279346560195
Bacteroides_eggerthii_DSM_20697_AND_Eubacterium_rectale_M104_1,910,0.0736648057456932,0.0359353066341936,0.0377294991114996,684,0.0111620512300171,0.00426925679189563,0.00689279443812145,906,0.0575938825715284,0.0198643834600732,0.0377294991114553,684,0.0111620512300171,0.00426925679189563,0.00689279443812145,668,0.0236680868564973,0.0236680868564973,0,684,0.0106164845288663,0.00442097415120517,0.00619551037766117,696,0.0458601209686777,0.0458601209686777,0,685,0.00877927717265754,0.00493188555397246,0.00384739161868508,543,0.0187378204167291,0,0.0187378204167291,301,0.0187378204167291,0,0.0187378204167291,855,66.7814419272226,3.53919660237126,63.2422453248513,665,49.5406675188836,3.53919660237126,46.0014709165123
Bacteroides_eggerthii_DSM_20697_AND_Faecalibacterium_prausnitzii_L2_6,817,0.0173547439124645,0.00576901367680841,0.0115857302356561,681,0.0173547439096789,0.00576901367680841,0.0115857302328705,824,0.0237622237909511,0.00576901367680841,0.0179932101141427,682,0.0237622237878413,0.00576901367680841,0.0179932101110328,831,0.0119645240544696,0.00576901367680841,0.00619551037766116,675,0.0119645240544696,0.00576901367680841,0.00619551037766117,833,0.00961640529419289,0.00576901367680841,0.00384739161738448,675,0.00961640529549349,0.00576901367680841,0.00384739161868508,512,0.0187378204167291,0,0.0187378204167291,295,0.0187378204167291,0,0.0187378204167291,856,63.0870041289149,3.53919660237126,59.5478075265436,668,43.2377349534003,3.53919660237126,39.6985383510291
Bacteroides_eggerthii_DSM_20697_AND_Fusobacterium_varium_ATCC_27725,1019,0.0736648057456932,0.0620790755245948,0.0115857302210984,787,0.0148338826190258,0.00324815238615525,0.0115857302328706,1049,0.0575938825715284,0.0521086737226531,0.00548520884887536,792,0.0100607327431459,0.0045755238940381,0.00548520884910784,1008,0.0236680868564973,0.0174725764847987,0.00619551037169858,789,0.0106164845288663,0.00442097415120517,0.00619551037766116,1035,0.0458601209686777,0.0420127293440154,0.00384739162466233,788,0.00877927717265759,0.00493188555397245,0.00384739161868514,1059,3.56131658113608,3.53919660237126,0.0221199787648204,397,0.0182215743440233,0,0.0182215743440233,989,75.4805266729501,3.53919660237126,71.9413300705788,813,59.4054647193295,3.53919660237126,55.8662681169582
Bacteroides_eggerthii_DSM_20697_AND_Haemophilus_parainfluenzae_T3T1,1119,0.034988326346138,0.00576901367680841,0.0292193126693296,961,0.0157750332982126,0.00576901367680841,0.0100060196214042,1122,0.0511480464768676,0.00576901367680841,0.0453790328000592,927,0.0511480464690262,0.00576901367680841,0.0453790327922178,1100,0.0213941448711589,0.00576901367680841,0.0156251311943505,957,0.0114498777316865,0.00576901367680841,0.00568086405487806,1108,0.0154721688832679,0.00576901367680841,0.00970315520645948,954,0.015472168886548,0.00576901367680841,0.00970315520973962,1134,0.0357186388865972,0.0103842246182551,0.0253344142683421,980,0.0340005339276232,0.0103842246182551,0.0236163093093681,1118,101.334272633984,3.53919660237126,97.795076031613,945,81.5720491338856,3.53919660237126,78.0328525315144
Bacteroides_eggerthii_DSM_20697_AND_Helicobacter_pylori_26695,942,0.0736648057456932,0.017879824690238,0.0557849810554551,776,0.0588241367594816,0.00303915570406734,0.0557849810554143,665,0.0575938825715771,0,0.0575938825715771,377,0.0575938825715284,0,0.0575938825715284,618,0.0236680868564973,0,0.0236680868564973,787,0.0119645240544696,0.00576901367680841,0.00619551037766115,944,0.0458601209686777,0.0191045115969551,0.0267556093717226,789,0.00961640529549362,0.00576901367680841,0.00384739161868521,996,3.56087766526369,3.53919660237126,0.0216810628924272,376,0.0182215743440233,0,0.0182215743440233,927,51.6990405886209,3.53919660237126,48.1598439862497,769,34.2041536079747,3.53919660237126,30.6649570056035
Bacteroides_eggerthii_DSM_20697_AND_Klebsiella_pneumoniae_pneumoniae_MGH78578,1160,0.0736648057456932,0.00576901367680841,0.0678957920688848,348,0.0736648057456932,0,0.0736648057456932,1188,0.0575938825715284,0.00576901367680841,0.05182486889472,752,0.0575938825715284,0.00576901367680841,0.05182486889472,1153,0.0236680868564973,0.00576901367680841,0.0178990731796889,401,0.0236680868564973,0,0.0236680868564973,1158,0.0458601209686777,0.00576901367680841,0.0400911072918693,750,0.0458601209686777,0.00281980587016481,0.0430403150985129,942,5.33545044006795,0,5.33545044006795,766,2.67810944465223,0.0103842246182551,2.66772522003398,1093,105.003261778568,3.53919660237126,101.464065176197,780,82.9132851701036,3.53919660237126,79.3740885677323
Bacteroides_eggerthii_DSM_20697_AND_Lactobacillus_mucosae_LM1,975,0.00692359435001096,0.00576901367680841,0.00115458067320255,823,0.00672946205917137,0.00557488138596882,0.00115458067320255,1007,0.00692359435106177,0.00576901367680841,0.00115458067425336,819,0.0067294620591714,0.00557488138596882,0.00115458067320259,1007,0.00692359435120229,0.00576901367680841,0.00115458067439388,823,0.00672946205917135,0.00557488138596883,0.00115458067320253,1000,0.00692359435002776,0.00576901367680841,0.00115458067321936,829,0.00672946205917138,0.00557488138596882,0.00115458067320255,1014,0.0129820311329861,0.0103842246182551,0.00259780651473095,823,0.0125452334785719,0.00994742696386605,0.00259780651470585,1011,50.264297375378,3.53919660237126,46.7251007730068,838,36.7008525623441,3.53919660237126,33.1616559599728
Bacteroides_eggerthii_DSM_20697_AND_Lactobacillus_reuteri_SD2112_ATCC_55730,843,0.0173547439096793,0.00576901367680841,0.0115857302328709,665,0.0148338826190256,0.00324815238615532,0.0115857302328702,854,0.0237622237878418,0.00576901367680841,0.0179932101110334,665,0.00823612433477461,0.00508293163888062,0.00315319269589399,846,0.0119645240577462,0.00576901367688186,0.00619551038086434,664,0.00823612433477461,0.00508293163888062,0.00315319269589399,842,0.00961640529419295,0.00576901367680841,0.00384739161738454,660,0.00877927717265756,0.00493188555397246,0.0038473916186851,853,0.0227912546071004,0.0103842246184818,0.0124070299886186,673,0.0142479368987371,0.00184090691011844,0.0124070299886186,858,71.2607557395354,3.53919660237126,67.7215591371641,664,68.7748195750973,3.53919660237126,65.235622972726
Bacteroides_eggerthii_DSM_20697_AND_Megasphaera_elsdenii_DSM_20460,1157,0.0912983881863928,0.0620790755100365,0.0292193126763562,934,0.0296927791835911,0.000473466514262018,0.0292193126693291,1140,0.084979705252713,0.0396006724604953,0.0453790327922178,886,0.0455871076231688,0.000208074830950985,0.0453790327922178,1106,0.0330977076731867,0.0174725764788362,0.0156251311943505,914,0.0186293218520772,0.00300419065772664,0.0156251311943505,1117,0.051715884557753,0.0420127293512932,0.00970315520645983,912,0.0137552228623568,0.00405206765261681,0.00970315520973997,1283,9.39575148624446,2.66772522003664,6.72802626620782,916,6.73841049083267,0.0103842246182551,6.72802626621442,1096,71.1174687052276,3.53919660237126,67.5782721028563,909,62.474768989367,3.53919660237126,58.9355723869958
Bacteroides_eggerthii_DSM_20697_AND_Parabacteroides_distasonis_ATCC_8503,836,0.0318317653005746,0,0.0318317653005746,551,0.0318317653005746,0,0.0318317653005746,848,0.0318317653005746,0,0.0318317653005746,541,0.0318317653005746,0,0.0318317653005746,843,0.0318317653005746,0,0.0318317653005746,535,0.0318317653005746,0,0.0318317653005746,821,0.0318317653005746,0,0.0318317653005746,546,0.0318317653005746,0,0.0318317653005746,849,0.0218960201793722,0,0.0218960201793722,567,0.0167888282863063,0,0.0167888282863063,1152,72.4583664376269,3.53919660237126,68.9191698352556,964,55.1856308296371,3.53919660237126,51.6464342272658
Bacteroides_eggerthii_DSM_20697_AND_Parabacteroides_johnsonii_DSM_18315,659,0.031837213525569,0,0.031837213525569,387,0.031837213525569,0,0.031837213525569,660,0.031837213525569,0,0.031837213525569,382,0.0318372135255689,0,0.0318372135255689,657,0.0236680868564973,0,0.0236680868564973,381,0.0236680868564973,0,0.0236680868564973,699,0.0318372135255689,0,0.0318372135255689,391,0.031837213525569,0,0.031837213525569,705,0.0187378204167291,0.0187378204167291,0,411,0.0187378204167291,0,0.0187378204167291,982,58.7877488444464,3.53919660237126,55.2485522420752,792,37.3813884197095,3.53919660237126,33.8421918173383
Bacteroides_eggerthii_DSM_20697_AND_Phascolarctobacterium_succinatutens_YIT_12067,946,0.0736648057456932,0.0693974648255515,0.00426734092014163,788,0.00683726829561002,0.00547194134909313,0.00136532694651689,946,0.0575938825715284,0.0533265416514568,0.00426734092007167,788,0.00685717504376207,0.00546640545539636,0.00139076958836571,937,0.0236680868564973,0.0194007459363361,0.0042673409201612,789,0.00774212431461891,0.00522030875225428,0.00252181556236463,957,0.0458601209686777,0.0450873367879839,0.000772784180693761,791,0.00657128171379186,0.00554590990641179,0.00102537180738007,628,0.0187378204167291,0.0187378204167291,0,795,0.0105543336833665,0.010336918765279,0.000217414918087465,958,21.2226967527371,3.53919660237126,17.6835001503659,770,15.9225993009227,3.53919660237126,12.3834026985514
Bacteroides_eggerthii_DSM_20697_AND_Prevotella_ruminicola_23,774,0.0318317653005746,0,0.0318317653005746,520,0.0318317653005746,0,0.0318317653005746,752,0.0318317653005746,0,0.0318317653005746,527,0.0318317653005746,0,0.0318317653005746,778,0.0318317653005746,0,0.0318317653005746,528,0.0318317653005746,0,0.0318317653005746,753,0.0318317653005746,0,0.0318317653005746,528,0.0318317653005746,0,0.0318317653005746,1124,0.0214947643046528,0.00238067921180423,0.0191140850928486,896,0.0199086001013431,0.000794515008494484,0.0191140850928486,1080,81.6578566739009,3.53919660237126,78.1186600715297,910,62.4420205060063,3.53919660237126,58.902823903635
Bacteroides_eggerthii_DSM_20697_AND_Pseudoflavonifractor_capillosus_strain_ATCC_29799,809,0.0173547439096789,0.00576901367680841,0.0115857302328705,686,0.0102021604349884,0.0045361940817634,0.00566596635322504,845,0.0237622237472786,0.00576901367680841,0.0179932100704702,687,0.0102021604349887,0.00453619408176333,0.00566596635322536,805,0.0119645240544696,0.00576901367680841,0.00619551037766116,687,0.0102021604349884,0.00453619408176342,0.00566596635322493,809,0.00961640529419289,0.00576901367680841,0.00384739161738448,684,0.00877927717265754,0.00493188555397246,0.00384739161868508,517,0.0187378204167291,0,0.0187378204167291,699,0.0187378204167291,0.00337365072190605,0.0153641696948231,833,42.4405477552206,3.53919660237126,38.9013511528493,666,22.9898721787959,3.53919660237126,19.4506755764247
Bacteroides_eggerthii_DSM_20697_AND_Roseburia_intestinalis_L1_82,862,0.055555352726345,0.00576901367680841,0.0497863390495365,683,0.0509181114362055,0.00113177238641483,0.0497863390497907,862,0.0575938825715284,0.00528757167414404,0.0523063108973844,684,0.0555466440946063,0.00576901367680841,0.0497776304177979,507,0.0236680868564973,0,0.0236680868564973,697,0.0119645240544696,0.00576901367680841,0.00619551037766115,892,0.029647552567723,0.00576901367680841,0.0238785388909146,695,0.00961640529549349,0.00576901367680841,0.00384739161868509,871,0.03853606909228,0.0103842246182551,0.0281518444740248,687,0.0285568839794839,0.000405039506668788,0.0281518444728151,873,69.5921672585691,3.53919660237126,66.0529706561979,677,17.307653777985,3.53919660237126,13.7684571756137
Bacteroides_eggerthii_DSM_20697_AND_Roseburia_inulinivorans_DSM_16841,841,0.0155471164531124,0.00576901367688186,0.00977810277623053,685,0.0134195646895568,0.00364146191371728,0.00977810277583947,841,0.0155471164525788,0.00576901367688186,0.00977810277569694,685,0.0134195646895568,0.00364146191371728,0.00977810277583947,841,0.0155471164530821,0.00576901367688186,0.0097781027762002,689,0.0134195646895567,0.00364146191371731,0.00977810277583935,831,0.0155471164531124,0.00576901367688186,0.00977810277623053,682,0.0134195646895569,0.00364146191371726,0.0097781027758396,861,0.0392149145694214,0.0103842246183244,0.028830689951097,709,0.032941838222921,0.00411114827175881,0.0288306899511622,877,70.3397092295051,3.53919660237126,66.8005126271339,692,58.0612483131762,3.53919660237126,54.5220517108049
Bacteroides_eggerthii_DSM_20697_AND_Ruminococcus_bromii_L2_63,862,0.0571737127657892,0.00576901367688186,0.0514046990889073,697,0.0545628347278564,0.00576901367680841,0.048793821051048,867,0.0575938825715284,0.00576901367688186,0.0518248688946466,701,0.0571647210503569,0.00576901367680841,0.0513957073735485,846,0.0236680868564973,0.00576901367680841,0.0178990731796889,704,0.0236680868564973,0.00576901367680841,0.0178990731796889,839,0.0304237508949979,0.00576901367688186,0.024654737218116,714,0.0153075758472745,0.00576901367680841,0.00953856217046612,812,0.0394511759407208,0.0103842246182551,0.0290669513224656,715,0.0151611453986111,0.0103842246182551,0.00477692078035594,829,36.7159636297037,3.53919660237126,33.1767670273324,688,20.2510605328911,3.53919660237126,16.7118639305199
Bacteroides_eggerthii_DSM_20697_AND_Ruminococcus_callidus_ATCC_2776001,574,0.0736648057456932,0.0736648057456932,0,837,0.0162765744831017,0.00347599511863925,0.0128005793644625,600,0.0575938825715284,0.0575938825715284,0,836,0.0162765744831017,0.00347599511863925,0.0128005793644625,590,0.0236680868564973,0.0236680868564973,0,828,0.0233115158706061,0.00194079094951199,0.0213707249210941,582,0.0458601209686777,0.0458601209686777,0,837,0.0143191115664777,0.00390316360022048,0.0104159479662572,969,0.0526162688260411,0.0187378204167291,0.033878448409312,842,0.0381938921769225,0.00431544376757987,0.0338784484093426,993,39.5517987953388,3.53919660237126,36.0126021929675,840,25.4306364727055,3.53919660237126,21.8914398703342
Bacteroides_eggerthii_DSM_20697_AND_Ruminococcus_torques_ATCC_27756,899,0.0736648057456932,0.0237566695280036,0.0499081362176895,687,0.0531422832560147,0.00576901367680841,0.0473732695792063,901,0.0575938825715284,0.0051596096516818,0.0524342729198466,690,0.0556684199576516,0.00576901367680841,0.0498994062808432,581,0.0236680868564973,0,0.0236680868564973,710,0.0106164845288663,0.00442097415120517,0.00619551037766117,846,0.0458601209686777,0.0219231656828334,0.0239369552858443,709,0.00877927717265754,0.00493188555397246,0.00384739161868508,634,0.0187378204167291,0.0187378204167291,0,321,0.0187378204167291,0,0.0187378204167291,844,51.0581052383558,3.53919660237126,47.5189086359846,689,40.6899670641728,3.53919660237126,37.1507704618015
Bacteroides_eggerthii_DSM_20697_AND_Shigella_flexneri_2002017,1007,0.185783282412536,0,0.185783282412536,521,0.185783282412536,0,0.185783282412536,1026,0.106931496562196,0,0.106931496562196,931,0.0592347619579064,0.00576901367680841,0.053465748281098,995,0.0596911214264911,0,0.0596911214264911,528,0.0596911214264911,0,0.0596911214264911,996,0.0578298124806704,0,0.0578298124806704,528,0.0578298124806704,0,0.0578298124806704,1062,6.72802626621454,0,6.72802626621454,533,6.72802626621454,0,6.72802626621454,1270,116.707661363165,3.53919660237126,113.168464760794,941,70.4941603326891,0.869569867491749,69.6245904651974
Bacteroides_eggerthii_DSM_20697_AND_Streptococcus_salivarius_JIM8777,1016,0.0171646081831917,0.00576901367680841,0.0113955945063833,817,0.017164608180452,0.00576901367680841,0.0113955945036436,1020,0.0234669336316412,0.00576901367680841,0.0176979199548328,817,0.0234669336285824,0.00576901367680841,0.017697919951774,1014,0.0118628482981804,0.00576901367680841,0.00609383462137198,809,0.0118628482981804,0.00576901367680841,0.00609383462137198,1014,0.00955326498440937,0.00576901367680841,0.00378425130760096,815,0.00955326498440937,0.00576901367680841,0.00378425130760096,710,0.0193080012357121,0,0.0193080012357121,822,0.0188436730260745,0.00116711389699437,0.0176765591290802,1036,48.3542781145947,3.53919660237126,44.8150815122235,831,33.4159176105202,3.53919660237126,29.876721008149
Bacteroides_eggerthii_DSM_20697_AND_Subdoligranulum_variabile_DSM_15176,838,0.0173547439124645,0.00576901367680841,0.011585730235656,681,0.0152013884544873,0.00576901367680841,0.00943237477767891,848,0.0237622237909511,0.00576901367680841,0.0179932101141427,677,0.0152013884544873,0.00576901367680841,0.0094323747776789,845,0.0119645240576727,0.00576901367680841,0.00619551038086434,669,0.0119645240544696,0.00576901367680841,0.00619551037766117,841,0.00961640530147173,0.00576901367680841,0.00384739162466332,675,0.00961640529549349,0.00576901367680841,0.00384739161868509,900,2.67810944465223,0.0103842246182551,2.66772522003398,679,0.057566863410754,0.0103842246182551,0.0471826387924988,836,63.8007476056911,3.53919660237126,60.2615510033199,673,56.493232002485,3.53919660237126,52.9540354001137
Bacteroides_eggerthii_DSM_20697_AND_Veillonella_atypica_ACS_049_V_Sch6,1152,0.00711093526550507,0.00576901367672446,0.00134192158878061,936,0.00711093526558902,0.00576901367680841,0.00134192158878061,1153,0.0185695930413444,0.00576901367688186,0.0128005793644625,932,0.0185695930412709,0.00576901367680841,0.0128005793644625,1146,0.0118628483014045,0.00576901367688186,0.00609383462452259,416,0.00576901367680841,0.00576901367680841,0,1119,0.00955326498320351,0.00576901367688186,0.00378425130632164,927,0.00958210437334433,0.00576901367680841,0.00381309069653592,1210,0.113059434137961,0.0103842246182551,0.102675209519706,918,0.113059434137961,0.0103842246182551,0.102675209519706,1215,62.4154828076423,3.53919660237126,58.876286205271,946,39.5765941831085,3.53919660237126,36.0373975807373
Bacteroides_fragilis_NCTC_9343_AND_Bacteroides_intestinalis_341_DSM_17393,955,0.185783282412536,0.185783282412536,0,522,0.185783282412536,0.185783282412536,0,969,0.145252274036523,0.145252274036523,0,522,0.145252274036523,0.145252274036523,0,927,0.0596911214264911,0.0596911214264911,0,527,0.0596911214264911,0.0596911214264911,0,971,0.115659624961341,0.115659624961341,0,533,0.115659624961341,0.115659624961341,0,910,0.0218960201793722,0.0218960201793722,0,573,0.0218960201793722,0.0218960201793722,0,1191,99.6291623125795,45.6988663356728,53.9302959769067,978,70.4271322767006,28.7093792988628,41.7177529778377
Bacteroides_fragilis_NCTC_9343_AND_Bacteroides_stercoris_ATCC_43183,930,0.185783282412536,0.185783282412536,0,522,0.185783282412536,0.185783282412536,0,952,0.145252274036523,0.145252274036523,0,522,0.145252274036523,0.145252274036523,0,929,0.0596911214264911,0.0596911214264911,0,527,0.0596911214264911,0.0596911214264911,0,979,0.115659624961341,0.115659624961341,0,533,0.115659624961341,0.115659624961341,0,932,0.0218960201793722,0.0218960201793722,0,573,0.0218960201793722,0.0218960201793722,0,1233,56.4354591960675,46.875120071718,9.56033912434944,986,44.7166791781382,35.1563400537889,9.56033912434936
Bacteroides_fragilis_NCTC_9343_AND_Bacteroides_thetaiotaomicron_VPI_5482,919,0.185783282412536,0.185783282412536,0,522,0.185783282412536,0.185783282412536,0,1396,0.145252274036523,0.0766415549486546,0.0686107190878686,522,0.145252274036523,0.145252274036523,0,936,0.0596911214264911,0.0596911214264911,0,527,0.0596911214264911,0.0596911214264911,0,975,0.115659624961341,0.115659624961341,0,533,0.115659624961341,0.115659624961341,0,934,0.0218960201793722,0,0.0218960201793722,573,0.0218960201793722,0.0218960201793722,0,1342,107.94547582533,36.6116037862348,71.3338720390951,1129,86.7349135826026,18.5379130814666,68.197000501136
Bacteroides_fragilis_NCTC_9343_AND_Bacteroides_uniformis_ATCC_8492,953,0.185783282412536,0.185783282412536,0,522,0.185783282412536,0.185783282412536,0,924,0.145252274036523,0.145252274036523,0,522,0.145252274036523,0.145252274036523,0,928,0.0596911214264911,0.0596911214264911,0,527,0.0596911214264911,0.0596911214264911,0,964,0.115659624961341,0.115659624961341,0,533,0.115659624961341,0.115659624961341,0,1268,5.34866448384895,0.0218960201793722,5.32676846366958,921,0.0310725028922279,0.00472698925058663,0.0263455136416413,1245,104.679008634069,38.7527278211634,65.9262808129054,984,64.300433668466,19.3813300180922,44.9191036503738
Bacteroides_fragilis_NCTC_9343_AND_Bifidobacterium_adolescentis_ATCC_15703,908,0.185783282413168,0.185783282413168,0,522,0.185783282412536,0.185783282412536,0,1248,0.145252274036523,0.128776267715009,0.0164760063215141,522,0.145252274036523,0.145252274036523,0,906,0.0596911214265277,0.0596911214265277,0,964,0.0596911214264912,0.0440659902321401,0.015625131194351,908,0.115659624961341,0.115659624961341,0,533,0.115659624961341,0.115659624961341,0,1233,0.104698639607121,0.0218960201793722,0.0828026194277486,996,0.099385071553939,0.0165824521261905,0.0828026194277486,1226,95.7182915615014,45.2362573383833,50.4820342231181,1031,61.7428138009591,19.3813300180922,42.3614837828668
Bacteroides_fragilis_NCTC_9343_AND_Bifidobacterium_bifidum_PRL2010,1324,0.185783282412536,0.156563969743205,0.0292193126693301,522,0.185783282412536,0.185783282412536,0,986,0.145252274036523,0.145252274036523,0,522,0.145252274036523,0.145252274036523,0,1292,0.0596911214264912,0.0440659902321401,0.015625131194351,953,0.0596911214264912,0.0440659902321401,0.015625131194351,988,0.115659624961341,0.115659624961341,0,533,0.115659624961341,0.115659624961341,0,1361,6.73897427630423,0.0218960201793722,6.71707825612486,588,6.72802626621394,0,6.72802626621394,1225,121.321085519614,46.8751200717179,74.4459654478966,1032,69.3915120180992,22.6608741770993,46.7306378409999
Bacteroides_fragilis_NCTC_9343_AND_Bifidobacterium_longum_NCC2705,924,0.185783282412536,0.185783282412536,0,522,0.185783282412536,0.185783282412536,0,943,0.145252274036523,0.145252274036523,0,522,0.145252274036523,0.145252274036523,0,924,0.0596911214264911,0.0596911214264911,0,527,0.0596911214264911,0.0596911214264911,0,941,0.115659624961341,0.115659624961341,0,533,0.115659624961341,0.115659624961341,0,908,0.0218960201793722,0.0218960201793722,0,573,0.0218960201793722,0.0218960201793722,0,1069,114.273152618616,46.8751200717179,67.3980325468978,874,72.2504680289088,23.6761530451447,48.5743149837641
Bacteroides_fragilis_NCTC_9343_AND_Bilophila_wadsworthia_3_1_6,942,0.185783282412536,0.185783282412536,0,522,0.185783282412536,0.185783282412536,0,942,0.145252274036523,0.145252274036523,0,522,0.145252274036523,0.145252274036523,0,946,0.0596911214264911,0.0596911214264911,0,527,0.0596911214264911,0.0596911214264911,0,945,0.115659624961341,0.115659624961341,0,533,0.115659624961341,0.115659624961341,0,964,13.4560525324291,13.4560525324291,0,573,0.0218960201793722,0.0218960201793722,0,1154,79.2079034770076,46.8751200717177,32.3327834052899,950,46.8490932813623,31.7697573341074,15.0793359472549
Bacteroides_fragilis_NCTC_9343_AND_Blautia_wexlerae_DSM_19850,888,0.185783282412536,0.185783282412536,0,522,0.185783282412536,0.185783282412536,0,883,0.145252274036523,0.145252274036523,0,522,0.145252274036523,0.145252274036523,0,892,0.0596911214264911,0.0596911214264911,0,527,0.0596911214264911,0.0596911214264911,0,896,0.115659624961341,0.115659624961341,0,533,0.115659624961341,0.115659624961341,0,1294,0.0532946337413587,0.0218960201793722,0.0313986135619865,573,0.0218960201793722,0.0218960201793722,0,1246,87.2258549620705,46.8751200717184,40.3507348903521,1061,58.2904582612988,35.1069849234599,23.1834733378389
Bacteroides_fragilis_NCTC_9343_AND_Citrobacter_amalonaticus_Y19,1105,0.185783282412536,0.185783282412536,0,522,0.185783282412536,0.185783282412536,0,1459,0.145252274036523,0.00803083586078591,0.137221438175737,522,0.145252274036523,0.145252274036523,0,1030,0.0596911214264911,0,0.0596911214264911,518,0.0596911214264911,0,0.0596911214264911,1093,0.115659624961341,0.115659624961341,0,533,0.115659624961341,0.115659624961341,0,1162,13.4560525324291,13.4560525324291,0,1078,4.49994819092928,0.0218960201793722,4.4780521707499,1430,171.544748467051,46.6108872819076,124.933861185144,1128,111.050829481723,19.3813300180922,91.6694994636305
Bacteroides_fragilis_NCTC_9343_AND_Clostridium_clostridioforme_CM201,974,0.185783282412536,0.185783282412536,0,522,0.185783282412536,0.185783282412536,0,991,0.145252274036523,0.145252274036523,0,531,0.145252274036523,0.145252274036523,0,957,0.0596911214264911,0.0596911214264911,0,527,0.0596911214264911,0.0596911214264911,0,1001,0.115659624961341,0.115659624961341,0,533,0.115659624961341,0.115659624961341,0,1002,0.0218960201793722,0.0218960201793722,0,583,0.0218960201793722,0.0218960201793722,0,1269,111.443381379299,46.8751200717175,64.5682613075813,1047,73.2078196060007,35.1069849234606,38.1008346825401
Bacteroides_fragilis_NCTC_9343_AND_Collinsella_tanakaei_YIT_12063,922,0.185783282412536,0.185783282412536,0,522,0.185783282412536,0.185783282412536,0,933,0.145252274036523,0.145252274036523,0,522,0.145252274036523,0.145252274036523,0,936,0.0596911214264911,0.0596911214264911,0,527,0.0596911214264911,0.0596911214264911,0,946,0.115659624961341,0.115659624961341,0,533,0.115659624961341,0.115659624961341,0,1260,0.0554403743349248,0.0218960201793722,0.0335443541555526,998,0.028688910682379,0.0110123515532988,0.0176765591290802,1282,111.192295313624,46.8751200717189,64.3171752419049,1061,82.9085769174987,24.5479123379981,58.3606645795006
Bacteroides_fragilis_NCTC_9343_AND_Coprococcus_catus_GD_7,927,0.185783282412536,0.185783282412536,0,522,0.185783282412536,0.185783282412536,0,926,0.145252274036523,0.145252274036523,0,531,0.145252274036523,0.145252274036523,0,914,0.0596911214264911,0.0596911214264911,0,527,0.0596911214264911,0.0596911214264911,0,911,0.115659624961341,0.115659624961341,0,533,0.115659624961341,0.115659624961341,0,1237,0.0553430063717803,0.0218960201793722,0.0334469861924081,981,0.0307761985742791,0.00611547101525483,0.0246607275590243,1232,100.332109764382,46.6628859195308,53.669223844851,1058,68.6886919081039,29.2924165710918,39.3962753370121
Bacteroides_fragilis_NCTC_9343_AND_Desulfovibrio_desulfuricans_subsp_desulfuricans_DSM_642,1355,0.185783282412536,0.100437920830032,0.0853453615825033,522,0.185783282412536,0.185783282412536,0,1360,0.145252274036523,0.076641554948933,0.0686107190875902,522,0.145252274036523,0.145252274036523,0,931,0.0596911214264911,0,0.0596911214264911,527,0.0596911214264911,0.0596911214264911,0,994,0.115659624961341,0.115659624961341,0,533,0.115659624961341,0.115659624961341,0,1402,0.113248102247227,0.0218960201793722,0.0913520820678551,501,0.0913520820692591,0,0.0913520820692591,1327,112.929205068442,46.8751200717183,66.0540849967233,1083,42.618572835236,31.3232220016391,11.2953508335969
Bacteroides_fragilis_NCTC_9343_AND_Desulfovibrio_piger_ATCC_29098,968,0.185783282412536,0.185783282412536,0,522,0.185783282412536,0.185783282412536,0,977,0.145252274036523,0.145252274036523,0,522,0.145252274036523,0.145252274036523,0,964,0.0596911214264911,0.0596911214264911,0,527,0.0596911214264911,0.0596911214264911,0,954,0.115659624961341,0.115659624961341,0,533,0.115659624961341,0.115659624961341,0,1201,0.0627838149492117,0.0406834825061025,0.0221003324431092,914,0.0290698106671639,0.00696947822426813,0.0221003324428958,1174,82.0151866846582,46.8751200717188,35.1400666129394,947,44.2608822650908,19.3813300180922,24.8795522469987
Bacteroides_fragilis_NCTC_9343_AND_Dialister_invisus_DSM_15470,891,0.185783282412536,0.185783282412536,0,522,0.185783282412536,0.185783282412536,0,897,0.145252274036523,0.145252274036523,0,522,0.145252274036523,0.145252274036523,0,901,0.0596911214264911,0.0596911214264911,0,527,0.0596911214264911,0.0596911214264911,0,903,0.115659624973125,0.115659624973125,0,533,0.115659624961341,0.115659624961341,0,1237,0.0228826436127665,0.0218960201793722,0.000986623433394306,1030,0.022280629135101,0.0218960201793722,0.000384608955728763,1263,55.014139246364,46.8751200717188,8.13901917464523,1054,38.1714224683909,35.1563400537889,3.01508241460197
Bacteroides_fragilis_NCTC_9343_AND_Dorea_longicatena_DSM_13814,861,0.185783282412536,0.185783282412536,0,522,0.185783282412536,0.185783282412536,0,865,0.145252274036523,0.145252274036523,0,522,0.145252274036523,0.145252274036523,0,864,0.0596911214264911,0.0596911214264911,0,527,0.0596911214264911,0.0596911214264911,0,902,0.115659624961341,0.115659624961341,0,533,0.115659624961341,0.115659624961341,0,849,0.0218960201793722,0.0218960201793722,0,573,0.0218960201793722,0.0218960201793722,0,1078,98.3352008491863,46.875120071718,51.4600807774683,876,54.2416584539378,19.3813300180922,34.8603284358456
Bacteroides_fragilis_NCTC_9343_AND_Enterobacter_cloacae_EcWSU1,1051,0.185783282412535,0,0.185783282412535,518,0.185783282412536,0,0.185783282412536,1485,0.145252274036523,0.0766415549486546,0.0686107190878686,522,0.145252274036523,0.145252274036523,0,1012,0.0596911214264874,0,0.0596911214264874,529,0.0596911214264911,0,0.0596911214264911,1067,0.115659624961341,0.115659624961341,0,533,0.115659624961341,0.115659624961341,0,1588,6.73897427630423,0.0218960201793722,6.71707825612486,534,6.72802626621454,0,6.72802626621454,1448,185.977334514766,35.4794436862692,150.497890828497,1143,141.464444377182,19.3813300180922,122.08311435909
Bacteroides_fragilis_NCTC_9343_AND_Enterococcus_faecium_TX1330,923,0.185783282412536,0.185783282412536,0,522,0.185783282412536,0.185783282412536,0,930,0.145252274036523,0.145252274036523,0,530,0.145252274036523,0.145252274036523,0,873,0.0596911214264911,0.0596911214264911,0,527,0.0596911214264911,0.0596911214264911,0,932,0.115659624961341,0.115659624961341,0,570,0.115659624961341,0.115659624961341,0,918,0.0218960201793722,0.0218960201793722,0,573,0.0218960201793722,0.0218960201793722,0,1069,105.277653788553,46.8751200717188,58.402533716834,872,60.2600984982494,21.32507602036,38.9350224778893
Bacteroides_fragilis_NCTC_9343_AND_Escherichia_coli_str_K_12_substr_MG1655,1162,0.185783282412536,0.185783282412536,0,522,0.185783282412536,0.185783282412536,0,1176,0.145252274036523,0.145252274036523,0,522,0.145252274036523,0.145252274036523,0,1137,0.0596911214264911,0.0596911214264911,0,527,0.0596911214264912,0.0596911214264912,0,1179,0.115659624961341,0.115659624961341,0,533,0.115659624961341,0.115659624961341,0,1263,13.4560525324291,13.4560525324291,0,414,0.292284849122561,0,0.292284849122561,1380,169.329538354568,46.6108872819075,122.71865107266,1010,112.044338356549,19.3813300180922,92.6630083384566
Bacteroides_fragilis_NCTC_9343_AND_Eubacterium_rectale_M104_1,943,0.185783282412536,0.185783282412536,0,531,0.185783282412536,0.185783282412536,0,924,0.145252274036523,0.145252274036523,0,531,0.145252274036523,0.145252274036523,0,901,0.0596911214264911,0.0596911214264911,0,536,0.0596911214264911,0.0596911214264911,0,945,0.115659624961341,0.115659624961341,0,542,0.115659624961341,0.115659624961341,0,900,0.0218960201793722,0.0218960201793722,0,573,0.0218960201793722,0.0218960201793722,0,1056,110.117365396569,46.8751200717176,63.2422453248514,865,67.7233325473766,19.8095411363131,47.9137914110634
Bacteroides_fragilis_NCTC_9343_AND_Faecalibacterium_prausnitzii_L2_6,916,0.185783282412536,0.185783282412536,0,531,0.185783282412536,0.185783282412536,0,907,0.145252274036523,0.145252274036523,0,531,0.145252274036523,0.145252274036523,0,910,0.0596911214264911,0.0596911214264911,0,536,0.0596911214264911,0.0596911214264911,0,909,0.115659624961341,0.115659624961341,0,542,0.115659624961341,0.115659624961341,0,875,0.0218960201793722,0.0218960201793722,0,581,0.0218960201793722,0.0218960201793722,0,1066,106.422927598262,46.875120071718,59.5478075265437,875,66.6890848380737,26.9905464870446,39.6985383510291
Bacteroides_fragilis_NCTC_9343_AND_Fusobacterium_varium_ATCC_27725,988,0.185783282412536,0.185783282412536,0,522,0.185783282412536,0.185783282412536,0,972,0.145252274036523,0.145252274036523,0,522,0.145252274036523,0.145252274036523,0,979,0.0596911214264911,0.0596911214264911,0,527,0.0596911214264911,0.0596911214264911,0,995,0.115659624961341,0.115659624961341,0,533,0.115659624961341,0.115659624961341,0,1231,0.0628034612709229,0.0406834825061025,0.0221199787648204,573,0.0218960201793722,0.0218960201793722,0,1217,115.920685019967,46.8371863333635,69.0834986866031,1012,74.0377772087388,21.0164359063181,53.0213413024207
Bacteroides_fragilis_NCTC_9343_AND_Haemophilus_parainfluenzae_T3T1,1401,0.185783282412536,0.156563969736181,0.0292193126763542,1062,0.185783282412536,0.18118453845829,0.00459874395424504,1386,0.145252274036523,0.099873241236464,0.0453790328000592,522,0.145252274036523,0.145252274036523,0,1377,0.0596911214264911,0.0440659902321407,0.0156251311943505,527,0.0596911214264911,0.0596911214264911,0,941,0.115659624961341,0.115659624961341,0,533,0.115659624961341,0.115659624961341,0,1389,0.0472304344477143,0.0218960201793722,0.0253344142683421,1120,0.0472304344477143,0.0218960201793722,0.0253344142683421,1345,135.000919234588,46.8751200717184,88.1257991628694,1141,91.9313303348606,27.6190925090906,64.31223782577
Bacteroides_fragilis_NCTC_9343_AND_Helicobacter_pylori_26695,935,0.185783282412536,0.185783282412536,0,522,0.185783282412536,0.185783282412536,0,944,0.145252274036523,0.145252274036523,0,522,0.145252274036523,0.145252274036523,0,946,0.0596911214264911,0.0596911214264911,0,527,0.0596911214264911,0.0596911214264911,0,951,0.115659624961341,0.115659624961341,0,533,0.115659624961341,0.115659624961341,0,1026,13.4560525324291,13.4560525324291,0,919,0.0289599710264834,0.00727890813405612,0.0216810628924272,1181,95.0349640579679,46.8751200717183,48.1598439862496,958,45.2197968721554,19.3813300180922,25.8384668540632
Bacteroides_fragilis_NCTC_9343_AND_Klebsiella_pneumoniae_pneumoniae_MGH78578,1164,0.185783282412536,0.185783282412536,0,522,0.185783282412536,0.185783282412536,0,1170,0.145252274036523,0.145252274036523,0,522,0.145252274036523,0.145252274036523,0,1126,0.0596911214264911,0.0596911214264911,0,527,0.0596911214264911,0.0596911214264911,0,1124,0.115659624961341,0.115659624961341,0,533,0.115659624961341,0.115659624961341,0,1212,13.4560525324291,13.4560525324291,0,917,2.68962124021335,0.0218960201793722,2.66772522003398,1309,148.339185247915,46.8751200717179,101.464065176197,981,102.178995489023,24.477512352861,77.7014831361623
Bacteroides_fragilis_NCTC_9343_AND_Lactobacillus_mucosae_LM1,880,0.185783282412536,0.185783282412536,0,522,0.185783282412536,0.185783282412536,0,854,0.145252274036523,0.145252274036523,0,522,0.145252274036523,0.145252274036523,0,843,0.0596911214264911,0.0596911214264911,0,527,0.0596911214264911,0.0596911214264911,0,881,0.115659624961341,0.115659624961341,0,533,0.115659624961341,0.115659624961341,0,1189,0.0244938266941031,0.0218960201793722,0.00259780651473095,969,0.023815089706265,0.0212172831915593,0.00259780651470574,1187,93.6002208447249,46.8751200717182,46.7251007730068,1024,61.7868433431914,33.2315461323594,28.5552972108321
Bacteroides_fragilis_NCTC_9343_AND_Lactobacillus_reuteri_SD2112_ATCC_55730,906,0.185783282412536,0.185783282412536,0,522,0.185783282412536,0.185783282412536,0,895,0.145252274036523,0.145252274036523,0,522,0.145252274036523,0.145252274036523,0,911,0.0596911214264911,0.0596911214264911,0,527,0.0596911214264911,0.0596911214264911,0,905,0.115659624961341,0.115659624961341,0,533,0.115659624961341,0.115659624961341,0,1074,0.0343030501680736,0.0218960201793722,0.0124070299887014,804,0.0254521473894572,0.0130451174008385,0.0124070299886186,1044,114.596679208883,46.8751200717184,67.7215591371642,858,84.3803228905842,26.7394832675265,57.6408396230577
Bacteroides_fragilis_NCTC_9343_AND_Megasphaera_elsdenii_DSM_20460,965,0.185783282412536,0.185783282412536,0,522,0.185783282412536,0.185783282412536,0,1350,0.145252274036523,0.0998732412364623,0.0453790328000609,522,0.145252274036523,0.145252274036523,0,950,0.0596911214264911,0.0596911214264911,0,1011,0.0596911214264911,0.0570475372343479,0.00264358419214327,997,0.115659624961341,0.115659624961341,0,533,0.115659624961341,0.115659624961341,0,1102,13.4560525324291,13.4560525324291,0,1064,6.74992228639379,0.0218960201793722,6.72802626621442,1308,114.45339217457,46.8751200717188,67.5782721028514,1101,80.9801364513053,34.6973006667396,46.2828357845657
Bacteroides_fragilis_NCTC_9343_AND_Parabacteroides_distasonis_ATCC_8503,975,0.185783282412536,0,0.185783282412536,522,0.185783282412536,0.185783282412536,0,944,0.145252274036523,0,0.145252274036523,522,0.145252274036523,0.145252274036523,0,908,0.0596911214264911,0,0.0596911214264911,527,0.0596911214264911,0.0596911214264911,0,1022,0.115659624961341,0,0.115659624961341,533,0.115659624961341,0.115659624961341,0,878,0.0218960201793722,0,0.0218960201793722,753,0.0218960201793722,7.43535648400725e-06,0.0218885848228882,1379,103.953072685472,35.1563400537896,68.796732631682,1148,76.7240560595797,34.1545842876066,42.5694717719731
Bacteroides_fragilis_NCTC_9343_AND_Parabacteroides_johnsonii_DSM_18315,908,0.185783282412536,0.185783282412536,0,522,0.185783282412536,0.185783282412536,0,912,0.145252274036523,0.145252274036523,0,522,0.145252274036523,0.145252274036523,0,934,0.0596911214264911,0.0596911214264911,0,527,0.0596911214264911,0.0596911214264911,0,909,0.115659624961341,0.115659624961341,0,533,0.115659624961341,0.115659624961341,0,886,0.0218960201793722,0.0218960201793722,0,589,0.0218960201793722,0.0218960201793722,0,1214,90.4048922958644,35.1563400537891,55.2485522420753,989,63.3701341282583,31.0084236689229,32.3617104593354
Bacteroides_fragilis_NCTC_9343_AND_Phascolarctobacterium_succinatutens_YIT_12067,893,0.185783282412536,0.185783282412536,0,522,0.185783282412536,0.185783282412536,0,907,0.145252274036523,0.145252274036523,0,522,0.145252274036523,0.145252274036523,0,884,0.0596911214264911,0.0596911214264911,0,527,0.0596911214264911,0.0596911214264911,0,910,0.115659624961341,0.115659624961341,0,533,0.115659624961341,0.115659624961341,0,871,0.0218960201793722,0.0218960201793722,0,573,0.0218960201793722,0.0218960201793722,0,1142,64.558620222084,46.8751200717182,17.6835001503658,965,35.4991927026081,35.1069849234601,0.392207779147935
Bacteroides_fragilis_NCTC_9343_AND_Prevotella_ruminicola_23,1361,0.185783282412536,0.107279062719726,0.0785042196928092,542,0.185783282412536,0.185783282412536,0,1344,0.145252274036523,0.0603875660246941,0.0848647080118291,522,0.145252274036523,0.145252274036523,0,959,0.0596911214264911,0,0.0596911214264911,527,0.0596911214264911,0.0596911214264911,0,1346,0.115659624961341,0.0769177371108885,0.0387418878504523,586,0.115659624961341,0.115659624961341,0,921,0.0218960201793722,0.0218960201793722,0,1037,0.0218960201793722,0.00278193508652361,0.0191140850928486,1329,113.275000125319,35.1563400537894,78.1186600715296,1102,68.9079766385964,19.3813300180923,49.5266466205041
Bacteroides_fragilis_NCTC_9343_AND_Pseudoflavonifractor_capillosus_strain_ATCC_29799,876,0.185783282412536,0.185783282412536,0,522,0.185783282412536,0.185783282412536,0,909,0.145252274036523,0.145252274036523,0,522,0.145252274036523,0.145252274036523,0,877,0.0596911214264911,0.0596911214264911,0,527,0.0596911214264911,0.0596911214264911,0,865,0.115659624961341,0.115659624961341,0,533,0.115659624961341,0.115659624961341,0,859,0.0218960201793722,0.0218960201793722,0,607,0.0218960201793722,0.0218960201793722,0,1050,85.7623887474193,46.8610375945699,38.9013511528494,865,52.4533765331082,33.0027009566836,19.4506755764247
Bacteroides_fragilis_NCTC_9343_AND_Roseburia_intestinalis_L1_82,913,0.185783282412536,0.185783282412536,0,522,0.185783282412536,0.185783282412536,0,901,0.145252274036523,0.145252274036523,0,522,0.145252274036523,0.145252274036523,0,910,0.0596911214264911,0.0596911214264911,0,527,0.0596911214264911,0.0596911214264911,0,915,0.115659624961341,0.115659624961341,0,533,0.115659624961341,0.115659624961341,0,1047,0.0500478646521107,0.0218960201793722,0.0281518444727385,291,0.028151844472815,0,0.028151844472815,1071,112.928090727917,46.8751200717189,66.0529706561978,878,48.9247972294025,35.1563400537888,13.7684571756137
Bacteroides_fragilis_NCTC_9343_AND_Roseburia_inulinivorans_DSM_16841,904,0.185783282412536,0.185783282412536,0,522,0.185783282412536,0.185783282412536,0,896,0.145252274036523,0.145252274036523,0,522,0.145252274036523,0.145252274036523,0,903,0.0596911214264911,0.0596911214264911,0,527,0.0596911214264911,0.0596911214264911,0,915,0.115659624961341,0.115659624961341,0,533,0.115659624961341,0.115659624961341,0,1069,0.0507267101301153,0.0218960201793722,0.0288306899507431,307,0.0288306899511627,0,0.0288306899511627,1094,113.47179249268,46.8751200717182,66.5966724209616,889,78.7260603950735,35.1069849234603,43.6190754716132
Bacteroides_fragilis_NCTC_9343_AND_Ruminococcus_bromii_L2_63,889,0.185783282412536,0.185783282412536,0,522,0.185783282412536,0.185783282412536,0,895,0.145252274036523,0.145252274036523,0,522,0.145252274036523,0.145252274036523,0,893,0.0596911214264911,0.0596911214264911,0,536,0.0596911214264911,0.0596911214264911,0,883,0.115659624961341,0.115659624961341,0,542,0.115659624961341,0.115659624961341,0,1101,0.0509629715068618,0.0218960201793722,0.0290669513274896,850,0.0220578310891408,0.0218960201793722,0.00016181090976863,1080,80.051887099051,46.8751200717185,33.1767670273325,885,51.1378098122272,34.4259458817074,16.7118639305199
Bacteroides_fragilis_NCTC_9343_AND_Ruminococcus_callidus_ATCC_2776001,866,0.185783282412536,0.185783282412536,0,522,0.185783282412536,0.185783282412536,0,869,0.145252274036523,0.145252274036523,0,522,0.145252274036523,0.145252274036523,0,845,0.0596911214264911,0.0596911214264911,0,527,0.0596911214264911,0.0596911214264911,0,841,0.115659624961341,0.115659624961341,0,533,0.115659624961341,0.115659624961341,0,1224,0.0557744685887158,0.0218960201793722,0.0338784484093436,444,0.0338784484093433,0,0.0338784484093433,1197,82.3828053538329,46.3702031608654,36.0126021929675,1031,45.6776466898079,30.5178042076255,15.1598424821824
Bacteroides_fragilis_NCTC_9343_AND_Ruminococcus_torques_ATCC_27756,920,0.185783282412536,0.185783282412536,0,522,0.185783282412536,0.185783282412536,0,895,0.145252274036523,0.145252274036523,0,522,0.145252274036523,0.145252274036523,0,910,0.0596911214264911,0.0596911214264911,0,527,0.0596911214264911,0.0596911214264911,0,884,0.115659624961341,0.115659624961341,0,533,0.115659624961341,0.115659624961341,0,910,0.0218960201793722,0.0218960201793722,0,596,0.0218960201793722,0.0218960201793722,0,1061,94.0267618476265,46.8751200717185,47.151641775908,885,62.8275318009124,24.8844276183078,37.9431041826046
Bacteroides_fragilis_NCTC_9343_AND_Shigella_flexneri_2002017,1123,0.185783282412536,0,0.185783282412536,522,0.185783282412536,0,0.185783282412536,1583,0.145252274036523,0.0766415549486546,0.0686107190878686,522,0.145252274036523,0.145252274036523,0,1520,0.0596911214264911,0.00426340874892619,0.055427712677565,527,0.0596911214264911,0.0596911214264911,0,1140,0.115659624961341,0.115659624961341,0,533,0.115659624961341,0.115659624961341,0,1203,13.4560525324291,13.4560525324291,0,533,6.72802626621454,0,6.72802626621454,1481,154.857170052357,42.2504147663514,112.606755286006,1136,89.195156329179,21.4319039539186,67.7632523752603
Bacteroides_fragilis_NCTC_9343_AND_Streptococcus_salivarius_JIM8777,880,0.185783282412536,0.185783282412536,0,522,0.185783282412536,0.185783282412536,0,931,0.145252274036523,0.145252274036523,0,530,0.145252274036523,0.145252274036523,0,929,0.0596911214264911,0.0596911214264911,0,527,0.0596911214264911,0.0596911214264911,0,886,0.115659624961341,0.115659624961341,0,533,0.115659624961341,0.115659624961341,0,868,0.0218960201793722,0.0218960201793722,0,573,0.0218960201793722,0.0218960201793722,0,1211,91.690201583942,46.8751200717186,44.8150815122234,1031,65.0330610619381,35.1563400537891,29.876721008149
Bacteroides_fragilis_NCTC_9343_AND_Subdoligranulum_variabile_DSM_15176,893,0.185783282412536,0.185783282412536,0,522,0.185783282412536,0.185783282412536,0,890,0.145252274036523,0.145252274036523,0,522,0.145252274036523,0.145252274036523,0,902,0.0596911214264911,0.0596911214264911,0,527,0.0596911214264911,0.0596911214264911,0,957,0.115659624961341,0.115659624961341,0,533,0.115659624961341,0.115659624961341,0,1119,0.078800204913001,0.0218960201793722,0.0569041847336288,282,0.0569041847337463,0,0.0569041847337463,1050,105.6105346509,46.8751200717179,58.7354145791818,863,63.1095331227301,19.3813300180922,43.7282031046379
Bacteroides_fragilis_NCTC_9343_AND_Veillonella_atypica_ACS_049_V_Sch6,990,0.185783282412536,0.185783282412536,0,522,0.185783282412536,0.185783282412536,0,989,0.145252274036523,0.145252274036523,0,522,0.145252274036523,0.145252274036523,0,996,0.0596911214264911,0.0596911214264911,0,527,0.0596911214264911,0.0596911214264911,0,1037,0.115659624961341,0.115659624961341,0,533,0.115659624961341,0.115659624961341,0,1336,0.124571229699078,0.0218960201793722,0.102675209519706,1067,0.113732057461052,0.011056847941346,0.102675209519706,1396,94.8933337645109,46.8751200717185,48.0182136927924,1144,63.5086890840894,35.10698492346,28.4017041606294
Bacteroides_intestinalis_341_DSM_17393_AND_Bacteroides_stercoris_ATCC_43183,720,0.031837213525569,0.031837213525569,0,373,0.031837213525569,0.031837213525569,0,694,0.031837213525569,0.031837213525569,0,373,0.031837213525569,0.031837213525569,0,697,0.0236680868564973,0.0236680868564973,0,771,0.0236680868564973,0.0215301989552009,0.00213788790129636,701,0.031837213525569,0.031837213525569,0,374,0.031837213525569,0.031837213525569,0,660,0.0187378204167291,0.0187378204167291,0,829,0.0187378204167291,0.00349327368165864,0.0152445467350705,973,63.4906351012561,53.9302959769067,9.5603391243494,789,62.3916064325707,52.8312673082213,9.56033912434942
Bacteroides_intestinalis_341_DSM_17393_AND_Bacteroides_thetaiotaomicron_VPI_5482,891,0.0586206330561538,0,0.0586206330561538,913,0.0504952375573154,0.0131728015028628,0.0373224360544526,873,0.0586206330558871,0,0.0586206330558871,893,0.0533772283401676,0.0102898240061427,0.0430874043340248,876,0.0586206330559405,0,0.0586206330559405,544,0.0318317653005746,0,0.0318317653005746,933,0.0578298124806704,0,0.0578298124806704,919,0.0420052179823783,0.0216657278254923,0.020339490156886,864,0.0218960201793722,0,0.0218960201793722,569,0.0218960201793722,0,0.0218960201793722,1153,119.158048381352,45.9054523196485,73.2525960617032,940,84.4578127901032,31.2570539346885,53.2007588554148
Bacteroides_intestinalis_341_DSM_17393_AND_Bacteroides_uniformis_ATCC_8492,713,0.031837213525569,0.031837213525569,0,373,0.031837213525569,0.031837213525569,0,710,0.0318372135259743,0.0318372135259743,0,763,0.031837213525569,0.0102898240061432,0.0215473895194258,672,0.0236680868564973,0.0236680868564973,0,767,0.0236680868564973,0.0193923110539046,0.00427577580259271,714,0.0318372135255689,0.0318372135255689,0,374,0.0318372135255689,0.0318372135255689,0,1031,0.187839559800857,0.0187378204167291,0.169101739384128,767,0.0330579001981469,0.0102558876722923,0.0228020125258546,1025,114.117174913314,48.5259639835126,65.5912109298019,798,87.8677226982984,37.6502906786173,50.2174320196811
Bacteroides_intestinalis_341_DSM_17393_AND_Bifidobacterium_adolescentis_ATCC_15703,1020,0.0610565262019231,0.0318372135255689,0.0292193126763542,820,0.0610565261948981,0.031837213525569,0.0292193126693291,1039,0.0772162463256282,0.0318372135255689,0.0453790328000592,795,0.0701562304352585,0.0247771976430424,0.0453790327922161,1011,0.0330977076780623,0.0174725764756328,0.0156251312024295,822,0.033097707673187,0.017472576478836,0.015625131194351,1024,0.0415403687320288,0.031837213525569,0.00970315520645983,814,0.041540368735309,0.031837213525569,0.00970315520973997,986,0.101540439844478,0.0187378204167291,0.0828026194277486,846,0.0969933076675179,0.0141906882397693,0.0828026194277486,973,95.9705372803583,52.3923081104387,43.5782291699196,843,63.3956816316688,50.6255277264807,12.7701539051881
Bacteroides_intestinalis_341_DSM_17393_AND_Bifidobacterium_bifidum_PRL2010,1116,0.0912983881821519,0.0620790755128229,0.029219312669329,809,0.0577621370211197,0.0318372135255689,0.0259249234955508,1099,0.0849797052574463,0.0396006724573854,0.0453790328000609,812,0.0577621370211196,0.0318372135255689,0.0259249234955508,1038,0.0330977076725227,0.0174725764792725,0.0156251311932502,805,0.0330977076731867,0.0174725764788362,0.0156251311943505,1050,0.0478684929410473,0.0381653377313077,0.00970315520973962,804,0.0415403687353089,0.0318372135255689,0.00970315520973997,878,6.72802626621454,0,6.72802626621454,590,6.72802626621454,0,6.72802626621454,1062,110.399496099168,35.9535306512711,74.4459654478965,835,77.7817406441118,47.8768746141297,29.9048660299821
Bacteroides_intestinalis_341_DSM_17393_AND_Bifidobacterium_longum_NCC2705,915,0.0736648057456932,0.0226779332393963,0.0509868725062969,649,0.0507039704508008,0.031837213525569,0.0188667569252318,932,0.0575938825715284,0.00402627233958638,0.053567610231942,651,0.0507039704508008,0.031837213525569,0.0188667569252318,568,0.0236680868564973,0,0.0236680868564973,645,0.0236680868564973,0.0176512913295884,0.00601679552690892,896,0.0458601209686777,0.0214057818609872,0.0244543391076905,631,0.035841011266673,0.0258219015646684,0.0100191097020047,687,0.0187378204167291,0.0187378204167291,0,289,0.0187378204167291,0,0.0187378204167291,863,107.030451961077,49.3628419515812,57.6676100094957,681,71.6072452833129,39.0046260055444,32.6026192777686
Bacteroides_intestinalis_341_DSM_17393_AND_Bilophila_wadsworthia_3_1_6,692,0.0736648057456932,0.0736648057456932,0,729,0.0320160844131396,0.0315684776255472,0.000447606787592427,662,0.0575938825715284,0.0575938825715284,0,729,0.0320160844131397,0.0315684776255473,0.000447606787592442,919,0.0236680868564973,0.0232201042427686,0.000447982613728726,383,0.0236680868564973,0.0236680868564973,0,694,0.0458601209686777,0.0458601209686777,0,729,0.0320160844131397,0.0315684776255473,0.000447606787592397,982,1.43691850086843,1.43243491015768,0.00448359071074406,771,0.0187378204167291,0.0142542297059201,0.00448359071080906,927,75.6730691770045,53.9302959769067,21.7427732000979,756,64.3966135043011,52.9054622641645,11.4911512401366
Bacteroides_intestinalis_341_DSM_17393_AND_Blautia_wexlerae_DSM_19850,1066,0.0729783647886945,0.0318372135255689,0.0411411512631256,818,0.0467213021966342,0.031837213525569,0.0148840886710652,1040,0.0571711847395337,0.031837213525569,0.0253339712139647,816,0.0467213021966342,0.031837213525569,0.0148840886710652,618,0.0236680868564973,0.0236680868564973,0,383,0.0236680868564973,0.0236680868564973,0,1036,0.0456299882382424,0.0318372135255689,0.0137927747126735,818,0.0456299882382424,0.031837213525569,0.0137927747126734,1003,0.0501364339795196,0.0187378204167291,0.0313986135627905,842,0.018934305372461,0.0122807462877524,0.00665355908470864,1005,83.7003955441821,53.9302959769067,29.7700995672754,874,66.9835990262628,51.3672249900481,15.6163740362147
Bacteroides_intestinalis_341_DSM_17393_AND_Citrobacter_amalonaticus_Y19,962,0.185783282412536,0,0.185783282412536,516,0.185783282412536,0,0.185783282412536,960,0.142575328749595,0,0.142575328749595,516,0.142575328749595,0,0.142575328749595,961,0.0596911214264911,0,0.0596911214264911,518,0.0596911214264911,0,0.0596911214264911,942,0.0771064166408938,0,0.0771064166408938,517,0.0771064166408938,0,0.0771064166408938,1037,8.97070168828606,0,8.97070168828606,528,4.48535084414303,0,4.48535084414303,1177,178.86415716205,53.9302959769067,124.933861185143,932,107.170784563408,9.10534785617282,98.0654367072356
Bacteroides_intestinalis_341_DSM_17393_AND_Clostridium_clostridioforme_CM201,1059,0.0512303408578393,0.0398347463514559,0.0113955945063834,790,0.0372544181827675,0.0258588236791239,0.0113955945036436,1065,0.0573024338455721,0.039834746351456,0.0174676874941161,798,0.0402503993716274,0.0225524794198534,0.017697919951774,703,0.0236680868564973,0.0236680868564973,0,393,0.0236680868564973,0.0236680868564973,0,1067,0.0436189976590572,0.0398347463514563,0.00378425130760093,800,0.0336361599342878,0.0298519086266869,0.00378425130760096,738,0.0193080012357121,0,0.0193080012357121,456,0.0193080012357121,0,0.0193080012357121,1062,100.521791958852,35.9535306512711,64.5682613075813,857,94.0075062968127,53.7427440094059,40.2647622874068
Bacteroides_intestinalis_341_DSM_17393_AND_Collinsella_tanakaei_YIT_12063,1068,0.0417927436973074,0.031837213525569,0.00995553017173846,801,0.0417927436973074,0.031837213525569,0.00995553017173846,1047,0.0417927436973074,0.031837213525569,0.00995553017173846,797,0.0417927436973074,0.031837213525569,0.00995553017173846,626,0.0236680868564973,0.0236680868564973,0,393,0.0236680868564973,0.0236680868564973,0,1069,0.0356214648318907,0.031837213525569,0.0037842513063217,809,0.0356214648331698,0.0318372135255689,0.00378425130760096,1065,0.0522821745734792,0.0187378204167291,0.03354435415675,853,0.0333142423568771,0.0156376832277969,0.0176765591290802,1037,108.714699624823,53.8747451904257,54.8399544343974,857,88.8027787738999,49.8214642004312,38.9813145734687
Bacteroides_intestinalis_341_DSM_17393_AND_Coprococcus_catus_GD_7,700,0.0736648057456932,0.0736648057456932,0,787,0.0432328080292126,0.031837213525569,0.0113955945036436,722,0.0575938825715284,0.0575938825715284,0,795,0.0477323220856639,0.031837213525569,0.015895108560095,686,0.0236680868564973,0.0236680868564973,0,393,0.0236680868564973,0.0236680868564973,0,701,0.0458601209686777,0.0458601209686777,0,801,0.0356214648331699,0.0318372135255689,0.00378425130760094,1010,0.0521848066088989,0.0187378204167291,0.0334469861921698,838,0.0333447763802487,0.00868404882122452,0.0246607275590241,1024,104.538430706512,53.9302959769067,50.6081347296049,870,81.3170791753848,51.0037718778614,30.3133072975234
Bacteroides_intestinalis_341_DSM_17393_AND_Desulfovibrio_desulfuricans_subsp_desulfuricans_DSM_642,1139,0.125169934769042,0.039824573188075,0.0853453615809668,496,0.0853453615821182,0,0.0853453615821182,1128,0.10330983868998,0.013875852018458,0.0894339866715217,500,0.0894339866702799,0,0.0894339866702799,794,0.0596911214264911,0,0.0596911214264911,496,0.0596911214264911,0,0.0596911214264911,1123,0.0548245354514328,0.0115142790411213,0.0433102564103115,846,0.0548245354515975,0.0115142790404901,0.0433102564111074,1128,0.110089902487142,0.0187378204167291,0.0913520820704132,501,0.0913520820692494,0,0.0913520820692494,1091,112.63630783682,53.9302959769067,58.706011859913,896,63.4291001158551,52.1337492822583,11.2953508335969
Bacteroides_intestinalis_341_DSM_17393_AND_Desulfovibrio_piger_ATCC_29098,730,0.0736648057456932,0.0736648057456932,0,724,0.0323279547561391,0.0310999231365841,0.00122803161955501,721,0.0575938825715284,0.0575938825715284,0,725,0.0323279547561389,0.0310999231365843,0.00122803161955462,749,0.0236680868564973,0.0236680868564973,0,383,0.0236680868564973,0.0236680868564973,0,719,0.0458601209686777,0.0458601209686777,0,726,0.032327954756139,0.0310999231365843,0.00122803161955463,1025,1.45453524260041,1.43243491015768,0.022100332442726,776,0.0325488848498384,0.0219444141318937,0.0106044707179446,978,71.5003292833762,53.9302959769066,17.5700333064696,752,66.8185300166802,47.6277917433175,19.1907382733627
Bacteroides_intestinalis_341_DSM_17393_AND_Dialister_invisus_DSM_15470,1064,0.0407305186302277,0.0398347463514558,0.000895772278771866,428,0.031837213525569,0.031837213525569,0,1035,0.0542312902392278,0.0398347463514559,0.0143965438877718,428,0.031837213525569,0.031837213525569,0,1036,0.0330977076731867,0.0174725764788362,0.0156251311943505,437,0.0236680868564973,0.0236680868564973,0,1048,0.0464343692548908,0.039834746351456,0.00659962290343481,428,0.031837213525569,0.031837213525569,0,1016,0.0197244438510264,0.0187378204167291,0.000986623434297289,894,0.0197244438510268,0.0187378204167291,0.000986623434297724,1023,62.0693151515521,53.9302959769067,8.13901917464538,868,56.9453783915087,53.9302959769067,3.01508241460193
Bacteroides_intestinalis_341_DSM_17393_AND_Dorea_longicatena_DSM_13814,874,0.0434229437575866,0.031837213525569,0.0115857302320177,656,0.0434229437584392,0.031837213525569,0.0115857302328703,887,0.0498304236396833,0.03183721352554,0.0179932101141433,658,0.0346523979728506,0.031837213525569,0.00281518444728159,645,0.0236680868564973,0.0236680868564973,0,377,0.0236680868564973,0.0236680868564973,0,851,0.0356846051442541,0.031837213525569,0.0038473916186851,657,0.035684605144254,0.0318372135255689,0.0038473916186851,875,0.0187378204167291,0.0103369628570061,0.00840085755972305,696,0.0187378204167291,0.0103369628571894,0.00840085755953968,871,93.4495682479429,50.1384702878496,43.3110979600933,685,58.9119094135727,51.1379148611503,7.77399455242243
Bacteroides_intestinalis_341_DSM_17393_AND_Enterobacter_cloacae_EcWSU1,1008,0.185783282412536,0,0.185783282412536,518,0.185783282412536,0,0.185783282412536,1026,0.106931496562196,0,0.106931496562196,876,0.0631310963075133,0.0261580650821965,0.0369730312253168,972,0.0596911214264911,0,0.0596911214264911,529,0.0596911214264911,0,0.0596911214264911,986,0.0578298124806704,0,0.0578298124806704,530,0.0578298124806704,0,0.0578298124806704,1058,6.72802626621454,0,6.72802626621454,534,6.72802626621454,0,6.72802626621454,1226,186.451421479768,35.9535306512712,150.497890828497,943,145.202292202424,29.8743271968864,115.327965005538
Bacteroides_intestinalis_341_DSM_17393_AND_Enterococcus_faecium_TX1330,867,0.0434229437612251,0.031837213525569,0.0115857302356561,632,0.0434229437584396,0.031837213525569,0.0115857302328706,921,0.0498304236366014,0.031837213525569,0.0179932101110324,635,0.0498304236366018,0.031837213525569,0.0179932101110328,889,0.0236680868564973,0.0176205889677058,0.0060474978887915,385,0.0236680868564973,0.0236680868564973,0,930,0.0356846051442541,0.031837213525569,0.0038473916186852,636,0.0356846051442542,0.0318372135255689,0.0038473916186853,556,0.0187378204167291,0,0.0187378204167291,504,0.0187378204167291,1.01630586042592e-05,0.0187276573581249,850,94.3560643681051,35.9535306512711,58.402533716834,676,64.5227830132121,40.1018428370541,24.420940176158
Bacteroides_intestinalis_341_DSM_17393_AND_Escherichia_coli_str_K_12_substr_MG1655,917,0.0736648057456932,0,0.0736648057456932,342,0.0736648057456932,0,0.0736648057456932,945,0.0575938825715284,0,0.0575938825715284,343,0.0575938825715284,0,0.0575938825715284,876,0.0236680868564973,0,0.0236680868564973,383,0.0236680868564973,0.0236680868564973,0,908,0.0458601209686777,0,0.0458601209686777,689,0.0458601209686777,0.0318372135255689,0.0140229074431088,1004,5.33545044006795,0,5.33545044006795,799,0.293247045740424,0.00096219661786295,0.292284849122561,1182,176.257375011995,53.5387239393349,122.71865107266,817,120.893080256433,41.7177529778377,79.1753272785952
Bacteroides_intestinalis_341_DSM_17393_AND_Eubacterium_rectale_M104_1,886,0.0736648057456932,0.0359393205185386,0.0377254852271546,641,0.0329649587904891,0.0301428872834415,0.00282207150704754,876,0.0575938825715284,0.0198683973461664,0.037725485225362,641,0.0329649587904892,0.0301428872834416,0.0028220715070476,605,0.0236680868564973,0,0.0236680868564973,392,0.0236680868564973,0.0236680868564973,0,883,0.0458601209686777,0.0398347463514559,0.00602537461722183,641,0.0329649587904891,0.0301428872834415,0.00282207150704758,591,0.0187378204167291,0,0.0187378204167291,298,0.0187378204167291,0,0.0187378204167291,863,117.172541301758,53.9302959769067,63.2422453248514,666,79.4314434595177,49.382865460124,30.0485779993936
Bacteroides_intestinalis_341_DSM_17393_AND_Faecalibacterium_prausnitzii_L2_6,850,0.043422943761225,0.031837213525569,0.011585730235656,637,0.0434229437584395,0.031837213525569,0.0115857302328705,850,0.0498304236397117,0.031837213525569,0.0179932101141427,639,0.0498304236366019,0.031837213525569,0.0179932101110328,834,0.0236680868564973,0.0174725764788361,0.00619551037766116,638,0.0236680868564973,0.0174725764788361,0.00619551037766117,879,0.0356846051429534,0.0318372135255689,0.00384739161738448,633,0.0356846051442541,0.031837213525569,0.00384739161868508,605,0.0187378204167291,0,0.0187378204167291,500,0.0187378204167291,8.35877300184751e-06,0.0187294616437273,816,113.47810350345,53.9302959769067,59.5478075265437,669,88.8811354060187,49.1825970549897,39.6985383510291
Bacteroides_intestinalis_341_DSM_17393_AND_Fusobacterium_varium_ATCC_27725,1051,0.0736648057456932,0.0620790755088612,0.011585730236832,742,0.0364670580841256,0.024881327851255,0.0115857302328705,1032,0.0575938825715284,0.0396006724644383,0.0179932101070901,746,0.0340291914011229,0.0285439825520152,0.00548520884910765,1010,0.0236680868564973,0.0174725764901915,0.00619551036630579,383,0.0236680868564973,0.0236680868564973,0,1040,0.0458601209686777,0.0420127293294572,0.00384739163922049,745,0.0333746932348641,0.029527301616179,0.0038473916186851,1054,1.4545548889225,1.43243491015768,0.0221199787648204,661,0.0187378204167291,2.24414328130171e-05,0.0187153789839161,999,119.099761575298,53.9302959769067,65.169465598391,810,84.9442900975315,47.9058885848166,37.0384015127149
Bacteroides_intestinalis_341_DSM_17393_AND_Haemophilus_parainfluenzae_T3T1,1146,0.0610565261948958,0.0318372135255689,0.0292193126693269,914,0.0364359574798299,0.031837213525569,0.00459874395426097,1119,0.0772162463256298,0.031837213525569,0.0453790328000609,879,0.058784108420236,0.031837213525569,0.026946894894667,1128,0.0330977076780621,0.0174725764756329,0.0156251312024292,914,0.0264433859040597,0.0218446419497993,0.00459874395426039,1138,0.0415403687320285,0.031837213525569,0.00970315520645948,910,0.0415403687353086,0.031837213525569,0.00970315520973962,1129,0.0440722346850712,0.0187378204167291,0.0253344142683421,970,0.0440722346850712,0.0187378204167291,0.0253344142683421,1105,138.625343945152,40.8302679135394,97.7950760316131,948,102.445597898406,41.7177529778377,60.727844920568
Bacteroides_intestinalis_341_DSM_17393_AND_Helicobacter_pylori_26695,982,0.0736648057456932,0.0178798246906993,0.0557849810549939,738,0.0572431761019813,0.0318372135255689,0.0254059625764124,657,0.0575938825715284,0.0575938825715284,0,377,0.0575938825715284,0,0.0575938825715284,711,0.0236680868564973,0.0236680868564973,0,377,0.0236680868564973,0.0236680868564973,0,987,0.0458601209686777,0.0191045115969755,0.0267556093717022,747,0.035684605144254,0.0318372135255689,0.00384739161868507,954,1.45411597305011,1.43243491015768,0.0216810628924272,770,0.0324020177545732,0.0187378204167291,0.0136641973378441,949,86.0368586344064,53.9302959769066,32.1065626574998,766,57.7549422691639,50.9555416240444,6.79940064511948
Bacteroides_intestinalis_341_DSM_17393_AND_Klebsiella_pneumoniae_pneumoniae_MGH78578,1171,0.0736648057456932,0.0214794459568902,0.0521853597888029,348,0.0736648057456932,0,0.0736648057456932,914,0.0575938825715284,0.0575938825715284,0,703,0.0575938825715284,0.0278827641707252,0.0297111184008032,837,0.0236680868564973,0.0236680868564973,0,401,0.0236680868564973,0,0.0236680868564973,842,0.0458601209686777,0.0458601209686777,0,705,0.0458601209686777,0.0283996812408577,0.01746043972782,909,5.33545044006795,0,5.33545044006795,761,2.6864630404507,0.0187378204167291,2.66772522003398,1134,137.417595827468,35.9535306512711,101.464065176197,786,101.722375295869,33.8615584526935,67.8608168431759
Bacteroides_intestinalis_341_DSM_17393_AND_Lactobacillus_mucosae_LM1,1038,0.0329917941987404,0.03183721352554,0.00115458067320046,776,0.0324561193380484,0.0313015386648458,0.00115458067320257,1024,0.0329917941988177,0.031837213525569,0.00115458067324876,779,0.0324561193380484,0.0313015386648459,0.00115458067320251,650,0.0236680868564973,0.0236680868564973,0,383,0.0236680868564973,0.0236680868564973,0,1018,0.0329917941988015,0.031837213525569,0.00115458067323259,782,0.0324561193380485,0.0313015386648459,0.00115458067320258,1021,0.0213356269314075,0.0187378204167291,0.00259780651467838,815,0.0213356269314349,0.0187378204167291,0.00259780651470575,984,89.1093671144466,53.9302959769067,35.1790711375399,842,82.5540951593049,53.742744009406,28.811351149899
Bacteroides_intestinalis_341_DSM_17393_AND_Lactobacillus_reuteri_SD2112_ATCC_55730,873,0.0434229437612251,0.031837213525569,0.0115857302356561,621,0.0364670580841256,0.024881327851255,0.0115857302328706,896,0.0498304236397117,0.031837213525569,0.0179932101141427,621,0.033097280155098,0.029944087459204,0.00315319269589399,856,0.0236680868564973,0.0174725764756329,0.00619551038086437,383,0.0236680868564973,0.0236680868564973,0,886,0.0356846051429535,0.0318372135255689,0.00384739161738454,616,0.0333746932348641,0.029527301616179,0.0038473916186851,856,0.0311448504053477,0.0187378204167291,0.0124070299886186,678,0.0309625197737836,0.0187378204167291,0.0122246993570544,820,103.675089788435,35.9535306512711,67.7215591371642,667,89.2118491153064,51.3013655871457,37.9104835281607
Bacteroides_intestinalis_341_DSM_17393_AND_Megasphaera_elsdenii_DSM_20460,1160,0.0912983881821532,0.062079075512822,0.0292193126693312,890,0.0464443693173308,0.0172250566480018,0.0292193126693291,1122,0.0849797052519061,0.0396006724610255,0.0453790327908806,846,0.0618717864710439,0.0164927536788262,0.0453790327922178,1091,0.033097707673187,0.017472576478836,0.015625131194351,872,0.0294322147723259,0.0138070835779748,0.0156251311943512,1117,0.0517158845597328,0.0420127293499923,0.00970315520974048,864,0.0440992282488847,0.034396073039145,0.00970315520973962,1211,9.39575148624815,2.66772522003422,6.72802626621393,911,6.74676408663115,0.0187378204167291,6.72802626621442,1073,114.449601852342,53.9302959769067,60.5193058754353,912,83.3185813968842,39.5519414688819,43.7666399280023
Bacteroides_intestinalis_341_DSM_17393_AND_Parabacteroides_distasonis_ATCC_8503,814,0.0636635306011493,0,0.0636635306011493,898,0.0496059188619996,0.0140624246762832,0.0355434941857164,850,0.0636635306011493,0,0.0636635306011493,897,0.0526409763874102,0.0110263280311888,0.0416146483562214,858,0.0596911214264911,0,0.0596911214264911,535,0.0318317653005746,0,0.0318317653005746,818,0.0636635306011493,0,0.0636635306011493,895,0.0500539073578588,0.0136142828015637,0.0364396245562951,854,0.0218960201793722,0,0.0218960201793722,933,0.0218683723816068,0.000164036320809661,0.0217043360607971,1162,121.011387773679,53.8093652544342,67.2020225192449,966,87.0548569865676,53.9302959769067,33.1245610096609
Bacteroides_intestinalis_341_DSM_17393_AND_Parabacteroides_johnsonii_DSM_18315,695,0.031837213525569,0.031837213525569,0,373,0.031837213525569,0.031837213525569,0,709,0.0318372135259744,0.0318372135259744,0,382,0.0318372135255688,0,0.0318372135255688,663,0.0236680868564973,0.0236680868564973,0,371,0.0236680868564973,0.0236680868564973,0,690,0.0318372135255689,0.0318372135255689,0,391,0.0318372135255691,0,0.0318372135255691,658,0.0187378204167291,0.0187378204167291,0,411,0.0187378204167291,0,0.0187378204167291,1004,107.359522373669,52.184323407599,55.1751989660701,776,57.0966738144029,49.8395874902304,7.25708632417255
Bacteroides_intestinalis_341_DSM_17393_AND_Phascolarctobacterium_succinatutens_YIT_12067,947,0.0441020872716433,0.0398347463514558,0.00426734092018751,746,0.0323816509908786,0.0310192498298961,0.00136240116098244,932,0.0441020872715815,0.039834746351456,0.00426734092012548,745,0.0323908468389065,0.0310054339734997,0.00138541286540679,934,0.0236680868564973,0.0194007459360147,0.00426734092048253,383,0.0236680868564973,0.0236680868564973,0,956,0.0440954754513691,0.0398347463514559,0.00426072909991323,747,0.0322469668930763,0.031221599428163,0.00102536746491331,632,0.0187378204167291,0.0187378204167291,0,414,0.0187378204167291,0.0187378204167291,0,938,71.6137961272725,53.9302959769067,17.6835001503658,779,55.787147330366,53.742744009406,2.04440332095994
Bacteroides_intestinalis_341_DSM_17393_AND_Prevotella_ruminicola_23,858,0.0636635306011493,0,0.0636635306011493,872,0.0477620514011263,0.015906923426335,0.0318551279747914,797,0.0636635306011493,0,0.0636635306011493,876,0.0480120305108068,0.0156568587307274,0.0323551717800794,815,0.0596911214264911,0,0.0596911214264911,528,0.0318317653005746,0,0.0318317653005746,1091,0.0512048419812249,0.0124629541300413,0.0387418878511836,883,0.0480120305108068,0.0156568587307273,0.0323551717800794,1075,0.0214947643046528,0.00238067921180423,0.0191140850928486,893,0.0214947643046528,0.00238067921180423,0.0191140850928486,1090,117.971012287445,39.8575054583561,78.1135068290894,910,78.7554799930614,30.7188965744296,48.0365834186318
Bacteroides_intestinalis_341_DSM_17393_AND_Pseudoflavonifractor_capillosus_strain_ATCC_29799,830,0.0434229437584395,0.031837213525569,0.0115857302328705,640,0.0341014250135098,0.0284354586602843,0.00566596635322546,867,0.0498304236397116,0.0318372135255689,0.0179932101141427,642,0.0341014250135095,0.028435458660284,0.00566596635322545,852,0.0236680868564973,0.0174725764756329,0.00619551038086434,383,0.0236680868564973,0.0236680868564973,0,858,0.0356846051442251,0.03183721352554,0.0038473916186851,639,0.0333746932348641,0.029527301616179,0.00384739161868508,509,0.0187378204167291,0,0.0187378204167291,514,0.0187378204167291,8.4705036483852e-06,0.0187293499130807,834,74.8548818041205,35.9535306512712,38.9013511528494,672,70.6176407387584,51.3672249900482,19.2504157487103
Bacteroides_intestinalis_341_DSM_17393_AND_Roseburia_intestinalis_L1_82,879,0.0736648057456932,0.0265140475666256,0.0471507581790676,640,0.0534596724872036,0.0247515921071789,0.0287080803800247,862,0.0575938825715284,0.00528757167157351,0.0523063108999549,638,0.0570312069982322,0.031837213525569,0.0251939934726633,543,0.0236680868564973,0,0.0236680868564973,383,0.0236680868564973,0.0236680868564973,0,884,0.0458601209686777,0.0219815820783409,0.0238785388903368,652,0.0356846051442541,0.031837213525569,0.0038473916186851,862,0.0468896648899698,0.0187378204167291,0.0281518444732407,675,0.0309326862862619,0.0187378204167291,0.0121948658695328,856,119.755379119908,53.9302959769067,65.8250831430013,683,62.12336335215,48.3549061765363,13.7684571756136
Bacteroides_intestinalis_341_DSM_17393_AND_Roseburia_inulinivorans_DSM_16841,851,0.0416153163015327,0.031837213525569,0.00977810277596373,641,0.0357447010140388,0.0259665982381991,0.00977810277583973,874,0.0416153163021217,0.031837213525569,0.00977810277655273,642,0.0357447010140392,0.0259665982381986,0.00977810277584065,860,0.0236680868564973,0.0138899840800598,0.00977810277643748,383,0.0236680868564973,0.0236680868564973,0,888,0.0416153163017983,0.0318372135255689,0.00977810277622942,643,0.0357447010140386,0.0259665982381995,0.00977810277583906,852,0.0475685103684165,0.0187378204167291,0.0288306899516874,699,0.0312267497733828,0.0187378204167291,0.0124889293566536,851,120.330661346173,53.9302959769068,66.4003653692666,687,88.7371327022259,46.1850489259348,42.552083776291
Bacteroides_intestinalis_341_DSM_17393_AND_Ruminococcus_bromii_L2_63,845,0.0736648057456932,0.030132064597579,0.0435327411481142,650,0.0552482793107516,0.031837213525569,0.0234110657851826,847,0.0575938825715284,0.0294200023069028,0.0281738802646257,656,0.0575938825715284,0.0297143650122418,0.0278795175592866,601,0.0236680868564973,0.0236680868564973,0,392,0.0236680868564973,0.0236680868564973,0,875,0.0458601209686777,0.0318372135255689,0.0140229074431088,670,0.0413757756960351,0.031837213525569,0.00953856217046612,869,0.0478047717442407,0.0187378204167291,0.0290669513275115,721,0.0242098466862727,0.0187378204167291,0.00547202626954353,852,70.5186794905729,53.9302959769067,16.5883835136662,695,56.5127192097705,53.909451088339,2.60326812143151
Bacteroides_intestinalis_341_DSM_17393_AND_Ruminococcus_callidus_ATCC_2776001,1010,0.0731096138947329,0.0398347463514558,0.0332748675432771,791,0.037104489438064,0.0266888930966386,0.0104155963414254,984,0.0573024338455804,0.039834746351963,0.0174676874936174,790,0.0371044894380638,0.0266888930966384,0.0104155963414254,603,0.0236680868564973,0.0236680868564973,0,377,0.0236680868564973,0.0236680868564973,0,996,0.0457612373442808,0.0398347463514558,0.00592649099282498,798,0.0371044894380638,0.0266888930966384,0.0104155963414254,983,0.0526162688258608,0.0187378204167291,0.0338784484091317,444,0.0338784484093447,0,0.0338784484093447,954,76.3140698488575,53.9302959769067,22.3837738719508,838,55.7843741938052,51.3672249900482,4.41714920375701
Bacteroides_intestinalis_341_DSM_17393_AND_Ruminococcus_torques_ATCC_27756,885,0.0736648057456932,0.0237566695278186,0.0499081362178746,643,0.0545667048154113,0.031837213525569,0.0227294912898423,870,0.0575938825715284,0.0396006724573857,0.0179932101141427,642,0.0570928415170486,0.0318372135255689,0.0252556279914796,593,0.0236680868564973,0,0.0236680868564973,383,0.0236680868564973,0.0236680868564973,0,882,0.0458601209686777,0.0382991309866678,0.00756098998200991,659,0.0333746932348641,0.029527301616179,0.00384739161868508,636,0.0187378204167291,0.0187378204167291,0,321,0.0187378204167291,0,0.0187378204167291,845,92.9102162912132,52.921016603348,39.9891996878652,686,72.7939678035246,50.8423004920542,21.9516673114704
Bacteroides_intestinalis_341_DSM_17393_AND_Shigella_flexneri_2002017,1042,0.185783282412536,0,0.185783282412536,521,0.185783282412536,0,0.185783282412536,1001,0.106931496562196,0,0.106931496562196,881,0.0652295292774744,0.0318372135255689,0.0333923157519055,1019,0.0596911214264911,0,0.0596911214264911,528,0.0596911214264911,0,0.0596911214264911,1036,0.0578298124806704,0,0.0578298124806704,533,0.0578298124806704,0,0.0578298124806704,1144,6.72802626621454,0,6.72802626621454,533,6.72802626621454,0,6.72802626621454,1265,151.821218336891,38.6527535760971,113.168464760794,934,76.5270000952986,21.7965329598992,54.7304671353994
Bacteroides_intestinalis_341_DSM_17393_AND_Streptococcus_salivarius_JIM8777,1037,0.0432328080319523,0.0318372135255689,0.0113955945063834,769,0.0432328080292128,0.0318372135255692,0.0113955945036436,1024,0.0495351334804017,0.0318372135255689,0.0176979199548328,773,0.049535133477343,0.031837213525569,0.017697919951774,671,0.0236680868564973,0.0236680868564973,0,391,0.0236680868564973,0.0236680868564973,0,1042,0.0356214648318906,0.0318372135255689,0.0037842513063217,780,0.0356214648331699,0.0318372135255689,0.00378425130760096,751,0.0193080012357121,0,0.0193080012357121,812,0.0192598234370302,0.00158326430795008,0.0176765591290802,1031,83.8070169850557,53.9302959769067,29.876721008149,838,83.8070169850557,53.9302959769068,29.876721008149
Bacteroides_intestinalis_341_DSM_17393_AND_Subdoligranulum_variabile_DSM_15176,861,0.043422943761196,0.03183721352554,0.011585730235656,629,0.0346824227622562,0.031837213525569,0.00284520923668722,873,0.0498304236396827,0.03183721352554,0.0179932101141427,636,0.0346824227622562,0.031837213525569,0.00284520923668721,618,0.0236680868564973,0.0236680868564973,0,383,0.0236680868564973,0.0236680868564973,0,893,0.0356846051429534,0.031837213525569,0.00384739161738448,630,0.0356846051442541,0.031837213525569,0.00384739161868509,842,0.0756420051506403,0.0187378204167291,0.0569041847339112,682,0.059514840567875,0.0187378204167291,0.0407770201511458,835,107.83584729358,53.9302959769067,53.9055513166731,679,73.8774243447784,38.6698027334079,35.2076216113705
Bacteroides_intestinalis_341_DSM_17393_AND_Veillonella_atypica_ACS_049_V_Sch6,768,0.0736648057456932,0.0736648057456932,0,893,0.0331791351143499,0.0318372135255693,0.00134192158878061,793,0.0575938825715284,0.0575938825715284,0,889,0.0417927436973074,0.031837213525569,0.00995553017173846,762,0.0236680868564973,0.0236680868564973,0,383,0.0236680868564973,0.0236680868564973,0,756,0.0458601209686777,0.0458601209686777,0,881,0.0356503042221049,0.031837213525569,0.00381309069653592,1174,0.121413029936435,0.0187378204167291,0.102675209519706,915,0.107017706936528,0.00434249741682171,0.102675209519706,1160,105.226538613716,53.9302959769067,51.2962426368089,954,77.1832496626972,51.3672249900481,25.8160246726491
Bacteroides_stercoris_ATCC_43183_AND_Bacteroides_thetaiotaomicron_VPI_5482,898,0.0318317653005746,0,0.0318317653005746,563,0.0318317653005746,0,0.0318317653005746,873,0.0318317653005746,0,0.0318317653005746,539,0.0318317653005746,0,0.0318317653005746,898,0.0318317653005746,0,0.0318317653005746,538,0.0318317653005746,0,0.0318317653005746,873,0.0318317653005746,0,0.0318317653005746,572,0.0318317653005746,0,0.0318317653005746,899,0.0218960201793722,0,0.0218960201793722,580,0.0218960201793722,0,0.0218960201793722,1197,82.8129351860526,9.5603391243494,73.2525960617032,955,82.5983202368892,9.56033912434942,73.0379811125398
Bacteroides_stercoris_ATCC_43183_AND_Bacteroides_uniformis_ATCC_8492,681,0.0159186067627845,0,0.0159186067627845,412,0.0159186067627845,0,0.0159186067627845,698,0.0159186067627845,0,0.0159186067627845,412,0.0159186067627845,0,0.0159186067627845,677,0.0159186067627845,0,0.0159186067627845,414,0.0159186067627845,0,0.0159186067627845,705,0.0159186067627845,0,0.0159186067627845,417,0.0159186067627845,0,0.0159186067627845,711,0.0286534921730121,0,0.0286534921730121,382,0.0286534921730121,0,0.0286534921730121,992,80.9649797976324,9.56033912434942,71.404640673283,809,63.1586514607104,9.56033912434942,53.598312336361
Bacteroides_stercoris_ATCC_43183_AND_Bifidobacterium_adolescentis_ATCC_15703,1024,0.0405928647024197,0.0113735520330907,0.029219312669329,858,0.0405928647024197,0.0113735520330907,0.0292193126693291,1024,0.0567525848252979,0.0113735520330907,0.0453790327922072,841,0.0567525848253068,0.0113735520330907,0.0453790327922161,1019,0.026998683227435,0.0113735520330906,0.0156251311943443,860,0.0269986832274417,0.0113735520330907,0.015625131194351,1019,0.0210767072428308,0.0113735520330907,0.00970315520974013,866,0.0207287272365601,0.0110255720268202,0.00970315520973997,1033,0.101540439844478,0.0187378204167291,0.0828026194277486,864,0.088587401019317,0.00578478159156842,0.0828026194277486,1064,67.3611189223333,9.56033912434944,57.8007797979838,849,57.3032125881051,9.56033912434942,47.7428734637557
Bacteroides_stercoris_ATCC_43183_AND_Bifidobacterium_bifidum_PRL2010,1082,0.0405928647024208,0.0113735520330906,0.0292193126693301,848,0.0372984755286414,0.0113735520330907,0.0259249234955508,1053,0.0567525848331515,0.0113735520330907,0.0453790328000609,855,0.0372984755286414,0.0113735520330907,0.0259249234955508,1066,0.026998683227444,0.0113735520330907,0.0156251311943533,845,0.0232541870107093,0.0076290558163583,0.015625131194351,1062,0.0210767072395505,0.0113735520330907,0.00970315520645983,853,0.0210767072428306,0.0113735520330907,0.00970315520973997,893,6.72802626621454,0,6.72802626621454,591,6.72802626621454,0,6.72802626621454,1080,84.006304572246,9.56033912434944,74.4459654478966,842,64.2569798902456,9.56033912434942,54.6966407658962
Bacteroides_stercoris_ATCC_43183_AND_Bifidobacterium_longum_NCC2705,943,0.0623604245397121,0.0113735520330907,0.0509868725066214,697,0.0302403089583225,0.0113735520330907,0.0188667569252318,942,0.0575938825715284,0.00402627234005638,0.053567610231472,695,0.0302403089583225,0.0113735520330907,0.0188667569252318,596,0.0236680868564973,0,0.0236680868564973,684,0.0184039759484397,0.0113735520330907,0.00703042391534903,945,0.0358278911415743,0.0113735520330907,0.0244543391084836,288,0.0229300604843388,0,0.0229300604843388,716,0.0187378204167291,0.0187378204167291,0,289,0.0187378204167291,0,0.0187378204167291,874,76.9583716712472,9.56033912434942,67.3980325468978,682,61.5396647769096,9.56033912434942,51.9793256525602
Bacteroides_stercoris_ATCC_43183_AND_Bilophila_wadsworthia_3_1_6,664,0.0736648057456932,0.0736648057456932,0,774,0.0121508202352019,0.0107896675544883,0.00136115268071361,664,0.0575938825715284,0.0575938825715284,0,772,0.0121508202352022,0.0107896675544882,0.00136115268071398,659,0.023668086856454,0.023668086856454,0,772,0.0121508202352022,0.0107896675544882,0.00136115268071398,666,0.0458601209686777,0.0458601209686777,0,785,0.0121508202352021,0.0107896675544882,0.00136115268071398,749,5.33545044006795,5.33545044006795,0,795,0.0176438301260277,0.0152252106517149,0.00241861947431282,970,42.1744989244962,9.56033912434942,32.6141598001468,755,30.6384785415954,9.56033912434942,21.078139417246
Bacteroides_stercoris_ATCC_43183_AND_Blautia_wexlerae_DSM_19850,1053,0.053984389643304,0.0113735520329252,0.0426108376103788,862,0.0262576407041559,0.0113735520330907,0.0148840886710652,1053,0.053984389643304,0.0113735520329252,0.0426108376103788,860,0.0262576407041559,0.0113735520330907,0.0148840886710652,1051,0.0234663187937857,0.0113735520329252,0.0120927667608605,859,0.0234663187937884,0.0113735520330907,0.0120927667606977,1060,0.0380060171209316,0.0113735520330907,0.0266324650878409,870,0.0303432030809415,0.0113735520330907,0.0189696510478508,1071,0.0501364339788353,0.0187378204167291,0.0313986135621061,888,0.018934305372461,0.0122807462877524,0.00665355908470864,1058,52.9000173399127,9.5603391243494,43.3396782155633,874,37.5545038349718,9.56033912434942,27.9941647106223
Bacteroides_stercoris_ATCC_43183_AND_Citrobacter_amalonaticus_Y19,942,0.185783282412536,0,0.185783282412536,515,0.185783282412536,0,0.185783282412536,961,0.142575328749595,0,0.142575328749595,516,0.142575328749595,0,0.142575328749595,950,0.0596911214264911,0,0.0596911214264911,513,0.0596911214264911,0,0.0596911214264911,932,0.0771064166408938,0,0.0771064166408938,512,0.0771064166408938,0,0.0771064166408938,1070,8.97070168828606,0,8.97070168828606,958,4.4876209740105,0.0142479368987371,4.47337303711176,1241,134.494200309493,9.56033912434944,124.933861185143,945,112.255518997713,9.56033912434942,102.695179873364
Bacteroides_stercoris_ATCC_43183_AND_Clostridium_clostridioforme_CM201,743,0.0736648057456932,0.0736648057456932,0,840,0.0184976968423044,0.00710210233866083,0.0113955945036436,750,0.0575938825715284,0.0575938825715284,0,847,0.0224377000701236,0.00473978011834959,0.017697919951774,745,0.0236680868564973,0.0236680868564973,0,831,0.0151832137644004,0.00908937914302841,0.00609383462137198,787,0.0458601209686777,0.0458601209686777,0,858,0.0137393394697343,0.00995508816213339,0.00378425130760096,832,0.0193080012357121,0,0.0193080012357121,456,0.0193080012357121,0,0.0193080012357121,1086,74.1286004319307,9.56033912434942,64.5682613075813,861,52.6058466627369,9.56033912434942,43.0455075383875
Bacteroides_stercoris_ATCC_43183_AND_Collinsella_tanakaei_YIT_12063,1051,0.0227691465365688,0.0113735520329252,0.0113955945036436,851,0.0227691465367343,0.0113735520330907,0.0113955945036436,1065,0.0241741313975531,0.0113735520330906,0.0128005793644625,845,0.0241741313975532,0.0113735520330907,0.0128005793644625,1065,0.0174673866574478,0.0113735520329252,0.00609383462452259,844,0.0174673866544627,0.0113735520330907,0.00609383462137198,1060,0.0151578033394124,0.0113735520330907,0.0037842513063217,864,0.0151578033406916,0.0113735520330907,0.00378425130760096,1073,0.0522821745732261,0.0187378204167291,0.033544354156497,892,0.0224997767047099,0.00482321757562975,0.0176765591290802,1084,76.1102026894782,9.56033912434944,66.5498635651287,874,67.5363286854123,9.56033912434942,57.9759895610629
Bacteroides_stercoris_ATCC_43183_AND_Coprococcus_catus_GD_7,1049,0.0227691465367343,0.0113735520330907,0.0113955945036436,834,0.0227691465367343,0.0113735520330907,0.0113955945036436,1038,0.0290714719879232,0.0113735520330907,0.0176979199548326,840,0.0272686605931848,0.0113735520330907,0.0158951085600942,1086,0.0174673866432945,0.0113735520330906,0.00609383461020381,833,0.015447352511235,0.009353517889863,0.00609383462137198,1042,0.0151578033440327,0.0113735520330907,0.00378425131094199,851,0.0151578033406916,0.0113735520330906,0.00378425130760096,1073,0.0521848066103656,0.0187378204167291,0.0334469861936365,446,0.0243728064474197,0,0.0243728064474197,1056,66.2060128956121,9.56033912434944,56.6456737712627,871,50.0198059661739,9.56033912434942,40.4594668418245
Bacteroides_stercoris_ATCC_43183_AND_Desulfovibrio_desulfuricans_subsp_desulfuricans_DSM_642,823,0.185783282412536,0,0.185783282412536,496,0.0853453615821187,0,0.0853453615821187,830,0.106931496562196,0,0.106931496562196,500,0.0894339866702822,0,0.0894339866702822,807,0.0596911214264911,0,0.0596911214264911,496,0.0596911214264911,0,0.0596911214264911,814,0.0578298124806704,0,0.0578298124806704,497,0.0433102564111074,0,0.0433102564111074,938,6.72802626621454,0,6.72802626621454,501,0.0913520820692519,0,0.0913520820692519,1087,75.6144241210727,9.56033912434944,66.0540849967233,895,20.8556899579463,9.56033912434942,11.2953508335969
Bacteroides_stercoris_ATCC_43183_AND_Desulfovibrio_piger_ATCC_29098,993,0.0736648057456932,0.0724367741261116,0.00122803161958162,774,0.0120748032171728,0.0108467715976182,0.00122803161955463,717,0.0575938825715284,0.0575938825715284,0,772,0.0120748032171728,0.0108467715976182,0.00122803161955462,998,0.0236680868564973,0.0224400552368848,0.00122803161961249,772,0.0120748032171728,0.0108467715976182,0.00122803161955462,698,0.0458601209686777,0.0458601209686777,0,784,0.0120748032171728,0.0108467715976182,0.00122803161955454,773,5.33545044006795,5.33545044006795,0,793,0.0330924956564567,0.0109921632135609,0.0221003324428959,962,44.7004057372888,9.56033912434944,35.1400666129393,762,43.6262430632046,9.56033912434942,34.0659039388552
Bacteroides_stercoris_ATCC_43183_AND_Dialister_invisus_DSM_15470,1050,0.0742053959541007,0.0733096236751349,0.000895772278965745,420,0.0113735520330907,0.0113735520330907,0,1059,0.0662820624176718,0.0518855185295197,0.0143965438881521,474,0.0113735520330907,0.0113735520330907,0,1047,0.0330977076731867,0.0174725764788362,0.0156251311943505,419,0.0113735520330907,0.0113735520330907,0,1082,0.049842931783701,0.0432433088808507,0.00659962290285028,482,0.0113735520330907,0.0113735520330907,0,1065,0.0197244438510269,0.0187378204167291,0.000986623434297741,917,0.0157428996504544,0.0153582906947256,0.00038460895572876,1077,17.6993582989948,9.56033912434944,8.13901917464531,863,12.5754215389513,9.56033912434942,3.01508241460191
Bacteroides_stercoris_ATCC_43183_AND_Dorea_longicatena_DSM_13814,871,0.0229592822659613,0.0113735520330907,0.0115857302328706,702,0.0146245131743819,0.0113735520330907,0.00325096114129127,871,0.0293667621441236,0.0113735520330907,0.0179932101110329,699,0.0146245131743819,0.0113735520330907,0.00325096114129127,878,0.0175690624105863,0.0113735520329252,0.00619551037766119,699,0.0146245131743819,0.0113735520330907,0.00325096114129127,842,0.0152209436504751,0.0113735520330907,0.00384739161738447,707,0.0152209436517757,0.0113735520330907,0.00384739161868499,846,0.0187378204167291,0.0103369628571239,0.00840085755960526,725,0.0187378204167291,0.0103369628571894,0.00840085755953967,859,61.5023736375012,9.56033912434944,51.9420345131517,691,47.8544892043525,9.56033912434942,38.2941500800031
Bacteroides_stercoris_ATCC_43183_AND_Enterobacter_cloacae_EcWSU1,999,0.185783282412536,0,0.185783282412536,518,0.185783282412536,0,0.185783282412536,1020,0.106931496562196,0,0.106931496562196,928,0.0556218223303082,0.00583514687180842,0.0497866754584998,1027,0.0596911214264911,0,0.0596911214264911,529,0.0596911214264911,0,0.0596911214264911,967,0.0578298124806704,0,0.0578298124806704,530,0.0578298124806704,0,0.0578298124806704,1057,6.72802626621454,0,6.72802626621454,534,6.72802626621454,0,6.72802626621454,1233,160.058229952846,9.5603391243494,150.497890828497,959,137.826187218673,9.56033912434942,128.265848094324
Bacteroides_stercoris_ATCC_43183_AND_Enterococcus_faecium_TX1330,905,0.0229592822659612,0.0113735520330907,0.0115857302328705,679,0.0147808123770975,0.0113735520330907,0.00340726034400687,909,0.0293667621439581,0.0113735520329252,0.0179932101110329,677,0.0237341094404738,0.00574089932944092,0.0179932101110329,899,0.0175690624107519,0.0113735520330907,0.00619551037766119,675,0.0147808123770975,0.0113735520330907,0.00340726034400687,883,0.0152209436430308,0.0113735520329252,0.00384739161010565,688,0.015220943651776,0.0113735520330907,0.0038473916186853,667,0.0187378204167291,0,0.0187378204167291,290,0.0182215743440233,0,0.0182215743440233,880,67.9628728411834,9.56033912434945,58.402533716834,683,47.3051945965511,9.56033912434942,37.7448554722017
Bacteroides_stercoris_ATCC_43183_AND_Escherichia_coli_str_K_12_substr_MG1655,916,0.0736648057456932,0,0.0736648057456932,745,0.0736648057456932,0.0111413937873915,0.0625234119583016,942,0.0575938825715284,0,0.0575938825715284,744,0.0575938825715284,0.0113735520330907,0.0462203305384377,912,0.0236680868564973,0,0.0236680868564973,797,0.0175690624107518,0.0113735520330907,0.00619551037766116,917,0.0458601209686777,0,0.0458601209686777,341,0.0458601209686777,0,0.0458601209686777,1312,5.33545044006795,0.0204723936595632,5.31497804640839,823,0.292954278783188,0.000669429660627293,0.292284849122561,1215,132.278990197011,9.56033912434944,122.718651072662,828,111.727621094006,9.56033912434942,102.167281969657
Bacteroides_stercoris_ATCC_43183_AND_Eubacterium_rectale_M104_1,929,0.0736648057456932,0.0359353066347077,0.0377294991109854,688,0.0153095909627076,0.0084167965245861,0.00689279443812145,902,0.0575938825715284,0.0198643834603798,0.0377294991111487,686,0.0153095909627076,0.0084167965245861,0.00689279443812145,584,0.0236680868564973,0,0.0236680868564973,686,0.0149114161394756,0.00871590576181446,0.00619551037766117,726,0.0458601209686777,0.0458601209686777,0,699,0.0135705540363527,0.00972316241766762,0.00384739161868508,863,0.0187378204167291,0.0101050227136824,0.00863279770304674,711,0.0187378204167291,0.00830955902643582,0.0104282613902933,894,72.8025844492009,9.56033912434942,63.2422453248515,672,56.172236935355,9.56033912434942,46.6118978110055
Bacteroides_stercoris_ATCC_43183_AND_Faecalibacterium_prausnitzii_L2_6,873,0.0229592822659612,0.0113735520330907,0.0115857302328705,685,0.0229592822659612,0.0113735520330907,0.0115857302328705,874,0.0293667621472334,0.0113735520330907,0.0179932101141427,681,0.0293667621441235,0.0113735520330907,0.0179932101110328,850,0.0175690624107518,0.0113735520330907,0.00619551037766117,676,0.0175690624107518,0.0113735520330907,0.00619551037766117,862,0.0152209436503096,0.0113735520329252,0.00384739161738448,687,0.0152209436517758,0.0113735520330907,0.00384739161868509,548,0.0187378204167291,0,0.0187378204167291,295,0.0187378204167291,0,0.0187378204167291,884,69.1081466508929,9.56033912434942,59.5478075265434,675,49.2588774753784,9.56033912434942,39.698538351029
Bacteroides_stercoris_ATCC_43183_AND_Fusobacterium_varium_ATCC_27725,1070,0.0736648057456932,0.0620790755099886,0.0115857302357045,789,0.0176205889674814,0.00606226966850023,0.0115583192989812,1076,0.0575938825715284,0.0396006724581227,0.0179932101134057,796,0.0145058078635793,0.00902059901447194,0.00548520884910739,1039,0.0236680868564973,0.0174725764756329,0.00619551038086434,791,0.0149114161394756,0.00871590576181446,0.00619551037766116,1044,0.0458601209686777,0.0420127293538434,0.0038473916148343,800,0.0135705540363527,0.00972316241766758,0.00384739161868517,1083,5.33545044006795,5.32564381913075,0.00980662093719868,398,0.0182215743440233,0,0.0182215743440233,1011,81.5016691949282,9.56033912434944,71.9413300705788,818,65.4266072413075,9.56033912434942,55.8662681169581
Bacteroides_stercoris_ATCC_43183_AND_Haemophilus_parainfluenzae_T3T1,1169,0.0405928647022547,0.0113735520329251,0.0292193126693296,965,0.0213795716544949,0.0113735520330907,0.0100060196214042,1205,0.05675258482531,0.0113735520330906,0.0453790327922194,929,0.0561490639888661,0.0113735520330907,0.0447755119557754,1139,0.0269986832355195,0.0113735520330906,0.0156251312024289,959,0.0170544160879687,0.0113735520330907,0.00568086405487805,1163,0.0210767072426649,0.0113735520329252,0.00970315520973979,965,0.0210767072428303,0.0113735520330907,0.00970315520973962,1180,0.0440722346850712,0.0187378204167291,0.0253344142683421,1007,0.0366677465479984,0.0151430639135923,0.0215246826344061,1143,107.355415155963,9.56033912434944,97.7950760316131,954,85.9278489469017,9.56033912434942,76.3675098225523
Bacteroides_stercoris_ATCC_43183_AND_Helicobacter_pylori_26695,688,0.0736648057456932,0.0736648057456932,0,783,0.0594602874148165,0.0113735520330907,0.0480867353817259,655,0.0575938825715284,0,0.0575938825715284,774,0.0575938825715284,0.0113735520330907,0.0462203305384377,704,0.0236680868564973,0.0236680868564973,0,789,0.0175690624107518,0.0113735520330907,0.00619551037766116,692,0.0458601209686777,0.0458601209686777,0,802,0.0152209436517757,0.0113735520330906,0.00384739161868507,746,5.33545044006795,5.33545044006795,0,376,0.0182215743440233,0,0.0182215743440233,958,57.7201831105989,9.5603391243494,48.1598439862495,777,40.6854673531754,9.56033912434942,31.1251282288259
Bacteroides_stercoris_ATCC_43183_AND_Klebsiella_pneumoniae_pneumoniae_MGH78578,1168,0.0736648057456932,0.0113735520329252,0.062291253712768,752,0.0736648057456932,0.0113735520330907,0.0622912537126025,872,0.0575938825715284,0,0.0575938825715284,753,0.0575938825715284,0.0113735520330907,0.0462203305384377,1147,0.0236680868564973,0.0113735520330906,0.0122945348234066,782,0.0236680868564973,0.0058075606290834,0.0178605262274139,874,0.0458601209686777,0,0.0458601209686777,354,0.0458601209686777,0,0.0458601209686777,925,5.33545044006795,0,5.33545044006795,788,2.68197315693271,0.0142479368987371,2.66772522003398,1127,111.024404300547,9.56033912434944,101.464065176197,788,88.8720840904947,9.56033912434942,79.3117449661452
Bacteroides_stercoris_ATCC_43183_AND_Lactobacillus_mucosae_LM1,1030,0.0125281327062932,0.0113735520330907,0.00115458067320255,821,0.0121454028611477,0.0109908221879452,0.00115458067320256,1026,0.0125281327062933,0.0113735520330907,0.00115458067320256,819,0.0121454028611477,0.0109908221879452,0.00115458067320256,1026,0.0125281327062933,0.0113735520330907,0.00115458067320256,818,0.0121454028611477,0.0109908221879452,0.00115458067320255,1024,0.0125281327062764,0.0113735520330907,0.00115458067318575,835,0.0121454028611477,0.0109908221879452,0.00115458067320251,1002,0.0213356269314097,0.0187378204167291,0.00259780651468054,861,0.014295636193845,0.0116978296791392,0.00259780651470576,1039,56.2854398973562,9.56033912434942,46.7251007730068,842,43.1017007340792,9.56033912434942,33.5413616097298
Bacteroides_stercoris_ATCC_43183_AND_Lactobacillus_reuteri_SD2112_ATCC_55730,901,0.0229592822687468,0.0113735520330907,0.0115857302356561,669,0.0179894297636684,0.00640369953079786,0.0115857302328705,912,0.0293667621472334,0.0113735520330907,0.0179932101141428,667,0.0131741409401066,0.0100209482442126,0.00315319269589399,880,0.017569062413955,0.0113735520330907,0.00619551038086434,666,0.0131741409401066,0.0100209482442126,0.00315319269589399,859,0.0152209436504648,0.0113735520330803,0.00384739161738448,672,0.0135705540363527,0.00972316241766761,0.0038473916186851,890,0.0311448504053477,0.0187378204167291,0.0124070299886186,688,0.0142479368987371,0.00184090691011844,0.0124070299886186,850,77.2818982615136,9.5603391243494,67.7215591371642,670,76.0989755334952,9.56033912434942,66.5386364091458
Bacteroides_stercoris_ATCC_43183_AND_Megasphaera_elsdenii_DSM_20460,1178,0.0912983881863915,0.0620790755100373,0.0292193126763542,937,0.03015274710675,0.000933434437420892,0.0292193126693291,1182,0.0849797052574463,0.0396006724573854,0.0453790328000609,890,0.0457892502139776,0.000410217421759843,0.0453790327922178,1127,0.0330977076780619,0.0174725764756331,0.0156251312024289,912,0.0215478626484877,0.00592273145413668,0.015625131194351,1159,0.051715884557753,0.0420127293512932,0.00970315520645983,923,0.017691765546011,0.00798861033627107,0.00970315520973997,1293,9.39575148624446,2.66772522003664,6.72802626620782,941,6.74227420311316,0.0142479368987371,6.72802626621442,1143,77.138611227201,9.56033912434942,67.5782721028515,914,67.627581614323,9.56033912434942,58.0672424899736
Bacteroides_stercoris_ATCC_43183_AND_Parabacteroides_distasonis_ATCC_8503,827,0.0318317653005746,0,0.0318317653005746,551,0.0318317653005746,0,0.0318317653005746,834,0.0318317653005746,0,0.0318317653005746,551,0.0318317653005746,0,0.0318317653005746,827,0.0318317653005746,0,0.0318317653005746,535,0.0318317653005746,0,0.0318317653005746,855,0.0318317653005746,0,0.0318317653005746,541,0.0318317653005746,0,0.0318317653005746,883,0.0218960201793722,0,0.0218960201793722,567,0.0167888282863063,0,0.0167888282863063,1156,78.479508959605,9.56033912434944,68.9191698352556,971,61.6975809339147,9.56033912434942,52.1372418095652
Bacteroides_stercoris_ATCC_43183_AND_Parabacteroides_johnsonii_DSM_18315,701,0.031837213525569,0,0.031837213525569,387,0.031837213525569,0,0.031837213525569,698,0.0318372135255689,0,0.0318372135255689,382,0.0318372135255689,0,0.0318372135255689,666,0.0236680868564973,0,0.0236680868564973,778,0.0236680868564973,0.00213788790129636,0.0215301989552009,700,0.031837213525569,0,0.031837213525569,391,0.031837213525569,0,0.031837213525569,673,0.0187378204167291,0.0187378204167291,0,411,0.0187378204167291,0,0.0187378204167291,1012,64.8088913664246,9.56033912434943,55.2485522420752,802,46.3927072857329,9.56033912434942,36.8323681613835
Bacteroides_stercoris_ATCC_43183_AND_Phascolarctobacterium_succinatutens_YIT_12067,981,0.0736648057456932,0.0693974648251433,0.00426734092054982,792,0.012153203894377,0.0107878769478601,0.00136532694651687,989,0.0575938825715284,0.0533265416513411,0.00426734092018735,789,0.0121677325778722,0.0107769629895065,0.00139076958836571,995,0.0236680868564973,0.0194007459361092,0.0042673409203881,790,0.0128136013941864,0.0102917858318218,0.00252181556236463,673,0.0458601209686777,0.0458601209686777,0,801,0.0119590770168126,0.0109337052094325,0.00102537180738005,685,0.0187378204167291,0.0187378204167291,0,818,0.0143508448423485,0.0141334299242611,0.000217414918087362,953,27.2438392747152,9.56033912434942,17.6835001503658,776,22.8440567568589,9.56033912434942,13.2837176325095
Bacteroides_stercoris_ATCC_43183_AND_Prevotella_ruminicola_23,810,0.0318317653005746,0,0.0318317653005746,516,0.0318317653005746,0,0.0318317653005746,781,0.0318317653005746,0,0.0318317653005746,527,0.0318317653005746,0,0.0318317653005746,768,0.0318317653005746,0,0.0318317653005746,532,0.0318317653005746,0,0.0318317653005746,837,0.0318317653005746,0,0.0318317653005746,528,0.0318317653005746,0,0.0318317653005746,1172,0.0214947643046528,0.00238067921180423,0.0191140850928486,914,0.0199086001013428,0.000794515008494224,0.0191140850928486,1123,87.6789991958791,9.56033912434944,78.1186600715296,918,69.9424666637057,9.56033912434942,60.3821275393563
Bacteroides_stercoris_ATCC_43183_AND_Pseudoflavonifractor_capillosus_strain_ATCC_29799,881,0.0229592822657957,0.0113735520329252,0.0115857302328705,687,0.0146090270411446,0.0089430606879191,0.00566596635322545,881,0.0293667621441235,0.0113735520330906,0.0179932101110328,689,0.0146090270411445,0.00894306068791911,0.00566596635322544,876,0.0175690624105863,0.0113735520329252,0.00619551037766116,689,0.0146090270411446,0.0089430606879191,0.00566596635322545,844,0.0152209436517761,0.0113735520330907,0.00384739161868539,696,0.0135705540363527,0.00972316241766761,0.00384739161868508,576,0.0187378204167291,0,0.0187378204167291,713,0.0187378204167291,0.00349033561442713,0.015247484802302,845,48.4616902771988,9.56033912434942,38.9013511528494,673,29.0110147007741,9.56033912434942,19.4506755764246
Bacteroides_stercoris_ATCC_43183_AND_Roseburia_intestinalis_L1_82,903,0.0611598910833559,0.0113735520330907,0.0497863390502652,683,0.0520176168465899,0.00223127779679968,0.0497863390497903,901,0.0575938825715284,0.0113735520330907,0.0462203305384378,683,0.0568094210685482,0.0113735520330907,0.0454358690354575,884,0.0236680868564973,0.0113735520329252,0.0122945348235721,694,0.0175690624107518,0.0113735520330907,0.00619551037766115,931,0.0352520909237574,0.0113735520329252,0.0238785388908322,707,0.0152209436517758,0.0113735520330907,0.0038473916186851,900,0.0468896648898517,0.0187378204167291,0.0281518444731226,698,0.0285568839794845,0.000405039506669038,0.0281518444728155,866,75.6133097805473,9.56033912434944,66.0529706561978,680,22.8239682475343,9.56033912434942,13.2636291231848
Bacteroides_stercoris_ATCC_43183_AND_Roseburia_inulinivorans_DSM_16841,900,0.021151654809588,0.0113735520330906,0.00977810277649732,687,0.0169572080566393,0.00717910528079978,0.0097781027758395,900,0.021151654809588,0.0113735520330906,0.00977810277649732,685,0.0169572080566392,0.00717910528079986,0.0097781027758393,889,0.021151654809588,0.0113735520330907,0.00977810277649732,690,0.0169572080566392,0.00717910528079986,0.0097781027758393,890,0.0211516548087876,0.0113735520330907,0.00977810277569694,703,0.0169572080566393,0.00717910528079978,0.00977810277583947,903,0.0475685103677866,0.0187378204167291,0.0288306899510575,731,0.0369357771296814,0.00810508717851853,0.0288306899511629,844,76.3608517514833,9.5603391243494,66.8005126271339,696,64.2502675211077,9.56033912434942,54.6899283967583
Bacteroides_stercoris_ATCC_43183_AND_Ruminococcus_bromii_L2_63,884,0.062778251122356,0.0113735520330907,0.0514046990892653,698,0.0556844779438995,0.0113735520330907,0.0443109259108088,882,0.0575938825715284,0.0113735520327913,0.0462203305387371,703,0.0575938825715284,0.00563757507626494,0.0519563074952635,872,0.0236680868564973,0.0113735520329251,0.0122945348235722,707,0.0236680868564973,0.0113735520330907,0.0122945348234066,867,0.0360282892523118,0.0113735520330907,0.0246547372192211,726,0.0209121142035568,0.0113735520330907,0.00953856217046612,876,0.0478047717465364,0.0187378204167291,0.0290669513298073,735,0.019024857679093,0.0142479368987371,0.00477692078035595,882,42.7371061516819,9.56033912434946,33.1767670273325,693,25.6215981438931,9.56033912434942,16.0612590195437
Bacteroides_stercoris_ATCC_43183_AND_Ruminococcus_callidus_ATCC_2776001,594,0.0736648057456932,0.0736648057456932,0,839,0.0196534685346758,0.00685288917021329,0.0128005793644625,607,0.0575938825715284,0.0575938825715284,0,836,0.0196534685346758,0.00685288917021329,0.0128005793644625,643,0.0236680868564973,0.0236680868564973,0,831,0.0233589277316895,0.00482978521999345,0.018529142511696,590,0.0458601209686777,0.0458601209686777,0,854,0.0181109954713851,0.00769504750512792,0.0104159479662571,1011,0.052616268825842,0.0187378204167291,0.0338784484091128,856,0.0423863020886921,0.008507853679348,0.0338784484093441,1032,45.5729413173169,9.56033912434942,36.0126021929675,845,31.8098923569014,9.56033912434942,22.2495532325519
Bacteroides_stercoris_ATCC_43183_AND_Ruminococcus_torques_ATCC_27756,882,0.0736648057456932,0.0237566695285223,0.0499081362171708,689,0.054394438556423,0.0113735520330907,0.0430208865233323,880,0.0575938825715284,0.00515960965304862,0.0524342729184798,690,0.0569205752580634,0.0113735520330907,0.0455470232249727,558,0.0236680868564973,0,0.0236680868564973,709,0.0149114161394756,0.00871590576181446,0.00619551037766117,916,0.0458601209686777,0.0219231656835459,0.0239369552851318,714,0.0135705540363527,0.00972316241766761,0.00384739161868508,664,0.0187378204167291,0.0187378204167291,0,728,0.0187378204167291,0.0152890495961661,0.00344877082056304,870,57.0792477603339,9.56033912434944,47.5189086359845,692,47.2686096499513,9.56033912434942,37.7082705256019
Bacteroides_stercoris_ATCC_43183_AND_Shigella_flexneri_2002017,1037,0.185783282412536,0,0.185783282412536,521,0.185783282412536,0,0.185783282412536,1009,0.106931496562196,0,0.106931496562196,933,0.0576682509643406,0.0113735520330907,0.0462946989312499,1041,0.0596911214264911,0,0.0596911214264911,523,0.0596911214264911,0,0.0596911214264911,1030,0.0578298124806704,0,0.0578298124806704,573,0.0578298124806704,0,0.0578298124806704,1156,6.72802626621454,0,6.72802626621454,533,6.72802626621454,0,6.72802626621454,1265,122.728803885144,9.5603391243494,113.168464760794,950,77.787780300631,9.56033912434942,68.2274411762816
Bacteroides_stercoris_ATCC_43183_AND_Streptococcus_salivarius_JIM8777,1017,0.0227691465394741,0.0113735520330907,0.0113955945063834,814,0.0227691465367343,0.0113735520330907,0.0113955945036436,1008,0.0290714719879232,0.0113735520330907,0.0176979199548326,814,0.0290714719848647,0.0113735520330907,0.017697919951774,1038,0.0174673866576132,0.0113735520330906,0.00609383462452259,806,0.0174673866544627,0.0113735520330907,0.00609383462137198,1010,0.0151578033406916,0.0113735520330907,0.00378425130760094,829,0.0151578033406916,0.0113735520330907,0.00378425130760096,725,0.0193080012357121,0,0.0193080012357121,834,0.0188436730260745,0.00116711389699437,0.0176765591290802,1057,54.3754206365729,9.56033912434944,44.8150815122235,836,39.4370601324984,9.56033912434942,29.876721008149
Bacteroides_stercoris_ATCC_43183_AND_Subdoligranulum_variabile_DSM_15176,884,0.0229592822687467,0.0113735520330906,0.011585730235656,677,0.0208059268107698,0.0113735520330907,0.00943237477767918,892,0.0293667621617906,0.0113735520330906,0.0179932101287,676,0.0208059268107696,0.0113735520330907,0.0094323747776789,848,0.017569062413955,0.0113735520330906,0.00619551038086434,668,0.0175690624107518,0.0113735520330907,0.00619551037766117,893,0.0152209436502968,0.0113735520329124,0.00384739161738448,682,0.0152209436517758,0.0113735520330907,0.00384739161868509,921,2.6864630404507,0.0187378204167291,2.66772522003398,700,0.0588892853890907,0.0142479368987371,0.0446413484903537,856,69.8218901276692,9.56033912434942,60.2615510033198,681,63.5530411980523,9.56033912434942,53.9927020737029
Bacteroides_stercoris_ATCC_43183_AND_Veillonella_atypica_ACS_049_V_Sch6,1164,0.0127154736217058,0.0113735520329252,0.00134192158878061,939,0.0127154736218713,0.0113735520330907,0.00134192158878061,1171,0.0241741313973877,0.0113735520329252,0.0128005793644625,933,0.0241741313975532,0.0113735520330907,0.0128005793644625,1163,0.0174673866576133,0.0113735520330907,0.00609383462452259,419,0.0113735520330907,0.0113735520330907,0,1177,0.0151578033394124,0.0113735520330907,0.00378425130632169,938,0.0151866427296266,0.0113735520330907,0.00381309069653592,1212,0.121413029936435,0.0187378204167291,0.102675209519706,936,0.116923146418443,0.0142479368987371,0.102675209519706,1197,68.4366253296205,9.56033912434944,58.8762862052711,951,46.3639375863755,9.56033912434942,36.8035984620261
Bacteroides_thetaiotaomicron_VPI_5482_AND_Bacteroides_uniformis_ATCC_8492,873,0.0318317653005746,0.0318317653005746,0,563,0.0318317653005746,0.0318317653005746,0,859,0.0318317653005746,0.0318317653005746,0,539,0.0318317653005746,0.0318317653005746,0,907,0.0318317653005746,0.0318317653005746,0,538,0.0318317653005746,0.0318317653005746,0,888,0.0318317653005746,0.0318317653005746,0,572,0.0318317653005746,0.0318317653005746,0,1174,0.039599628435462,0.0218960201793722,0.0177036082560898,942,0.0391064275518074,0.0218960201793722,0.0172104073724352,1163,121.57794450489,73.2525960617033,48.3253484431865,968,90.5907066822891,36.9923943459278,53.5983123363613
Bacteroides_thetaiotaomicron_VPI_5482_AND_Bifidobacterium_adolescentis_ATCC_15703,1199,0.0610510779699041,0.0318317653005746,0.0292193126693295,1002,0.0610510779699037,0.0318317653005746,0.0292193126693291,1200,0.0772107980927818,0.0318317653005746,0.0453790327922072,969,0.0772107980927908,0.0318317653005746,0.0453790327922161,1187,0.0474568965030041,0.0318317653005746,0.0156251312024295,979,0.041782163810222,0.0318317653005746,0.00995039850964737,1194,0.0415349205103151,0.0318317653005746,0.00970315520974048,1009,0.0415349205103142,0.0318317653005746,0.00970315520973962,1210,0.104698639607121,0.0218960201793722,0.0828026194277486,1007,0.0989927954960708,0.0161901760683223,0.0828026194277486,1185,115.377698018266,60.4019954731659,54.9757025451003,1011,86.9920770606219,57.4635049319698,29.5285721286521
Bacteroides_thetaiotaomicron_VPI_5482_AND_Bifidobacterium_bifidum_PRL2010,1261,0.0610510779769288,0.0318317653005746,0.0292193126763542,996,0.0577566887961254,0.0318317653005746,0.0259249234955508,1264,0.0772107981006355,0.0318317653005746,0.0453790328000609,979,0.0577566887961254,0.0318317653005746,0.0259249234955508,1246,0.0474568965030035,0.0318317653005746,0.0156251312024289,966,0.036976975675719,0.0213518444813686,0.0156251311943505,1238,0.0415349205070341,0.0318317653005746,0.00970315520645948,998,0.0380251265992252,0.0318317653005746,0.00619336129865058,1373,6.72802626621454,0.0218960201793722,6.70613024603517,1134,6.72802626621454,0.0218960201793722,6.70613024603517,1202,139.476649346953,65.0306838990566,74.4459654478965,1003,90.4654000943406,56.6639344469468,33.8014656473938
Bacteroides_thetaiotaomicron_VPI_5482_AND_Bifidobacterium_longum_NCC2705,1084,0.0828186378063964,0.0318317653005746,0.0509868725058217,838,0.0506985222258064,0.0318317653005746,0.0188667569252318,1071,0.0768040557839491,0.0318317653005746,0.0449722904833745,822,0.0506985222258064,0.0318317653005746,0.0188667569252318,1041,0.042878260068918,0.0318317653005746,0.0110464947683433,813,0.0372787571746596,0.0318317653005746,0.00544699187408493,1075,0.0524487020929445,0.0318317653005746,0.0206169367923698,572,0.0318317653005746,0.0318317653005746,0,869,0.0218960201793722,0.0218960201793722,0,580,0.0218960201793722,0.0218960201793722,0,1011,132.132551865883,73.2525960617033,58.8799558041793,841,89.3050435413864,57.4951471703067,31.8098963710797
Bacteroides_thetaiotaomicron_VPI_5482_AND_Bilophila_wadsworthia_3_1_6,883,0.185783282412536,0.185783282412536,0,563,0.0318317653005746,0.0318317653005746,0,877,0.106931496562196,0.106931496562196,0,545,0.0318317653005746,0.0318317653005746,0,864,0.0596911214264911,0.0596911214264911,0,544,0.0318317653005746,0.0318317653005746,0,861,0.0578298124806704,0.0578298124806704,0,573,0.0318317653005746,0.0318317653005746,0,919,6.72802626621454,6.72802626621454,0,573,0.0218960201793722,0.0218960201793722,0,1112,98.2442152035489,73.2525960617033,24.9916191418456,919,84.6317051294983,73.1405538893617,11.4911512401366
Bacteroides_thetaiotaomicron_VPI_5482_AND_Blautia_wexlerae_DSM_19850,1205,0.0744426029063091,0.0318317653005746,0.0426108376057344,1004,0.0467158539716398,0.0318317653005746,0.0148840886710652,1202,0.0744426029063091,0.0318317653005746,0.0426108376057344,985,0.0467158539716398,0.0318317653005746,0.0148840886710652,1204,0.0426969738404314,0.0318317653005746,0.0108652085398567,984,0.0426969738404314,0.0318317653005746,0.0108652085398567,1230,0.0521103534319062,0.0318317653005746,0.0202785881313315,1010,0.0365820138759701,0.0318317653005746,0.00475024857539549,1229,0.0532946337426265,0.0218960201793722,0.0313986135632543,574,0.0218960201793722,0.0218960201793722,0,1172,109.795128958481,73.2525960617032,36.5425328967777,1031,87.2273225877503,73.2525960617032,13.9747265260471
Bacteroides_thetaiotaomicron_VPI_5482_AND_Citrobacter_amalonaticus_Y19,1434,0.185783282412536,0.0318317653005746,0.153951517111961,1057,0.185783282412536,0.0318317653005746,0.153951517111961,1390,0.142575328749595,0.0318317653005746,0.11074356344902,516,0.142575328749595,0,0.142575328749595,959,0.0596911214264911,0,0.0596911214264911,1027,0.0596911214264911,0.00649279309001343,0.0531983283364777,1420,0.0771064166408938,0.0191559619619925,0.0579504546789014,517,0.0771064166408938,0,0.0771064166408938,1066,8.97070168828606,0,8.97070168828606,1091,4.49264951753615,0.0218960201793722,4.47075349735678,1384,198.186457246847,73.2525960617032,124.933861185144,1091,117.163062338303,27.9548695720452,89.2081927662576
Bacteroides_thetaiotaomicron_VPI_5482_AND_Clostridium_clostridioforme_CM201,960,0.185783282412536,0.185783282412536,0,562,0.0318317653005746,0.0318317653005746,0,949,0.106931496562196,0.106931496562196,0,539,0.0318317653005746,0.0318317653005746,0,942,0.0596911214264911,0.0596911214264911,0,544,0.0318317653005746,0.0318317653005746,0,938,0.0578298124806704,0.0578298124806704,0,573,0.0318317653005746,0.0318317653005746,0,949,0.0218960201793722,0.0218960201793722,0,580,0.0218960201793722,0.0218960201793722,0,1229,136.092012151315,71.5237508437338,64.5682613075813,1019,110.709366110655,72.925589015542,37.7837770951135
Bacteroides_thetaiotaomicron_VPI_5482_AND_Collinsella_tanakaei_YIT_12063,1239,0.0432273598042182,0.0318317653005746,0.0113955945036436,986,0.0432273598042182,0.0318317653005746,0.0113955945036436,1231,0.0446323446650371,0.0318317653005746,0.0128005793644625,964,0.0446323446650371,0.0318317653005746,0.0128005793644625,1241,0.0379255999219466,0.0318317653005746,0.00609383462137198,964,0.0379255999219466,0.0318317653005746,0.00609383462137198,1224,0.0356160166081756,0.0318317653005746,0.00378425130760096,991,0.0356160166081756,0.0318317653005746,0.00378425130760096,1267,0.0554403743360762,0.0218960201793722,0.033544354156704,1009,0.0393596823181521,0.0218960201793722,0.0174636621387799,1241,128.372393054219,73.2525960617033,55.1197969925156,1028,108.864589952509,67.5561408671164,41.3084490853927
Bacteroides_thetaiotaomicron_VPI_5482_AND_Coprococcus_catus_GD_7,1197,0.043227359806958,0.0318317653005746,0.0113955945063834,974,0.0432273598042182,0.0318317653005746,0.0113955945036436,1196,0.049529685269726,0.0318317653005746,0.0176979199691514,964,0.0477268738606696,0.0318317653005746,0.015895108560095,1224,0.0379255999107784,0.0318317653005746,0.00609383461020381,950,0.0322720228723767,0.0261781882510047,0.00609383462137198,1220,0.0356160166068963,0.0318317653005746,0.0037842513063217,983,0.0356160166081756,0.0318317653005746,0.00378425130760096,1212,0.0553430063713267,0.0218960201793722,0.0334469861919545,992,0.039308991187857,0.0218960201793722,0.0174129710084848,1203,123.181584697442,73.2525960617033,49.9289886357391,1019,91.9834213056999,70.2094810078223,21.7739402978776
Bacteroides_thetaiotaomicron_VPI_5482_AND_Desulfovibrio_desulfuricans_subsp_desulfuricans_DSM_642,1298,0.117177126887881,0.0318317653005746,0.0853453615873065,496,0.0853453615821222,0,0.0853453615821222,1314,0.106931496562196,0.0318317653005746,0.0750997312616213,500,0.0894339866702831,0,0.0894339866702831,1283,0.0596911214264911,0.0318317653005746,0.0278593561259165,1016,0.0596911214264911,0.0318317653005746,0.0278593561259165,1289,0.0578298124806704,0.0317852157965452,0.0260445966841252,497,0.0433102564111071,0,0.0433102564111071,1303,0.113248102250782,0.0218960201793722,0.0913520820714102,501,0.0913520820692481,0,0.0913520820692481,1289,135.808833126525,69.754748129802,66.0540849967231,1057,82.7531134403294,71.4577626067325,11.2953508335969
Bacteroides_thetaiotaomicron_VPI_5482_AND_Desulfovibrio_piger_ATCC_29098,906,0.185783282412536,0.185783282412536,0,563,0.0318317653005746,0.0318317653005746,0,908,0.106931496562196,0.106931496562196,0,545,0.0318317653005746,0.0318317653005746,0,901,0.0596911214264911,0.0596911214264911,0,544,0.0318317653005746,0.0318317653005746,0,896,0.0578298124806704,0.0578298124806704,0,572,0.0318317653005746,0.0318317653005746,0,1192,0.062783814949057,0.0406834825063739,0.0221003324426831,926,0.0441307804900734,0.0406834825061025,0.00344729798397091,1133,106.673818901901,71.5337522889622,35.1400666129393,923,85.0102082710351,70.0611182855505,14.9490899854846
Bacteroides_thetaiotaomicron_VPI_5482_AND_Dialister_invisus_DSM_15470,868,0.185783282412536,0.185783282412536,0,563,0.0318317653005746,0.0318317653005746,0,1242,0.121328040451131,0.106931496562196,0.0143965438889354,545,0.0318317653005746,0.0318317653005746,0,854,0.0596911214264911,0.0596911214264911,0,544,0.0318317653005746,0.0318317653005746,0,1239,0.0644294353841518,0.0578298124806704,0.00659962290348143,573,0.0318317653005746,0.0318317653005746,0,1173,0.0228826436143344,0.0218960201793722,0.000986623434962234,1040,0.0228826436136699,0.0218960201793722,0.000986623434297722,1208,81.3916152363484,73.2525960617032,8.13901917464518,1022,76.2676784763052,73.2525960617033,3.01508241460195
Bacteroides_thetaiotaomicron_VPI_5482_AND_Dorea_longicatena_DSM_13814,1038,0.0434174955362307,0.0318317653005746,0.0115857302356561,843,0.0351470848671566,0.0318317653005746,0.00331531956658194,1042,0.0498249754147174,0.0318317653005746,0.0179932101141428,823,0.0346469497478562,0.0318317653005746,0.00281518444728162,1031,0.038027275681439,0.0318317653005746,0.00619551038086437,822,0.0346469497478561,0.0318317653005746,0.00281518444728153,1036,0.0356791569192597,0.0318317653005746,0.00384739161868507,851,0.0351470848671566,0.0318317653005746,0.00331531956658194,840,0.0218960201793722,0.0218960201793722,0,580,0.0218960201793722,0.0218960201793722,0,1015,112.979118214027,73.2525960617033,39.7265221523241,857,82.0314310687485,55.1971174108397,26.8343136579088
Bacteroides_thetaiotaomicron_VPI_5482_AND_Enterobacter_cloacae_EcWSU1,1463,0.185783282412536,0.0318317653005746,0.153951517111961,518,0.185783282412536,0,0.185783282412536,1457,0.114889437897547,0.0318317653005746,0.0830576725969722,1043,0.0658318618718615,0.0164881514543514,0.0493437104175101,1445,0.0596911214264911,0.0318317653005746,0.0278593561259165,1050,0.0596911214264911,0.0318317653005746,0.0278593561259165,1441,0.0657877538095879,0.0318317653005746,0.0339559885090133,1080,0.065787753805814,0.0318317653005746,0.0339559885052394,1563,6.73350027125939,0.0218960201793722,6.71160425108001,534,6.72802626621454,0,6.72802626621454,1373,204.550922663257,59.7479562268916,144.802966436366,1102,152.388469708595,38.5130544660006,113.875415242595
Bacteroides_thetaiotaomicron_VPI_5482_AND_Enterococcus_faecium_TX1330,1063,0.0434174955362304,0.0318317653005746,0.0115857302356558,814,0.0353064782842056,0.0318317653005746,0.00347471298363101,1073,0.049824975407438,0.0318317653005746,0.0179932101068634,802,0.0456665691638065,0.0318317653005746,0.0138348038632319,1059,0.0380272756814388,0.0318317653005746,0.00619551038086419,795,0.0380272756782358,0.0318317653005746,0.00619551037766119,1059,0.035679156917959,0.0318317653005746,0.00384739161738439,831,0.0353064782842056,0.0318317653005746,0.003474712983631,873,0.0218960201793722,0.0218960201793722,0,581,0.0218960201793722,0.0218960201793722,0,1028,128.631646739451,70.2291130226171,58.402533716834,839,81.2888672339669,73.0172437248258,8.27162350914115
Bacteroides_thetaiotaomicron_VPI_5482_AND_Escherichia_coli_str_K_12_substr_MG1655,1366,0.0928749789581139,0.0318317653005746,0.0610432136575392,882,0.0928749789581139,0.0318317653005746,0.0610432136575392,1362,0.0768040557839491,0.0318317653005746,0.0449722904833745,867,0.0768040557839491,0.0318317653005746,0.0449722904833745,1409,0.042878260068918,0.0318317653005746,0.0110464947683433,932,0.0380272756782358,0.0318317653005746,0.00619551037766116,1426,0.0524487020929445,0.0318317653005746,0.0206169367923698,350,0.0458601209686777,0,0.0458601209686777,1470,5.34730988609163,0.0572971775410343,5.2900127085506,953,0.293388263494394,0.00233057110776819,0.291057692386625,1406,195.971247134364,73.2525960617033,122.71865107266,975,128.4880198259,65.2526333247224,63.2353865011781
Bacteroides_thetaiotaomicron_VPI_5482_AND_Eubacterium_rectale_M104_1,867,0.185783282412536,0.185783282412536,0,565,0.0318317653005746,0.0318317653005746,0,890,0.106931496562196,0.106931496562196,0,554,0.0318317653005746,0.0318317653005746,0,862,0.0596911214264911,0.0596911214264911,0,553,0.0318317653005746,0.0318317653005746,0,878,0.0578298124806704,0.0578298124806704,0,581,0.0318317653005746,0.0318317653005746,0,846,0.0218960201793722,0.0218960201793722,0,567,0.0218960201793722,0.0218960201793722,0,1026,136.494841386555,73.2525960617033,63.2422453248514,836,87.6825109807331,56.5698822102093,31.1126287705238
Bacteroides_thetaiotaomicron_VPI_5482_AND_Faecalibacterium_prausnitzii_L2_6,1049,0.0434174955334452,0.0318317653005746,0.0115857302328705,826,0.0434174955334452,0.0318317653005746,0.0115857302328705,1052,0.0498249754116075,0.0318317653005746,0.0179932101110329,804,0.0454359305791348,0.0318317653005746,0.0136041652785602,1050,0.038027275681439,0.0318317653005746,0.00619551038086434,806,0.0380272756782358,0.0318317653005746,0.00619551037766116,1052,0.0356791569192597,0.0318317653005746,0.00384739161868508,833,0.0356791569192597,0.0318317653005746,0.00384739161868508,841,0.0218960201793722,0.0218960201793722,0,577,0.0218960201793722,0.0218960201793722,0,1039,132.800403588247,73.2525960617032,59.5478075265436,848,107.002090569698,70.2094810078224,36.7926095618752
Bacteroides_thetaiotaomicron_VPI_5482_AND_Fusobacterium_varium_ATCC_27725,916,0.185783282412536,0.185783282412536,0,563,0.0318317653005746,0.0318317653005746,0,956,0.106931496562196,0.106931496562196,0,545,0.0318317653005746,0.0318317653005746,0,940,0.0596911214264911,0.0596911214264911,0,544,0.0318317653005746,0.0318317653005746,0,952,0.0578298124806704,0.0578298124806704,0,572,0.0318317653005746,0.0318317653005746,0,1252,0.0628034612711943,0.0406834825063739,0.0221199787648204,580,0.0218960201793722,0.0218960201793722,0,1178,132.017137766409,73.2525960617034,58.7645417047059,982,105.0348290049,73.2525960617032,31.7822329431963
Bacteroides_thetaiotaomicron_VPI_5482_AND_Haemophilus_parainfluenzae_T3T1,1339,0.0610510779769288,0.0318317653005746,0.0292193126763542,1104,0.0364305092548359,0.0318317653005746,0.00459874395426127,1342,0.0772107981006339,0.0318317653005746,0.0453790328000592,1052,0.065587427827803,0.0318317653005746,0.0337556625272283,1335,0.0474568965030035,0.0318317653005746,0.0156251312024289,1082,0.0364305092548359,0.0318317653005746,0.00459874395426126,1335,0.0415349205070341,0.0318317653005746,0.00970315520645948,1106,0.0362974859440807,0.0318317653005746,0.00446572064350611,1338,0.0472304344477143,0.0218960201793722,0.0253344142683421,1129,0.0472304344477143,0.0218960201793722,0.0253344142683421,1297,150.297984292497,52.5029082608844,97.7950760316131,1103,113.632636446738,73.0739496052217,40.5586868415158
Bacteroides_thetaiotaomicron_VPI_5482_AND_Helicobacter_pylori_26695,917,0.185783282412536,0.185783282412536,0,927,0.065633349953804,0.0318317653005746,0.0338015846532294,881,0.106931496562196,0.106931496562196,0,896,0.0682671758143444,0.0318317653005746,0.0364354105137697,862,0.0596911214264911,0.0596911214264911,0,911,0.0380272756782358,0.0318317653005746,0.00619551037766119,902,0.0578298124806704,0.0578298124806704,0,941,0.0356791569192597,0.0318317653005746,0.00384739161868507,992,6.72802626621454,6.72802626621454,0,933,0.0383181635047753,0.0218960201793722,0.0164221433254031,1124,114.940055739885,66.7802117536356,48.1598439862496,936,79.3329035869568,67.2214668821826,12.1114367047742
Bacteroides_thetaiotaomicron_VPI_5482_AND_Klebsiella_pneumoniae_pneumoniae_MGH78578,1339,0.0928749789581139,0.0318317653005746,0.0610432136575392,895,0.0928749789581139,0.0318317653005746,0.0610432136575392,1316,0.0768040557839491,0.0318317653005746,0.0449722904833745,875,0.0768040557839491,0.0318317653005746,0.0449722904833745,1327,0.042878260068918,0.0318317653005746,0.0110464947683433,908,0.042878260068918,0.0318317653005746,0.0110464947683433,1318,0.0524487020929445,0.0318317653005746,0.0206169367923698,367,0.0458601209686777,0,0.0458601209686777,1421,5.34730988609163,0.0572971775410343,5.2900127085506,930,2.68962124021335,0.0218960201793722,2.66772522003398,1263,172.997817465159,71.5337522889622,101.464065176197,947,117.837910102425,50.0926748864454,67.7452352159799
Bacteroides_thetaiotaomicron_VPI_5482_AND_Lactobacillus_mucosae_LM1,1178,0.0329863459737919,0.0318317653005746,0.00115458067321725,955,0.0319151795898058,0.0307605989166032,0.00115458067320257,1170,0.0329863459736907,0.0318317653005746,0.00115458067311604,944,0.0319151795898057,0.0307605989166032,0.00115458067320251,1189,0.0329863459737604,0.0318317653005746,0.00115458067318575,943,0.0319151795898057,0.0307605989166033,0.00115458067320248,1152,0.0329863459738549,0.0318317653005746,0.00115458067328026,969,0.0319151795898057,0.0307605989166032,0.00115458067320256,1172,0.0244938266940401,0.0218960201793722,0.00259780651466794,976,0.0244938266940779,0.0218960201793722,0.00259780651470574,1163,112.373429778442,73.2525960617032,39.120833716739,995,101.476031793286,72.9588196496656,28.5172121436206
Bacteroides_thetaiotaomicron_VPI_5482_AND_Lactobacillus_reuteri_SD2112_ATCC_55730,1041,0.0434174955362307,0.0318317653005746,0.011585730235656,563,0.0318317653005746,0.0318317653005746,0,1034,0.0498249754116075,0.0318317653005746,0.0179932101110329,545,0.0318317653005746,0.0318317653005746,0,1046,0.038027275681439,0.0318317653005746,0.00619551038086434,544,0.0318317653005746,0.0318317653005746,0,1039,0.0356791569179592,0.0318317653005746,0.00384739161738454,572,0.0318317653005746,0.0318317653005746,0,1030,0.0343030501679908,0.0218960201793722,0.0124070299886186,823,0.0343030501679908,0.0218960201793722,0.0124070299886186,1033,128.801804314733,69.0463907974075,59.7554135173258,827,100.949305640146,66.9267083170939,34.0225973230522
Bacteroides_thetaiotaomicron_VPI_5482_AND_Megasphaera_elsdenii_DSM_20460,921,0.185783282412536,0.185783282412536,0,1068,0.0318317653005746,0.00261245263124556,0.0292193126693291,1335,0.129621012962226,0.0842419801621663,0.0453790328000592,1006,0.0465271301195674,0.00114809732735033,0.0453790327922171,912,0.0596911214264911,0.0596911214264911,0,1028,0.0322013948838202,0.0165762636894694,0.0156251311943509,1306,0.0626813900855402,0.0529782348758006,0.00970315520973962,1049,0.0320613040591126,0.0223581488493726,0.00970315520973997,1482,10.0920393993215,3.36401313310758,6.72802626621393,1072,6.74992228639379,0.0218960201793722,6.72802626621442,1262,138.368292523929,73.2525960617033,65.1156964622257,1070,104.813475886894,51.8483638441771,52.9651120427166
Bacteroides_thetaiotaomicron_VPI_5482_AND_Parabacteroides_distasonis_ATCC_8503,974,0.0318317653005746,0.0318317653005746,0,1074,0.0318317653005746,0.00280643931937135,0.0290253259812033,964,0.0318317653005746,0.0318317653005746,0,545,0.0318317653005746,0.0318317653005746,0,975,0.0318317653005746,0.0318317653005746,0,544,0.0318317653005746,0.0318317653005746,0,890,0.0318317653005746,0.0318317653005746,0,559,0.0318317653005758,0,0.0318317653005758,1015,0.0218960201793722,0.0218960201793722,0,1112,0.0218960201793722,0.00258533627411559,0.0193106839052566,1300,126.085828329173,62.7178370056536,63.3679913235199,1121,97.9293085038324,65.1051934020473,32.8241151017852
Bacteroides_thetaiotaomicron_VPI_5482_AND_Parabacteroides_johnsonii_DSM_18315,876,0.0586206330559405,0.0586206330559405,0,930,0.0501878435539814,0.0367075428045865,0.0134803007493949,885,0.0586206330559405,0.0586206330559405,0,908,0.056217907224814,0.0487697346731355,0.00744817255167849,875,0.0586206330559405,0.0586206330559405,0,544,0.0318317653005746,0.0318317653005746,0,901,0.0578298124806704,0.0578298124806704,0,930,0.0420052179823782,0.020339490156886,0.0216657278254922,854,0.0218960201793722,0.0218960201793722,0,573,0.0218960201793722,0.0218960201793722,0,1142,110.463122804058,55.2145705619826,55.2485522420752,958,74.8293135777942,72.4271522313512,2.40216134644301
Bacteroides_thetaiotaomicron_VPI_5482_AND_Phascolarctobacterium_succinatutens_YIT_12067,843,0.185783282412536,0.185783282412536,0,563,0.0318317653005746,0.0318317653005746,0,905,0.106931496562196,0.106931496562196,0,545,0.0318317653005746,0.0318317653005746,0,825,0.0596911214264911,0.0596911214264911,0,538,0.0318317653005746,0.0318317653005746,0,856,0.0578298124806704,0.0578298124806704,0,572,0.0318317653005746,0.0318317653005746,0,856,0.0218960201793722,0.0218960201793722,0,575,0.0218960201793722,0.0218960201793722,0,1129,90.9360962120691,73.2525960617033,17.6835001503658,940,74.4783296605755,73.2525960617033,1.22573359887218
Bacteroides_thetaiotaomicron_VPI_5482_AND_Prevotella_ruminicola_23,833,0.0318317653005746,0,0.0318317653005746,511,0.0318317653005746,0,0.0318317653005746,870,0.0318317653005746,0.0318317653005746,0,527,0.0318317653005746,0,0.0318317653005746,880,0.0318317653005746,0.0318317653005746,0,528,0.0318317653005746,0,0.0318317653005746,819,0.0318317653005746,0.0318317653005746,0,620,0.0318317653005749,0.0318317653005749,0,1344,0.0218960201793722,0.00278193508652361,0.0191140850928486,1055,0.0218960201793722,0.00278193508652361,0.0191140850928486,1249,133.333230633512,55.2145705619826,78.1186600715297,1069,88.7033542713245,40.6667708526926,48.0365834186318
Bacteroides_thetaiotaomicron_VPI_5482_AND_Pseudoflavonifractor_capillosus_strain_ATCC_29799,1005,0.0434174955362307,0.0318317653005746,0.011585730235656,563,0.0318317653005746,0.0318317653005746,0,1031,0.0498249754147173,0.0318317653005746,0.0179932101141427,545,0.0318317653005746,0.0318317653005746,0,1025,0.038027275681439,0.0318317653005746,0.00619551038086434,544,0.0318317653005746,0.0318317653005746,0,1004,0.0356791569192603,0.0318317653005746,0.00384739161868563,572,0.0318317653005746,0.0318317653005746,0,838,0.0218960201793722,0.0218960201793722,0,580,0.0218960201793722,0.0218960201793722,0,1018,106.753555858343,69.8685695199141,36.8849863384287,835,76.557195939094,57.4894532427457,19.0677426963482
Bacteroides_thetaiotaomicron_VPI_5482_AND_Roseburia_intestinalis_L1_82,1085,0.0816181043499098,0.0318317653005746,0.0497863390493352,823,0.0533830081867539,0.00937485574193131,0.0440081524448226,1083,0.0768040557839491,0.0318317653005746,0.0449722904833745,810,0.0645185871177527,0.0318317653005746,0.032686821817178,1089,0.042878260068918,0.0318317653005746,0.0110464947683433,822,0.0380272756782358,0.0318317653005746,0.00619551037766115,1092,0.0524487020929445,0.0318317653005746,0.0206169367923698,847,0.0356791569192597,0.0318317653005746,0.0038473916186851,1053,0.0500478646524698,0.0218960201793722,0.0281518444730976,839,0.0365522660013547,0.0218960201793722,0.0146562458219825,1036,139.305566717901,73.2525960617033,66.0529706561976,846,80.6274110142178,71.3568997969438,9.27051121727393
Bacteroides_thetaiotaomicron_VPI_5482_AND_Roseburia_inulinivorans_DSM_16841,1019,0.0416098680764153,0.0318317653005746,0.00977810277584069,563,0.0318317653005746,0.0318317653005746,0,1019,0.0416098680764127,0.0318317653005746,0.00977810277583804,545,0.0318317653005746,0.0318317653005746,0,1019,0.0416098680764144,0.0318317653005746,0.00977810277583974,544,0.0318317653005746,0.0318317653005746,0,1040,0.041609868076138,0.0318317653005746,0.00977810277556338,572,0.0318317653005746,0.0318317653005746,0,1060,0.0507267101307917,0.0218960201793722,0.0288306899514195,841,0.0369056824965118,0.0218960201793722,0.0150096623171396,1030,139.799781835313,73.2525960617033,66.5471857736095,855,103.816733825813,65.7073321046241,38.109401721189
Bacteroides_thetaiotaomicron_VPI_5482_AND_Ruminococcus_bromii_L2_63,1034,0.0832364643896006,0.0318317653005746,0.051404699089026,841,0.0629792221064371,0.0318317653005746,0.0311474568058624,1036,0.0768040557839491,0.0318317653005746,0.0449722904833745,829,0.0655811084289343,0.0318317653005746,0.0337493431283597,1037,0.042878260068918,0.0318317653005746,0.0110464947683433,826,0.042878260068918,0.0318317653005746,0.0110464947683433,1042,0.0524487020929445,0.0318317653005746,0.0206169367923698,868,0.0362292602363981,0.0318317653005746,0.00439749493582351,1050,0.0509629715068057,0.0218960201793722,0.0290669513274335,869,0.0266729409597281,0.0218960201793722,0.00477692078035595,1035,98.1727941285937,73.2525960617034,24.9201980668904,857,78.0042159498377,73.0172437248258,4.98697222501184
Bacteroides_thetaiotaomicron_VPI_5482_AND_Ruminococcus_callidus_ATCC_2776001,804,0.185783282412536,0.185783282412536,0,970,0.0319801249507855,0.019179545586323,0.0128005793644625,803,0.106931496562196,0.106931496562196,0,954,0.0319801249507855,0.019179545586323,0.0128005793644625,783,0.0596911214264911,0.0596911214264911,0,949,0.0320366877901279,0.0143558251879229,0.0176808626022049,831,0.0578298124806704,0.0578298124806704,0,988,0.0319524868986281,0.021536538932371,0.0104159479662571,1151,0.05577446858916,0.0218960201793722,0.0338784484097878,990,0.0395336164808921,0.0218960201793722,0.0176375963015199,1176,103.042229904192,73.2525960617033,29.7896338424883,996,76.6840131019093,61.7130175183745,14.9709955835348
Bacteroides_thetaiotaomicron_VPI_5482_AND_Ruminococcus_torques_ATCC_27756,855,0.185783282412536,0.185783282412536,0,834,0.0620724153703243,0.0318317653005746,0.0302406500697497,855,0.106931496562196,0.106931496562196,0,814,0.0645985520719622,0.0318317653005746,0.0327667867713876,846,0.0596911214264911,0.0596911214264911,0,544,0.0318317653005746,0.0318317653005746,0,851,0.0578298124806704,0.0578298124806704,0,572,0.0318317653005746,0.0318317653005746,0,813,0.0218960201793722,0.0218960201793722,0,602,0.0218960201793722,0.0218960201793722,0,1009,112.938288679469,73.2525960617033,39.6856926177658,855,81.1142116495046,60.4095453790345,20.7046662704702
Bacteroides_thetaiotaomicron_VPI_5482_AND_Shigella_flexneri_2002017,1475,0.185783282412536,0.0318317653005746,0.153951517111961,1062,0.185783282412536,0.0312921103070841,0.154491172105451,1485,0.11488943788734,0.0318317653005746,0.083057672586765,1046,0.0773395722565289,0.0318317653005746,0.0455078069559543,1494,0.0596911214264911,0.0318317653005746,0.0278593561259165,1041,0.0596911214264911,0.0318317653005746,0.0278593561259165,1494,0.065787753805814,0.0318317653005746,0.0339559885052394,1080,0.065787753805814,0.0318317653005746,0.0339559885052394,1570,6.7423505605998,0.0572971775410343,6.68505338305877,533,6.72802626621454,0,6.72802626621454,1402,176.872899005795,64.2661437197892,112.606755286006,1102,93.268968091592,40.1141507737641,53.1548173178279
Bacteroides_thetaiotaomicron_VPI_5482_AND_Streptococcus_salivarius_JIM8777,1175,0.043227359806958,0.0318317653005746,0.0113955945063834,953,0.0432273598042182,0.0318317653005746,0.0113955945036436,1182,0.0495296852554074,0.0318317653005746,0.0176979199548328,937,0.0495296852523486,0.0318317653005746,0.017697919951774,1173,0.0379255999250972,0.0318317653005746,0.00609383462452259,930,0.0379255999219466,0.0318317653005746,0.00609383462137198,1174,0.0356160166068963,0.0318317653005746,0.0037842513063217,969,0.0356160166081756,0.0318317653005746,0.00378425130760096,844,0.0218960201793722,0.0218960201793722,0,580,0.0218960201793722,0.0218960201793722,0,1176,116.348833801186,71.5337522889622,44.8150815122235,1000,103.129317069852,73.2525960617034,29.876721008149
Bacteroides_thetaiotaomicron_VPI_5482_AND_Subdoligranulum_variabile_DSM_15176,1054,0.0434174955435095,0.0318317653005746,0.0115857302429349,825,0.0346769745372618,0.0318317653005746,0.00284520923668719,1055,0.0498249754219962,0.0318317653005746,0.0179932101214216,808,0.0346769745372619,0.0318317653005746,0.00284520923668726,1041,0.0380272756887178,0.0318317653005746,0.00619551038814318,787,0.0380272756782358,0.0318317653005746,0.00619551037766117,1049,0.035679156925238,0.0318317653005746,0.00384739162466332,823,0.0356791569192597,0.0318317653005746,0.00384739161868509,1073,0.0788002049132477,0.0218960201793722,0.0569041847338755,837,0.0649663597946511,0.0218960201793722,0.0430703396152789,1025,128.748099432836,73.2525960617033,55.4955033711326,842,88.3199544437562,64.592498061518,23.7274563822382
Bacteroides_thetaiotaomicron_VPI_5482_AND_Veillonella_atypica_ACS_049_V_Sch6,1342,0.0331736868893552,0.0318317653005746,0.00134192158878061,1079,0.0331736868893552,0.0318317653005746,0.00134192158878061,1325,0.0446323446650371,0.0318317653005746,0.0128005793644625,1056,0.0446323446650371,0.0318317653005746,0.0128005793644625,1316,0.0379255999250972,0.0318317653005746,0.00609383462452259,544,0.0318317653005746,0.0318317653005746,0,1317,0.0356160166081756,0.0318317653005746,0.00378425130760096,1074,0.0356448559971105,0.0318317653005746,0.00381309069653592,1341,0.124571229699078,0.0218960201793722,0.102675209519706,1070,0.124368643380085,0.0216934338603791,0.102675209519706,1371,121.28700501104,73.2525960617033,48.0344089493363,1114,91.654515389138,66.023632574875,25.6308828142631
Bacteroides_uniformis_ATCC_8492_AND_Bifidobacterium_adolescentis_ATCC_15703,1022,0.0451379194391387,0.0159186067627845,0.0292193126763542,858,0.0451379194321136,0.0159186067627845,0.0292193126693291,1030,0.0612976395628453,0.0159186067627844,0.0453790328000609,836,0.0612976395550006,0.0159186067627845,0.0453790327922161,1034,0.0315437379654166,0.0159186067629872,0.0156251312024295,854,0.0315437379571355,0.0159186067627845,0.015625131194351,1019,0.0256217619694466,0.0159186067629872,0.00970315520645948,853,0.0256217619725245,0.0159186067627845,0.00970315520973997,1024,0.111456111600761,0.0286534921730121,0.0828026194277486,817,0.0908990929917583,0.00809647356400978,0.0828026194277486,1015,112.188061116202,56.2046023483354,55.9834587678669,866,80.6072830769587,50.2751023761214,30.3321807008373
Bacteroides_uniformis_ATCC_8492_AND_Bifidobacterium_bifidum_PRL2010,1095,0.0451379194391784,0.0159186067628243,0.0292193126763542,848,0.0418435302583352,0.0159186067627845,0.0259249234955508,1091,0.0612976395628292,0.01591860676277,0.0453790328000592,848,0.0418435302583352,0.0159186067627845,0.0259249234955508,1063,0.0315437379573377,0.0159186067629872,0.0156251311943505,841,0.0263028806923621,0.0106777494980117,0.0156251311943505,1076,0.0256217619725241,0.0159186067627845,0.00970315520973962,840,0.0256217619725244,0.0159186067627845,0.00970315520973997,880,6.72802626621454,0,6.72802626621454,603,6.72802626621454,0,6.72802626621454,1016,135.169278576179,60.7233131282826,74.4459654478965,854,84.9688702365499,50.217432019681,34.7514382168689
Bacteroides_uniformis_ATCC_8492_AND_Bifidobacterium_longum_NCC2705,914,0.0669054792690821,0.0159186067627845,0.0509868725062977,691,0.0347853636880163,0.0159186067627845,0.0188667569252318,924,0.0575938825715284,0.0040262723395844,0.053567610231944,691,0.0347853636880163,0.0159186067627845,0.0188667569252318,896,0.0236680868564973,0.0059134138265558,0.0177546730299415,681,0.0221186644478355,0.0159186067627845,0.00620005768505101,911,0.0403729458698269,0.0159186067627845,0.0244543391070425,288,0.0229300604843388,0,0.0229300604843388,879,0.0473913125897412,0.0286534921730121,0.0187378204167291,654,0.0324946956804939,0.028653492173012,0.00384120350748182,851,128.736592004993,62.89026520381,65.8463268011831,694,87.7208340618024,50.2174320196811,37.5034020421213
Bacteroides_uniformis_ATCC_8492_AND_Bilophila_wadsworthia_3_1_6,692,0.0736648057456932,0.0736648057456932,0,770,0.0160974776503552,0.0156498708627627,0.00044760678759242,688,0.0575938825715284,0.0575938825715284,0,769,0.0160974776503551,0.0156498708627627,0.000447606787592397,975,0.0236680868564973,0.023220104243456,0.000447982613041256,770,0.0160974776503551,0.0156498708627628,0.000447606787592369,724,0.0458601209686777,0.0458601209686777,0,770,0.0160974776503551,0.0156498708627627,0.00044760678759241,714,0.817227792181107,0.817227792181107,0,741,0.0304452072948039,0.0259616165839946,0.00448359071080923,963,95.0282452405474,65.1573612613478,29.8708839791996,780,66.6015600907408,53.5983123363614,13.0032477543794
Bacteroides_uniformis_ATCC_8492_AND_Blautia_wexlerae_DSM_19850,1038,0.0585294443690115,0.0159186067627845,0.042610837606227,854,0.0213386813710874,0.0159186067627845,0.00542007460830289,1056,0.0569099413095312,0.0159186067627845,0.0409913345467467,853,0.0213386813710874,0.0159186067627845,0.00542007460830289,1033,0.0235409085933155,0.0159186067629872,0.00762230183032829,854,0.0235409085933122,0.0159186067627845,0.00762230183052769,1042,0.0425510718504152,0.0159186067625529,0.0266324650878623,856,0.0274314732310353,0.0159186067627845,0.0115128664682508,1051,0.0600521057363033,0.0286534921730121,0.0313986135632912,826,0.0328368282205305,0.0286534921730121,0.00418333604751834,1042,103.696449497667,63.8412894473889,39.855160050278,892,73.2507905005585,52.1307071399353,21.1200833606232
Bacteroides_uniformis_ATCC_8492_AND_Citrobacter_amalonaticus_Y19,1014,0.185783282412536,0,0.185783282412536,516,0.185783282412536,0,0.185783282412536,1027,0.142575328749595,0,0.142575328749595,516,0.142575328749595,0,0.142575328749595,1005,0.0596911214264911,0,0.0596911214264911,518,0.0596911214264911,0,0.0596911214264911,1022,0.0771064166408938,0,0.0771064166408938,517,0.0771064166408938,0,0.0771064166408938,1061,8.97070168828606,0,8.97070168828606,528,4.48535084414303,0,4.48535084414303,1194,196.276349129355,71.342487944211,124.933861185144,954,116.490196250547,27.9439718652954,88.5462243852521
Bacteroides_uniformis_ATCC_8492_AND_Clostridium_clostridioforme_CM201,736,0.0736648057456932,0.0736648057456932,0,831,0.021335811419983,0.00994021691633936,0.0113955945036436,728,0.0575938825715284,0.0575938825715284,0,838,0.0223958865788342,0.00877032525316884,0.0136255613256654,710,0.0236680868564973,0.0236680868564973,0,828,0.0188154761872396,0.0127216415658676,0.00609383462137198,769,0.0458601209686777,0.0458601209686777,0,843,0.0177175531715033,0.0139333018639023,0.00378425130760096,1116,0.836535793416819,0.817227792181107,0.0193080012357121,816,0.0390034265426883,0.0196954253069763,0.0193080012357121,1069,127.458526511391,62.89026520381,64.5682613075813,881,92.8878428889264,53.5983123363613,39.2895305525652
Bacteroides_uniformis_ATCC_8492_AND_Collinsella_tanakaei_YIT_12063,1062,0.0273142012664281,0.0159186067627845,0.0113955945036436,838,0.02355586185247,0.0159186067627845,0.00763725508968555,1025,0.028719186127247,0.0159186067627845,0.0128005793644625,834,0.02355586185247,0.0159186067627845,0.00763725508968556,1024,0.0220124413873071,0.0159186067627845,0.00609383462452259,839,0.0220124413841565,0.0159186067627845,0.00609383462137198,1052,0.0197028580691062,0.0159186067627845,0.0037842513063217,849,0.0197028580703854,0.0159186067627845,0.00378425130760096,1051,0.0621978463296327,0.0286534921732032,0.0335443541564295,828,0.0333142423568776,0.0156376832277974,0.0176765591290802,1072,128.319331598822,68.1005095604917,60.2188220383305,889,96.9791467089456,50.6450163265812,46.3341303823643
Bacteroides_uniformis_ATCC_8492_AND_Coprococcus_catus_GD_7,1068,0.0273142012700357,0.0159186067627845,0.0113955945072512,824,0.02355586185247,0.0159186067627845,0.00763725508968555,1038,0.0336165267035012,0.0159186067629872,0.017697919940514,834,0.02355586185247,0.0159186067627845,0.00763725508968555,1045,0.0220124413734003,0.01591860676277,0.00609383461063029,827,0.0191851690351239,0.013091334413752,0.0060938346213719,1044,0.0197028580762655,0.0159186067627845,0.00378425131348103,837,0.0197028580703854,0.0159186067627845,0.00378425130760094,1061,0.0621004783654878,0.0286534921730121,0.0334469861924758,812,0.0333414270180271,0.00896862057060736,0.0243728064474197,1049,120.507051753141,71.4046406732827,49.1024110798586,888,85.7797310163376,52.7684912310367,33.0112397853009
Bacteroides_uniformis_ATCC_8492_AND_Desulfovibrio_desulfuricans_subsp_desulfuricans_DSM_642,1155,0.101263968343527,0.0159186067627845,0.0853453615807424,496,0.0853453615821223,0,0.0853453615821223,1148,0.103309838688582,0.0138758520238119,0.0894339866647703,500,0.0894339866702869,0,0.0894339866702869,839,0.0596911214264911,0,0.0596911214264911,496,0.0596911214264911,0,0.0596911214264911,1158,0.0548245354516829,0.0115142790401632,0.0433102564115197,497,0.0433102564111086,0,0.0433102564111086,1134,0.120005574242055,0.0286534921730121,0.0913520820690427,501,0.0913520820692506,0,0.0913520820692506,1107,132.716885406348,66.662800409625,66.0540849967231,916,62.2160319763184,50.9206811427215,11.2953508335969
Bacteroides_uniformis_ATCC_8492_AND_Desulfovibrio_piger_ATCC_29098,783,0.0736648057456932,0.0736648057456932,0,766,0.0164093479933544,0.0151813163737998,0.00122803161955462,802,0.0575938825715284,0.0575938825715284,0,766,0.0164093479933544,0.0151813163737998,0.00122803161955462,983,0.0236680868564973,0.0224400552369158,0.00122803161958143,767,0.0164093479933544,0.0151813163737998,0.00122803161955462,711,0.0458601209686777,0.0458601209686777,0,767,0.0164093479933544,0.0151813163737998,0.00122803161955463,754,2.85646918493145,2.85646918493145,0,737,0.0325855940065988,0.0227458962552098,0.00983969775138892,977,98.0303318167494,62.8902652038102,35.1400666129393,773,64.2380294619674,50.2174320196809,14.0205974422865
Bacteroides_uniformis_ATCC_8492_AND_Dialister_invisus_DSM_15470,1073,0.0742053959541124,0.0733096236751273,0.000895772278985141,412,0.0159186067627845,0.0159186067627845,0,1067,0.0662820624181444,0.0518855185292092,0.0143965438889353,464,0.0159186067627845,0.0159186067627845,0,1065,0.033097707673183,0.0174725764788386,0.0156251311943443,413,0.0159186067627845,0.0159186067627845,0,1105,0.0498429317887299,0.0432433088852895,0.00659962290344047,465,0.0159186067627845,0.0159186067627845,0,1086,0.81737008761811,0.816383464183945,0.000986623434165833,863,0.0291233758043382,0.0281367523700405,0.000986623434297755,1051,79.5436598479282,71.404640673283,8.13901917464522,884,56.6133947509633,53.5983123363614,3.01508241460197
Bacteroides_uniformis_ATCC_8492_AND_Dorea_longicatena_DSM_13814,902,0.0275043369986432,0.0159186067629872,0.011585730235656,695,0.0223906397520341,0.0159186067627845,0.00647203298924958,900,0.0339118168769271,0.0159186067627845,0.0179932101141427,696,0.018733791210066,0.0159186067627845,0.00281518444728156,909,0.0221141171438515,0.0159186067629872,0.00619551038086432,697,0.0187337912100661,0.0159186067627845,0.00281518444728161,910,0.0197659983801689,0.0159186067627845,0.00384739161738444,695,0.0197659983814695,0.0159186067627845,0.00384739161868499,900,0.0370543497327429,0.0286534921732032,0.00840085755953968,680,0.0370543497325517,0.028653492173012,0.00840085755953967,854,112.67145172657,67.1347676419537,45.5366840846159,700,60.8884533834217,50.217432019681,10.6710213637407
Bacteroides_uniformis_ATCC_8492_AND_Enterobacter_cloacae_EcWSU1,1015,0.185783282412536,0,0.185783282412536,518,0.185783282412536,0,0.185783282412536,1021,0.106931496562196,0,0.106931496562196,922,0.0609805518864121,0.00751480360531412,0.053465748281098,997,0.0596911214264911,0,0.0596911214264911,524,0.0596911214264911,0,0.0596911214264911,990,0.0578298124806704,0,0.0578298124806704,530,0.0578298124806704,0,0.0578298124806704,1113,6.72802626621454,0,6.72802626621454,534,6.72802626621454,0,6.72802626621454,1260,204.543553513307,54.0456626848099,150.497890828497,968,152.382677772001,40.0392273544129,112.343450417588
Bacteroides_uniformis_ATCC_8492_AND_Enterococcus_faecium_TX1330,896,0.0275043369984403,0.0159186067627845,0.0115857302356558,673,0.0227018011446821,0.0159186067627845,0.0067831943818976,899,0.0339118168769267,0.0159186067627845,0.0179932101141423,675,0.0294200023065282,0.0114267921954952,0.0179932101110329,898,0.0221141171436487,0.0159186067627845,0.00619551038086419,675,0.0221141171404457,0.0159186067627845,0.00619551037766119,898,0.0197659983803716,0.0159186067629872,0.00384739161738439,675,0.0197659983814698,0.0159186067627845,0.0038473916186853,904,0.0473913125899323,0.0286534921732032,0.0187378204167291,652,0.0324134268084978,0.0286534921730121,0.00375993463548576,886,121.292798920644,62.8902652038101,58.4025337168339,691,75.2174966398185,50.217432019681,25.0000646201376
Bacteroides_uniformis_ATCC_8492_AND_Escherichia_coli_str_K_12_substr_MG1655,971,0.0736648057456932,0,0.0736648057456932,342,0.0736648057456932,0,0.0736648057456932,952,0.0575938825715284,0,0.0575938825715284,343,0.0575938825715284,0,0.0575938825715284,874,0.0236680868564973,0,0.0236680868564973,800,0.0221141171404457,0.0159186067627845,0.00619551037766116,1218,0.0458601209686777,0.0131272309474371,0.0327328900212406,337,0.0458601209686777,0,0.0458601209686777,1043,5.33545044006795,0,5.33545044006795,787,0.320938341295573,0.028653492173012,0.292284849122561,1181,194.123291745943,71.404640673283,122.71865107266,825,121.836827528255,44.2075555471442,77.629271981111
Bacteroides_uniformis_ATCC_8492_AND_Eubacterium_rectale_M104_1,946,0.0736648057456932,0.0359393205205575,0.0377254852251357,681,0.0170463520277046,0.0142242805206571,0.00282207150704751,899,0.0575938825715284,0.0198683973458486,0.0377254852256798,681,0.0170463520277046,0.0142242805206571,0.00282207150704751,603,0.0236680868564973,0,0.0236680868564973,682,0.0170463520277046,0.0142242805206571,0.00282207150704752,701,0.0458601209686777,0.0458601209686777,0,681,0.0170463520277046,0.0142242805206571,0.00282207150704756,926,0.835965612597836,0.817227792181107,0.0187378204167291,666,0.0473913125897411,0.028653492173012,0.0187378204167291,867,134.646885998134,71.404640673283,63.2422453248515,686,77.8712278676229,50.2174320196811,27.6537958479418
Bacteroides_uniformis_ATCC_8492_AND_Faecalibacterium_prausnitzii_L2_6,885,0.0275043369984405,0.0159186067627845,0.0115857302356561,679,0.027504336995655,0.0159186067627845,0.0115857302328705,886,0.0339118168769273,0.0159186067627845,0.0179932101141427,682,0.0339118168738173,0.0159186067627845,0.0179932101110328,867,0.0221141171436488,0.0159186067627845,0.00619551038086434,676,0.0221141171404457,0.0159186067627845,0.00619551037766116,848,0.0197659983803716,0.0159186067629872,0.00384739161738448,676,0.0197659983814696,0.0159186067627845,0.00384739161868508,862,0.0473913125897412,0.0286534921730121,0.0187378204167291,663,0.0473913125897412,0.0286534921730121,0.0187378204167291,832,129.815659921933,70.2678523953897,59.5478075265435,705,86.524502417382,53.5983123363611,32.9261900810208
Bacteroides_uniformis_ATCC_8492_AND_Fusobacterium_varium_ATCC_27725,1044,0.0736648057456932,0.0681795968962867,0.0054852088494065,780,0.0205484513213411,0.00896272108847053,0.0115857302328705,806,0.0575938825715284,0.0575938825715284,0,787,0.0181105846383383,0.0126253757892308,0.00548520884910746,1016,0.0236680868564973,0.0182109296661639,0.00545715719033341,785,0.0182281682664106,0.0124487179633151,0.00577945030309551,1095,0.0458601209686777,0.0420127293658509,0.0038473916028268,782,0.0174560864720796,0.0136086948533945,0.00384739161868515,1076,0.817227792181107,0.808028436771606,0.00919935540950169,754,0.0322650147799648,0.0232275349845068,0.00903747979545802,1005,131.946176547775,68.3816456171643,63.5645309306112,827,92.2086047165527,50.217432019681,41.9911726968717
Bacteroides_uniformis_ATCC_8492_AND_Haemophilus_parainfluenzae_T3T1,1159,0.0451379194391391,0.0159186067627844,0.0292193126763547,955,0.0205173507170457,0.0159186067627845,0.00459874395426121,1135,0.0612976395630497,0.0159186067629872,0.0453790328000625,924,0.0547198071300315,0.0159186067627845,0.038801200367247,1181,0.0315437379571361,0.0159186067627845,0.0156251311943516,953,0.0205173507170459,0.0159186067627845,0.00459874395426137,1163,0.025621761969244,0.0159186067627845,0.00970315520645948,955,0.0246364062825884,0.0159186067627845,0.0087177995198039,1176,0.0539879064415452,0.0286534921732031,0.0253344142683421,951,0.0539879064413541,0.028653492173012,0.0253344142683421,1141,154.706909670926,59.0246193499849,95.6822903209408,962,108.638303993274,50.217432019681,58.420871973593
Bacteroides_uniformis_ATCC_8492_AND_Helicobacter_pylori_26695,1012,0.0736648057456932,0.0178798246848488,0.0557849810608444,780,0.0565140785786979,0.0159186067627845,0.0405954718159134,679,0.0575938825715284,0.0575938825715284,0,377,0.0575938825715284,0,0.0575938825715284,669,0.0236680868564973,0.0236680868564973,0,783,0.0221141171404456,0.0159186067627845,0.00619551037766115,996,0.0458601209686777,0.0191045115968162,0.0267556093718615,784,0.0197659983814696,0.0159186067627845,0.0038473916186851,1012,0.838908855073534,0.817227792181107,0.0216810628924272,741,0.0325855940065986,0.02274589625521,0.00983969775138867,963,110.971983835105,62.8121398488551,48.1598439862497,784,58.2060919405064,50.2174320196811,7.98865992082526
Bacteroides_uniformis_ATCC_8492_AND_Klebsiella_pneumoniae_pneumoniae_MGH78578,865,0.0736648057456932,0,0.0736648057456932,744,0.0736648057456932,0.0159186067627845,0.0577461989829087,842,0.0575938825715284,0,0.0575938825715284,353,0.0575938825715284,0,0.0575938825715284,840,0.0236680868564973,0,0.0236680868564973,790,0.0236680868564973,0.0159186067627845,0.0077494800937128,906,0.0458601209686777,0,0.0458601209686777,354,0.0458601209686777,0,0.0458601209686777,884,5.33545044006795,0,5.33545044006795,735,2.69637871220699,0.028653492173012,2.66772522003398,1092,164.354330380007,62.8902652038102,101.464065176197,798,117.994877009289,49.8095059627746,68.1853710465146
Bacteroides_uniformis_ATCC_8492_AND_Lactobacillus_mucosae_LM1,1029,0.0170731874362989,0.0159186067629872,0.00115458067331176,816,0.016537512575264,0.0153829319020614,0.00115458067320253,1013,0.0170731874361729,0.0159186067629872,0.00115458067318575,812,0.016537512575264,0.0153829319020614,0.00115458067320255,1009,0.0170731874362989,0.0159186067629872,0.00115458067331176,812,0.016537512575264,0.0153829319020614,0.00115458067320255,1028,0.0170731874360017,0.0159186067627845,0.00115458067321726,822,0.016537512575264,0.0153829319020614,0.00115458067320255,1022,0.0312512986879341,0.0286534921732031,0.00259780651473095,793,0.0300460302510909,0.0274482237363851,0.0025978065147058,1016,111.499060328843,66.6763466847714,44.8227136440715,859,81.9569294202418,53.4016322094098,28.5552972108321
Bacteroides_uniformis_ATCC_8492_AND_Lactobacillus_reuteri_SD2112_ATCC_55730,864,0.0275043369984406,0.0159186067627845,0.0115857302356561,660,0.0205484513213411,0.00896272108847053,0.0115857302328705,896,0.0339118168738306,0.0159186067627971,0.0179932101110334,659,0.0171786733923135,0.0140254806964195,0.00315319269589399,897,0.0221141171404312,0.01591860676277,0.00619551037766116,659,0.0171786733923135,0.0140254806964195,0.00315319269589399,878,0.0197659983803717,0.0159186067629872,0.0038473916173845,657,0.0174560864720796,0.0136086948533945,0.00384739161868509,854,0.0410605221616046,0.028653492172986,0.0124070299886186,639,0.0317358141984268,0.0240226067622744,0.0077132074361524,859,128.737307452418,62.7832739461166,65.9540335063013,685,95.7900167579717,52.0030279619359,43.7869887960358
Bacteroides_uniformis_ATCC_8492_AND_Megasphaera_elsdenii_DSM_20460,1194,0.0912983882085484,0.0620790754954796,0.0292193127130688,936,0.0305257625545464,0.00130644988521729,0.0292193126693291,1186,0.0849797052685247,0.0396006724501066,0.0453790328184182,883,0.0459531797082583,0.000574146916042197,0.0453790327922161,1127,0.0330977076780619,0.0174725764756331,0.0156251312024289,910,0.0239146816097067,0.0082895504153557,0.015625131194351,1163,0.0517158845577528,0.0420127293512933,0.00970315520645948,907,0.0208841430097015,0.0111809877999616,0.00970315520973997,1240,9.39575148624504,2.66772522003626,6.72802626620878,879,6.75667975838743,0.0286534921730121,6.72802626621442,1118,132.493609673437,71.0618057179681,61.431803955469,923,97.0696850319355,50.217432019681,46.8522530122545
Bacteroides_uniformis_ATCC_8492_AND_Parabacteroides_distasonis_ATCC_8503,878,0.0318317653005746,0,0.0318317653005746,551,0.0318317653005746,0,0.0318317653005746,873,0.0318317653005746,0,0.0318317653005746,551,0.0318317653005746,0,0.0318317653005746,883,0.0318317653005746,0,0.0318317653005746,535,0.0318317653005746,0,0.0318317653005746,866,0.0318317653005746,0,0.0318317653005746,546,0.0318317653005746,0,0.0318317653005746,1169,0.039599628435462,0.0177036082560898,0.0218960201793722,927,0.0361831422510305,0.0211212641512337,0.0150618780997968,1161,124.232374485983,60.2934994936825,63.9388749923005,988,100.59879632706,53.5983123363612,47.0004839906988
Bacteroides_uniformis_ATCC_8492_AND_Parabacteroides_johnsonii_DSM_18315,716,0.03183721352554,0.03183721352554,0,387,0.031837213525569,0,0.031837213525569,722,0.031837213525569,0.031837213525569,0,382,0.0318372135255688,0,0.0318372135255688,702,0.0236680868564973,0.0236680868564973,0,774,0.0236680868564973,0.0042757758025927,0.0193923110539046,720,0.031837213525569,0.031837213525569,0,784,0.031837213525569,0.0140229074431087,0.0178143060824603,719,0.187839559800903,0.187839559800903,0,775,0.0330579001981449,0.0310108688744776,0.00204703132366728,1039,108.802032747037,53.5534805049622,55.2485522420752,809,79.1216110598907,42.5351176426298,36.5864934172609
Bacteroides_uniformis_ATCC_8492_AND_Phascolarctobacterium_succinatutens_YIT_12067,705,0.0736648057456932,0.0736648057456932,0,782,0.0164642134191563,0.0150988864726394,0.00136532694651687,711,0.0575938825715284,0.0575938825715284,0,782,0.0164743807089646,0.0150836111205989,0.00139076958836571,964,0.0236680868564973,0.0194007459357598,0.00426734092073748,785,0.0169263649121993,0.0144045493498347,0.00252181556236463,654,0.0458601209686777,0.0458601209686777,0,785,0.0163283618656115,0.0153029900582315,0.00102537180738005,989,0.835965612597836,0.817227792181107,0.0187378204167291,767,0.0287403746789244,0.028522959760837,0.000217414918087372,935,89.0881408236488,71.4046406732829,17.6835001503659,796,54.9499864591221,53.5983123363611,1.35167412276095
Bacteroides_uniformis_ATCC_8492_AND_Prevotella_ruminicola_23,816,0.0318317653005746,0,0.0318317653005746,520,0.0318317653005746,0,0.0318317653005746,849,0.0318317653005746,0,0.0318317653005746,527,0.0318317653005746,0,0.0318317653005746,860,0.0318317653005746,0,0.0318317653005746,532,0.0318317653005746,0,0.0318317653005746,901,0.0318317653005746,0,0.0318317653005746,528,0.0318317653005746,0,0.0318317653005746,1127,0.038208898966044,0.0190948138731954,0.0191140850928486,868,0.0365196266676868,0.0207846645316273,0.0157349621360595,1079,131.672140576492,53.5534805049623,78.1186600715296,921,74.9734014684016,27.9439718652957,47.0294296031059
Bacteroides_uniformis_ATCC_8492_AND_Pseudoflavonifractor_capillosus_strain_ATCC_29799,826,0.0275043369984261,0.01591860676277,0.0115857302356561,681,0.018182818250725,0.0125168518974996,0.00566596635322544,853,0.0339118168738173,0.0159186067627845,0.0179932101110328,682,0.018182818250725,0.0125168518974996,0.00566596635322539,843,0.0221141171404457,0.0159186067627846,0.00619551037766116,683,0.018182818250725,0.0125168518974996,0.00566596635322543,879,0.0197659983814696,0.0159186067627845,0.00384739161868508,679,0.0174560864720796,0.0136086948533945,0.00384739161868508,854,0.0473913125899323,0.0286534921732032,0.0187378204167291,670,0.036141427257973,0.0174036068412438,0.0187378204167291,860,101.780819880268,62.879468727419,38.9013511528493,693,72.5547935042932,53.1041179278685,19.4506755764247
Bacteroides_uniformis_ATCC_8492_AND_Roseburia_intestinalis_L1_82,873,0.065704945812587,0.0159186067627514,0.0497863390498357,678,0.0503887888739783,0.00405941703018238,0.0463293718437959,876,0.0575938825715284,0.0052875716722243,0.0523063108993041,678,0.0546687589486062,0.0159186067627845,0.0387501521858217,591,0.0236680868564973,0,0.0236680868564973,691,0.0219315778805825,0.0159186067627845,0.00601297111779803,887,0.0397971456536989,0.0159186067627845,0.0238785388909145,690,0.0197659983814696,0.0159186067627845,0.0038473916186851,888,0.0568053366463268,0.0286534921732031,0.0281518444731237,651,0.0317204225325119,0.0240457312251124,0.0076746913073995,860,137.457611329481,71.404640673283,66.0529706561979,701,67.3667695119749,53.5983123363612,13.7684571756137
Bacteroides_uniformis_ATCC_8492_AND_Roseburia_inulinivorans_DSM_16841,876,0.0256967095383569,0.0159186067627845,0.00977810277557238,681,0.019826094251254,0.0100479914754151,0.00977810277583895,875,0.0256967095390149,0.0159186067627844,0.00977810277623053,681,0.019826094251254,0.0100479914754151,0.00977810277583895,868,0.0236680868564973,0.0138899840807843,0.00977810277571294,686,0.0198260942512541,0.010047991475415,0.00977810277583913,875,0.0256967095384816,0.0159186067627845,0.0097781027756971,681,0.0198260942512542,0.0100479914754149,0.00977810277583934,885,0.0574841821237549,0.0286534921730121,0.0288306899507429,665,0.0318756634859426,0.0238124969749389,0.00806316651100366,846,137.751711178176,71.4046406732831,66.3470705048933,711,97.0892136671241,51.77351128651,45.3157023806141
Bacteroides_uniformis_ATCC_8492_AND_Ruminococcus_bromii_L2_63,904,0.067323305852043,0.0159186067629872,0.0514046990890558,691,0.0533264892000047,0.0159186067627845,0.0374078824372202,899,0.0575938825715284,0.0140611414210347,0.0435327411504938,696,0.0559283755225034,0.0159186067627845,0.0400097687597189,895,0.0236680868564973,0.00966322840248108,0.0140048584540162,701,0.0236680868564973,0.0159186067627845,0.00774948009371279,899,0.0405733439819855,0.0159186067627845,0.024654737219201,710,0.0254571689332506,0.0159186067627845,0.00953856217046612,883,0.0577204435011196,0.0286534921730121,0.0290669513281075,684,0.0324035926980704,0.0286534921730121,0.00375010052505829,869,94.3625549761619,64.9041335062004,29.4584214699616,715,70.3101762668813,53.5983123363614,16.7118639305199
Bacteroides_uniformis_ATCC_8492_AND_Ruminococcus_callidus_ATCC_2776001,635,0.0736648057456932,0.0736648057456932,0,832,0.0223919935130225,0.00959141414856004,0.0128005793644625,622,0.0575938825715284,0.0575938825715284,0,831,0.0223919935130226,0.00959141414856006,0.0128005793644625,607,0.0236680868564973,0.0236680868564973,0,827,0.023420572774907,0.0085860641887882,0.0148345085861188,644,0.0458601209686777,0.0458601209686777,0,837,0.0211860604956313,0.0107701125293739,0.0104159479662573,1018,0.85110624059067,0.817227792181107,0.033878448409563,444,0.0338784484093444,0,0.0338784484093444,996,98.7253355044122,63.3541054105735,35.3712300938386,855,66.8222702896833,50.2174320196812,16.6048382700021
Bacteroides_uniformis_ATCC_8492_AND_Ruminococcus_torques_ATCC_27756,893,0.0736648057456932,0.0237566695282805,0.0499081362174126,682,0.0522374205165127,0.0159186067627845,0.0363188137537282,906,0.0575938825715284,0.00515960965186016,0.0524342729196683,681,0.0547635572181481,0.0159186067627845,0.0388449504553636,588,0.0236680868564973,0,0.0236680868564973,704,0.0183944325789349,0.0121989222012737,0.00619551037766116,702,0.0458601209686777,0.0458601209686777,0,697,0.0174560864720796,0.0136086948533945,0.00384739161868509,877,0.835965612597836,0.817227792181107,0.0187378204167291,670,0.031735814198426,0.0240226067622755,0.00771320743615054,858,111.294505837191,71.3053061493257,39.9891996878654,705,75.5700109725384,36.6727270341243,38.8972839384141
Bacteroides_uniformis_ATCC_8492_AND_Shigella_flexneri_2002017,990,0.185783282412536,0,0.185783282412536,521,0.185783282412536,0,0.185783282412536,1081,0.106931496562196,0,0.106931496562196,926,0.0693843550438824,0.0159186067627845,0.053465748281098,1062,0.0596911214264911,0,0.0596911214264911,528,0.0596911214264911,0,0.0596911214264911,975,0.0578298124806704,0,0.0578298124806704,533,0.0578298124806704,0,0.0578298124806704,1069,6.72802626621454,0,6.72802626621454,533,6.72802626621454,0,6.72802626621454,1283,172.898857876318,60.292102590312,112.606755286006,958,94.0871327959817,26.4644042343317,67.62272856165
Bacteroides_uniformis_ATCC_8492_AND_Streptococcus_salivarius_JIM8777,1054,0.0273142012664137,0.01591860676277,0.0113955945036436,813,0.0273142012664281,0.0159186067627845,0.0113955945036436,1054,0.033616526714544,0.01591860676277,0.017697919951774,814,0.0336165267145585,0.0159186067627845,0.017697919951774,1045,0.0220124413873072,0.0159186067627846,0.00609383462452259,807,0.0220124413841565,0.0159186067627845,0.00609383462137198,1031,0.0197028580688745,0.0159186067625528,0.0037842513063217,819,0.0197028580703854,0.0159186067627845,0.00378425130760096,1031,0.0479614934089152,0.0286534921732032,0.0193080012357121,792,0.0332841083674837,0.0176769569350631,0.0156071514324206,1013,107.705346716034,62.8902652038101,44.8150815122235,862,83.4750333445102,53.5983123363612,29.876721008149
Bacteroides_uniformis_ATCC_8492_AND_Subdoligranulum_variabile_DSM_15176,892,0.0275043369838829,0.0159186067627845,0.0115857302210984,675,0.0187638159994717,0.0159186067627845,0.0028452092366872,898,0.0339118168623695,0.0159186067627845,0.017993210099585,672,0.0187638159994717,0.0159186067627845,0.00284520923668722,868,0.0221141171436488,0.0159186067627845,0.00619551038086434,671,0.0221141171404457,0.0159186067627845,0.00619551037766117,870,0.019765998380169,0.0159186067627845,0.00384739161738448,666,0.0197659983814696,0.0159186067627845,0.00384739161868509,934,0.0855576769071722,0.0286534921730121,0.0569041847341601,648,0.0608963463003533,0.0286534921730119,0.0322428541273413,842,125.814621257881,71.0813848269344,54.7332364309462,691,69.5509218595389,33.15190892967,36.3990129298689
Bacteroides_uniformis_ATCC_8492_AND_Veillonella_atypica_ACS_049_V_Sch6,1203,0.0172605283517678,0.0159186067629872,0.00134192158878061,932,0.0172605283515651,0.0159186067627845,0.00134192158878061,1145,0.0287191861274497,0.0159186067629872,0.0128005793644625,929,0.028719186127247,0.0159186067627845,0.0128005793644625,1158,0.0220124413873071,0.0159186067627845,0.00609383462452259,413,0.0159186067627845,0.0159186067627845,0,1142,0.0197028580693089,0.0159186067629872,0.0037842513063217,922,0.0197316974593204,0.0159186067627845,0.00381309069653592,1201,0.131328701692909,0.0286534921732032,0.102675209519706,886,0.11837607820047,0.0157008686807641,0.102675209519706,1156,116.401370985289,71.404640673283,44.9967303120063,965,77.9010759442183,50.217432019681,27.6836439245373
Bifidobacterium_adolescentis_ATCC_15703_AND_Bifidobacterium_bifidum_PRL2010,777,0.0292193126763542,0,0.0292193126763542,878,0.0292193126693293,0.0032943891737785,0.0259249234955508,773,0.0453790328000592,0,0.0453790328000592,867,0.0453790327922173,0.0194541092966666,0.0259249234955508,762,0.0156251312024289,0,0.0156251312024289,465,0.0156251311943505,0.0156251311943505,0,701,0.00970315520645966,0.00970315520645966,0,449,0.00970315520973962,0,0.00970315520973962,863,6.72802626621454,0,6.72802626621454,1004,6.72802626621454,0.0828026194277486,6.64522364678679,1018,107.542666173055,33.096700725159,74.4459654478964,882,69.0267782293258,24.3207843007416,44.7059939285842
Bifidobacterium_adolescentis_ATCC_15703_AND_Bifidobacterium_longum_NCC2705,899,0.0802061851828103,0.0292193126763552,0.0509868725064551,739,0.0480860695945609,0.0292193126693291,0.0188667569252318,890,0.0849797052574463,0.0453790328000609,0.0396006724573854,718,0.0642457897174479,0.0453790327922161,0.0188667569252318,868,0.0330977076780623,0.0156251312024295,0.0174725764756328,726,0.023508864192181,0.0156251311943507,0.00788373299783029,881,0.0341574943143471,0.00970315520645983,0.0244543391078873,720,0.0287858240753937,0.00970315520973997,0.0190826688656537,873,0.101540439844478,0.0828026194277486,0.0187378204167291,721,0.101540439844478,0.0828026194277486,0.0187378204167291,852,98.8635667393101,43.3108101291948,55.5527566101153,733,73.4850035502556,41.7694843121705,31.715519238085
Bifidobacterium_adolescentis_ATCC_15703_AND_Bilophila_wadsworthia_3_1_6,724,0.0292193126763542,0.0292193126763542,0,466,0.0292193126693301,0.0292193126693301,0,643,0.0453790328000609,0.0453790328000609,0,445,0.0453790327922161,0.0453790327922161,0,738,0.0156251312024289,0.0156251312024289,0,465,0.015625131194351,0.015625131194351,0,633,0.00970315520645983,0.00970315520645983,0,460,0.00970315520973997,0.00970315520973997,0,974,0.0872862101386479,0.0828026194277486,0.00448359071089938,802,0.0872862101385575,0.0828026194277486,0.00448359071080892,926,78.8977863227676,57.2131205558831,21.6846657668844,807,59.0553330184685,47.564181778332,11.4911512401366
Bifidobacterium_adolescentis_ATCC_15703_AND_Blautia_wexlerae_DSM_19850,1027,0.0718301502844139,0.0292193126763542,0.0426108376080597,894,0.0441034013403948,0.0292193126693296,0.0148840886710652,1023,0.084329810724756,0.0453790328000601,0.0389507779246959,878,0.0602631214632814,0.0453790327922161,0.0148840886710652,1019,0.0328109617412164,0.0156251312024295,0.017185830538787,887,0.0328109617362886,0.015625131194351,0.0171858305419376,1020,0.0363356202939579,0.00970315520645966,0.0266324650874983,887,0.0363356202976026,0.00970315520973997,0.0266324650878626,1023,0.0888797609278122,0.0574811473644766,0.0313986135633356,879,0.0840904030413545,0.0774368439566459,0.00665355908470864,993,86.7857254059463,55.7118209140341,31.0739044919122,918,62.9754571835436,49.9575555404216,13.0179016431219
Bifidobacterium_adolescentis_ATCC_15703_AND_Citrobacter_amalonaticus_Y19,885,0.185783282412536,0,0.185783282412536,516,0.185783282412536,0,0.185783282412536,1214,0.142575328749595,0.0453790327922178,0.0971962959573768,516,0.142575328749595,0,0.142575328749595,1240,0.0596911214264911,0.0156251312024295,0.0440659902240617,513,0.0596911214264911,0,0.0596911214264911,866,0.0771064166408938,0,0.0771064166408938,517,0.0771064166408938,0,0.0771064166408938,1003,8.97070168828606,0,8.97070168828606,958,4.51295171728561,0.0828026194277486,4.43014909785786,1194,166.491749315195,54.0529445639881,112.438804751207,991,108.712310888897,7.32827729171866,101.384033597178
Bifidobacterium_adolescentis_ATCC_15703_AND_Clostridium_clostridioforme_CM201,751,0.0292193126547802,0.0292193126547802,0,466,0.0292193126693301,0.0292193126693301,0,712,0.045379032792217,0.045379032792217,0,453,0.0453790327922161,0.0453790327922161,0,711,0.0156251312024289,0.0156251312024289,0,461,0.0156251311943505,0.0156251311943505,0,729,0.00970315520645966,0.00970315520645966,0,460,0.00970315520973997,0.00970315520973997,0,1046,0.083264647857018,0.0639566466213059,0.0193080012357121,867,0.0832646478570178,0.0639566466213058,0.0193080012357121,1080,106.79183875182,42.2235774442383,64.5682613075813,908,87.6684385718254,49.8444177114062,37.8240208604193
Bifidobacterium_adolescentis_ATCC_15703_AND_Collinsella_tanakaei_YIT_12063,703,0.0292193126763542,0.0292193126763542,0,463,0.0292193126693291,0.0292193126693291,0,703,0.0453790328000592,0.0453790328000592,0,445,0.0453790327922161,0.0453790327922161,0,702,0.0156251311943505,0.0156251311943505,0,465,0.0156251311943507,0.0156251311943507,0,702,0.00970315520645948,0.00970315520645948,0,460,0.00970315520973997,0.00970315520973997,0,1076,0.0836053149047291,0.0500609607489637,0.0335443541557654,874,0.0832256084647592,0.0655490493356791,0.0176765591290802,1030,104.973904113274,47.5800300938996,57.3938740193739,915,81.3123934399075,36.2030987980222,45.1092946418853
Bifidobacterium_adolescentis_ATCC_15703_AND_Coprococcus_catus_GD_7,667,0.0292193126693291,0.0292193126693291,0,466,0.0292193126693291,0.0292193126693291,0,682,0.0453790328000592,0.0453790328000592,0,453,0.0453790327922161,0.0453790327922161,0,657,0.0156251312024295,0.0156251312024295,0,465,0.0156251311943505,0.0156251311943505,0,673,0.00970315522976597,0.00970315522976597,0,460,0.00970315520973962,0.00970315520973962,0,1055,0.116249605620224,0.0828026194277486,0.0334469861924759,866,0.107175425875168,0.0828026194277486,0.0243728064474197,1025,105.00698959232,56.6023024518652,48.4046871404547,915,71.1809060322169,38.2709690600788,32.9099369721381
Bifidobacterium_adolescentis_ATCC_15703_AND_Desulfovibrio_desulfuricans_subsp_desulfuricans_DSM_642,1111,0.11456467425842,0.0292193126763542,0.0853453615820657,931,0.0993540619459741,0.0140087003638531,0.085345361582121,1123,0.106931496562196,0.0174975098914577,0.0894339866707382,500,0.0894339866702838,0,0.0894339866702838,779,0.0596911214264911,0,0.0596911214264911,496,0.0596911214264911,0,0.0596911214264911,1132,0.0530134116177109,0.00970315520645983,0.0433102564112511,931,0.0530134116208481,0.00970315520973997,0.0433102564111081,1103,0.174154701499409,0.0828026194277486,0.0913520820716601,929,0.174154701497007,0.0828026194277486,0.0913520820692582,1088,106.519968363811,40.5693088183163,65.950659545495,949,56.4949844428179,45.1996336092211,11.2953508335969
Bifidobacterium_adolescentis_ATCC_15703_AND_Desulfovibrio_piger_ATCC_29098,1002,0.0846883365546596,0.0292193126763542,0.0554690238783054,459,0.0292193126693292,0.0292193126693292,0,995,0.0849797052527121,0.0453790327922161,0.0396006724604959,445,0.0453790327922161,0.0453790327922161,0,1004,0.0330977076559057,0.0156251311657154,0.0174725764901903,465,0.015625131194351,0.015625131194351,0,1002,0.0364587645839557,0.00970315520973962,0.0267556093742161,460,0.00970315520973997,0.00970315520973997,0,992,0.114346415186957,0.0828026194277486,0.0315437957592084,799,0.0962881140063288,0.0828026194277486,0.0134854945785803,954,77.3636440571777,42.2235774442384,35.1400666129394,814,60.1480770693557,40.957338795993,19.1907382733626
Bifidobacterium_adolescentis_ATCC_15703_AND_Dialister_invisus_DSM_15470,1035,0.0292193126693296,0.0283235403884018,0.000895772280927754,463,0.0292193126693291,0.0292193126693291,0,654,0.0453790328000601,0.0453790328000601,0,445,0.0453790327922161,0.0453790327922161,0,613,0.0156251312024292,0.0156251312024292,0,465,0.0156251311943505,0.0156251311943505,0,612,0.00970315520645966,0.00970315520645966,0,514,0.00970315520973997,0.00970315520973997,0,680,0.0828026194277486,0.0828026194277486,0,453,0.0828026194277486,0.0828026194277486,0,607,57.8007797979833,57.8007797979833,0,468,49.9575555404216,49.9575555404216,0
Bifidobacterium_adolescentis_ATCC_15703_AND_Dorea_longicatena_DSM_13814,695,0.0292193127130667,0.0292193127130667,0,466,0.0292193126693291,0.0292193126693291,0,699,0.0453790328367739,0.0453790328367739,0,445,0.0453790327922161,0.0453790327922161,0,689,0.0156251312391441,0.0156251312391441,0,465,0.015625131194351,0.015625131194351,0,689,0.00970315520645983,0.00970315520645983,0,460,0.00970315520973997,0.00970315520973997,0,907,0.0912034769873443,0.0828026194277486,0.00840085755959571,744,0.0912034769872882,0.0828026194277486,0.00840085755953968,859,92.8907203542101,56.8512845204425,36.0394358337676,748,53.2605614234059,26.4341486548906,26.8264127685152
Bifidobacterium_adolescentis_ATCC_15703_AND_Enterobacter_cloacae_EcWSU1,1299,0.185783282412536,0.0292193126763542,0.156563969736181,518,0.185783282412536,0,0.185783282412536,1304,0.118276254762211,0.0453790328000592,0.0728972219621515,942,0.0875000228752601,0.0453790327922161,0.0421209900830439,1307,0.0596911214264911,0.0156251312024289,0.0440659902240623,529,0.0596911214264911,0,0.0596911214264911,1293,0.0602556012948901,0.00970315520973997,0.0505524460851501,957,0.0602556012831054,0.00970315520973997,0.0505524460733654,1332,6.74872692107148,0.0828026194277486,6.66592430164373,542,6.72802626621454,0,6.72802626621454,1225,175.803581810762,25.3056909822649,150.497890828497,1005,143.145789517033,27.3388778506524,115.806911666381
Bifidobacterium_adolescentis_ATCC_15703_AND_Enterococcus_faecium_TX1330,687,0.0292193126763547,0.0292193126763547,0,466,0.0292193126693297,0.0292193126693297,0,684,0.0453790328000601,0.0453790328000601,0,452,0.0453790327922161,0.0453790327922161,0,681,0.0156251312024292,0.0156251312024292,0,465,0.015625131194351,0.015625131194351,0,681,0.00970315520973979,0.00970315520973979,0,497,0.00970315520973997,0.00970315520973997,0,901,0.101540439844478,0.0828026194277486,0.0187378204167291,713,0.101024193771772,0.0828026194277486,0.0182215743440233,839,98.452551071235,43.5957672516702,54.8567838195648,729,66.8563096312146,45.367735915011,21.4885737162036
Bifidobacterium_adolescentis_ATCC_15703_AND_Escherichia_coli_str_K_12_substr_MG1655,1266,0.0912983881821523,0.0292193126693297,0.0620790755128226,781,0.091298388182152,0.0292193126693291,0.0620790755128228,1262,0.0849797052527125,0.045379032792217,0.0396006724604956,765,0.0849797052527121,0.0453790327922161,0.0396006724604959,1188,0.0330977076731869,0.0156251311943507,0.0174725764788361,465,0.0156251311943507,0.0156251311943507,0,1254,0.0478684929410473,0.00970315520973979,0.0381653377313075,773,0.0478684929410474,0.00970315520973997,0.0381653377313074,1329,5.35258903638047,0.0828026194277486,5.26978641695273,845,0.318735927093491,0.0828026194277486,0.235933307665743,1202,179.109184064142,56.3905329914814,122.71865107266,871,122.682720397229,27.3388778506524,95.3438425465764
Bifidobacterium_adolescentis_ATCC_15703_AND_Eubacterium_rectale_M104_1,907,0.0669488117875519,0.0292193126763552,0.0377294991111967,474,0.0292193126693302,0.0292193126693302,0,906,0.083108531910742,0.0453790328000601,0.037729499110682,453,0.0453790327922161,0.0453790327922161,0,901,0.0330977076780623,0.0156251312024295,0.0174725764756328,473,0.015625131194351,0.015625131194351,0,902,0.0364621819987553,0.00970315520645983,0.0267590267922955,468,0.00970315520973997,0.00970315520973997,0,881,0.101540439844478,0.0828026194277486,0.0187378204167291,732,0.101540439844478,0.0828026194277486,0.0187378204167291,842,110.771721927958,52.1485844008619,58.6231375270961,727,68.4802984412398,34.0112395880526,34.4690588531871
Bifidobacterium_adolescentis_ATCC_15703_AND_Faecalibacterium_prausnitzii_L2_6,600,0.0292193126693291,0.0292193126693291,0,474,0.0292193126693291,0.0292193126693291,0,611,0.0453790327922162,0.0453790327922162,0,453,0.0453790327922161,0.0453790327922161,0,645,0.0156251312024289,0.0156251312024289,0,473,0.0156251311943505,0.0156251311943505,0,594,0.00970315520973997,0.00970315520973997,0,468,0.00970315520973962,0.00970315520973962,0,884,0.101540439844478,0.0828026194277486,0.0187378204167291,719,0.101540439844478,0.0828026194277486,0.0187378204167291,834,105.257274919645,46.2166300865442,59.0406448331004,730,76.4304761663205,36.7319378152914,39.6985383510291
Bifidobacterium_adolescentis_ATCC_15703_AND_Fusobacterium_varium_ATCC_27725,770,0.0292193126763542,0.0292193126763542,0,462,0.0292193126693301,0.0292193126693301,0,714,0.0453790327922162,0.0453790327922162,0,445,0.0453790327922161,0.0453790327922161,0,779,0.0156251311813576,0.0156251311813576,0,465,0.015625131194351,0.015625131194351,0,762,0.00970315520645966,0.00970315520645966,0,460,0.00970315520973997,0.00970315520973997,0,1085,0.249024101603024,0.0828026194277486,0.166221482175275,830,0.0962881140063289,0.0828026194277486,0.0134854945785803,1003,103.122189102075,56.1604119712417,46.961777130833,869,85.5045438441427,40.9072211912474,44.5973226528953
Bifidobacterium_adolescentis_ATCC_15703_AND_Haemophilus_parainfluenzae_T3T1,716,0.029219312669329,0.029219312669329,0,998,0.02921931266933,0.0246205687150707,0.00459874395425924,797,0.0453790328000613,0,0.0453790328000613,445,0.0453790327922161,0.0453790327922161,0,710,0.0156251311943441,0.0156251311943441,0,995,0.0156251311943505,0.0110263872400895,0.00459874395426091,782,0.00970315520645992,0,0.00970315520645992,556,0.00970315520973962,0,0.00970315520973962,1207,0.108137033696091,0.0828026194277486,0.0253344142683421,1001,0.0828026194277486,0.0574682051594064,0.0253344142683421,1122,126.884878957499,31.2718176272086,95.6130613302907,991,96.9893997328303,46.5125119484815,50.4768877843487
Bifidobacterium_adolescentis_ATCC_15703_AND_Helicobacter_pylori_26695,994,0.0850042937244342,0.0292193126693297,0.0557849810551045,819,0.0632406436199146,0.00745566256449796,0.0557849810554166,989,0.0849797052574458,0.0453790328000601,0.0396006724573857,796,0.0688988935823768,0.0453790327922161,0.0235198607901607,947,0.0330977076731869,0.0156251311943507,0.0174725764788361,465,0.015625131194351,0.015625131194351,0,984,0.0364587645595988,0.00970315518810217,0.0267556093714967,460,0.00970315520973997,0.00970315520973997,0,981,4.50703190703545,4.48535084414303,0.0216810628924272,802,0.0962881140063321,0.0828026194277486,0.0134854945785836,928,89.3660577929829,41.2062138067333,48.1598439862496,828,49.9824781439515,49.1162407285877,0.866237415363813
Bifidobacterium_adolescentis_ATCC_15703_AND_Klebsiella_pneumoniae_pneumoniae_MGH78578,1146,0.0912983881863918,0.0292193126763547,0.0620790755100371,794,0.091298388182152,0.0292193126693291,0.0620790755128228,1168,0.0849797052574453,0.0453790328000592,0.0396006724573861,774,0.0849797052527121,0.0453790327922161,0.0396006724604959,1126,0.0330977076780619,0.0156251312024289,0.0174725764756331,817,0.033097707673187,0.015625131194351,0.017472576478836,1175,0.0478684929403684,0.00970315520645983,0.0381653377339086,789,0.0478684929410474,0.00970315520973997,0.0381653377313074,1256,5.35258903638047,0.0828026194277486,5.26978641695273,793,2.71769582790411,0.0828026194277486,2.63489320847636,1101,143.687642620436,42.2235774442385,101.464065176197,840,103.846822022096,35.9860051789202,67.8608168431758
Bifidobacterium_adolescentis_ATCC_15703_AND_Lactobacillus_mucosae_LM1,640,0.0292193126763552,0.0292193126763552,0,466,0.0292193126693301,0.0292193126693301,0,645,0.0453790328000601,0.0453790328000601,0,453,0.0453790327922161,0.0453790327922161,0,643,0.0156251311657143,0.0156251311657143,0,465,0.0156251311943507,0.0156251311943507,0,642,0.00970315520645966,0.00970315520645966,0,460,0.00970315520973997,0.00970315520973997,0,1015,0.085400425942448,0.0828026194277486,0.00259780651469946,849,0.0854004259424543,0.0828026194277486,0.00259780651470574,983,90.697846241785,49.8922579018677,40.8055883399173,882,72.5692426322486,44.0139454214165,28.5552972108321
Bifidobacterium_adolescentis_ATCC_15703_AND_Lactobacillus_reuteri_SD2112_ATCC_55730,628,0.0292193126763542,0.0292193126763542,0,462,0.0292193126693291,0.0292193126693291,0,667,0.0453790328000609,0.0453790328000609,0,445,0.0453790327922161,0.0453790327922161,0,627,0.0156251312024295,0.0156251312024295,0,465,0.0156251311943505,0.0156251311943505,0,663,0.00970315520645983,0.00970315520645983,0,460,0.00970315520973997,0.00970315520973997,0,895,0.0952096494163672,0.0828026194277486,0.0124070299886186,706,0.0952096494163672,0.0828026194277486,0.0124070299886186,849,102.726868550902,43.2484691510125,59.4783993998897,713,77.5642465756904,41.747141878667,35.8171046970234
Bifidobacterium_adolescentis_ATCC_15703_AND_Megasphaera_elsdenii_DSM_20460,1121,0.0292193126551515,0.0278766403560058,0.00134267229914575,549,0.0292193126693291,0,0.0292193126693291,1116,0.0453790327922071,0.020539224714184,0.0248398080780231,493,0.0453790327922178,0,0.0453790327922178,742,0.0156251311945076,1.57110956628087e-13,0.0156251311943505,516,0.015625131194351,0,0.015625131194351,738,0.00970315520973962,0,0.00970315520973962,514,0.00970315520973997,0,0.00970315520973997,1230,6.72802626620792,1.4006933009869,5.32733296522102,511,6.72802626621442,0,6.72802626621442,1074,116.120332236749,55.929490595806,60.190841640943,958,75.9926511832451,45.2245737305494,30.7680774526956
Bifidobacterium_adolescentis_ATCC_15703_AND_Parabacteroides_distasonis_ATCC_8503,1219,0.0610510779769288,0.0292193126763542,0.0318317653005746,984,0.0610510779699037,0.0292193126693291,0.0318317653005746,1193,0.0772107981006306,0.045379032800056,0.0318317653005746,972,0.0772107980927924,0.0453790327922178,0.0318317653005746,1210,0.0474568965155451,0.0156251312149705,0.0318317653005746,977,0.0474568964949251,0.0156251311943505,0.0318317653005746,1194,0.0415349205070345,0.00970315520645983,0.0318317653005746,980,0.0415349205103146,0.00970315520973997,0.0318317653005746,1199,0.104698639607121,0.0828026194277486,0.0218960201793722,998,0.0989927954960708,0.0828026194277486,0.0161901760683223,1158,107.748095196737,50.8107387702966,56.9373564264401,1015,80.2197482150505,42.7141027850385,37.5056454300121
Bifidobacterium_adolescentis_ATCC_15703_AND_Parabacteroides_johnsonii_DSM_18315,1048,0.0610565261948981,0.0292193126693291,0.031837213525569,835,0.0610565261948991,0.0292193126693302,0.031837213525569,1052,0.0772162463177859,0.045379032792217,0.0318372135255689,807,0.0701562304352604,0.0453790327922161,0.0247771976430443,1029,0.0330977076731867,0.0156251311943505,0.0174725764788362,828,0.033097707673187,0.015625131194351,0.017472576478836,1049,0.0415403687353088,0.00970315520973979,0.031837213525569,831,0.0415403687353086,0.00970315520973962,0.031837213525569,1018,0.101540439844478,0.0828026194277486,0.0187378204167291,845,0.101540439844478,0.0828026194277486,0.0187378204167291,998,97.4380108733083,51.0245667757701,46.4134440975381,853,50.6344941250587,31.8119549318605,18.8225391931983
Bifidobacterium_adolescentis_ATCC_15703_AND_Phascolarctobacterium_succinatutens_YIT_12067,956,0.0334194671748911,0.0292193126763547,0.00420015449853646,466,0.0292193126693291,0.0292193126693291,0,956,0.0495791872985965,0.0453790328000601,0.00420015449853646,445,0.0453790327922161,0.0453790327922161,0,951,0.0198252857009122,0.0156251312024292,0.00420015449848304,465,0.0156251311943505,0.0156251311943505,0,950,0.0139033097048816,0.00970315520645966,0.00420015449842198,832,0.01072852701712,0.00970315520973997,0.00102537180738005,993,0.101540439844478,0.0828026194277486,0.0187378204167291,832,0.0830200343458359,0.0828026194277486,0.00021741491808738,915,62.3740493372921,50.621550320342,11.7524990169502,829,50.0249463767921,49.8444177114063,0.180528665385836
Bifidobacterium_adolescentis_ATCC_15703_AND_Prevotella_ruminicola_23,1107,0.0610510779699037,0.0292193126693291,0.0318317653005746,957,0.0610510779699047,0.0292193126693301,0.0318317653005746,1129,0.0772107980927908,0.0453790327922162,0.0318317653005746,942,0.0453790327922161,0.0194079954802949,0.0259710373119212,1109,0.0474568964949257,0.0156251311943511,0.0318317653005746,966,0.0474568964949251,0.0156251311943505,0.0318317653005746,1113,0.0415349205070345,0.00970315520645983,0.0318317653005746,961,0.0415349205103146,0.00970315520973997,0.0318317653005746,1152,0.104698639607121,0.0828026194277486,0.0218960201793722,453,0.0828026194277486,0.0828026194277486,0,1077,115.379034543884,55.0631650096125,60.3158695342712,967,83.9292560221792,30.1242234321018,53.8050325900774
Bifidobacterium_adolescentis_ATCC_15703_AND_Pseudoflavonifractor_capillosus_strain_ATCC_29799,624,0.0292193126763542,0.0292193126763542,0,462,0.0292193126693291,0.0292193126693291,0,616,0.0453790328000592,0.0453790328000592,0,445,0.0453790327922161,0.0453790327922161,0,616,0.0156251312024289,0.0156251312024289,0,465,0.015625131194351,0.015625131194351,0,616,0.00970315518810217,0.00970315518810217,0,460,0.00970315520973962,0.00970315520973962,0,864,0.101540439844478,0.0828026194277486,0.0187378204167291,728,0.096288114006326,0.0828026194277486,0.0134854945785774,806,79.4054502515217,45.0874211290706,34.3180291224511,725,51.2817573834369,49.4010901476733,1.88066723576362
Bifidobacterium_adolescentis_ATCC_15703_AND_Roseburia_intestinalis_L1_82,883,0.079005651726224,0.0292193126763552,0.0497863390498689,726,0.0790056517191195,0.0292193126693291,0.0497863390497904,857,0.0849797052574458,0.0453790328000601,0.0396006724573857,701,0.0664790969323525,0.0453790327922161,0.0211000641401363,857,0.0330977076780623,0.0156251312024295,0.0174725764756328,465,0.0156251311943507,0.0156251311943507,0,851,0.0335816940970663,0.00970315520645966,0.0238785388906066,460,0.00970315520973997,0.00970315520973997,0,871,0.110954463898896,0.0828026194277486,0.0281518444711478,712,0.0962881140063402,0.0828026194277486,0.0134854945785916,823,108.918399809883,52.5658112129077,56.3525885969748,731,61.2701823267278,47.7259042487343,13.5442780779936
Bifidobacterium_adolescentis_ATCC_15703_AND_Roseburia_inulinivorans_DSM_16841,850,0.0389974154525857,0.0292193126763552,0.00977810277623053,729,0.0389974154451684,0.0292193126693291,0.00977810277583923,849,0.0551571355768266,0.0453790328000625,0.00977810277676411,713,0.0551571355680552,0.0453790327922161,0.00977810277583907,858,0.0254032339786594,0.0156251312024289,0.00977810277623053,728,0.0254032339701897,0.0156251311943505,0.00977810277583923,849,0.0194812579821568,0.00970315520645983,0.00977810277569694,723,0.0194812579855787,0.00970315520973962,0.00977810277583911,877,0.11163330937885,0.0828026194277486,0.0288306899511018,732,0.096288114006329,0.0828026194277486,0.0134854945785805,842,108.09732382976,53.0509055030388,55.0464183267212,744,86.3525796903887,37.838322442781,48.5142572476076
Bifidobacterium_adolescentis_ATCC_15703_AND_Ruminococcus_bromii_L2_63,846,0.0806240117631201,0.0292193126763542,0.051404699086766,743,0.0806240117585873,0.0292193126693291,0.0514046990892581,853,0.0849797052574463,0.0453790328000609,0.0396006724573854,725,0.0671649778644808,0.0453790327922161,0.0217859450722647,844,0.0330977076780619,0.0156251312024289,0.0174725764756331,750,0.0330977076731867,0.0156251311943505,0.0174725764788362,841,0.0343578924235386,0.00970315520645948,0.0246547372170792,754,0.0192417173802061,0.00970315520973997,0.00953856217046612,858,0.111869570755291,0.0828026194277486,0.0290669513275426,752,0.0875795402081045,0.0828026194277486,0.00477692078035594,834,70.2598635737485,55.6450452079062,14.6148183658423,752,64.3511717633796,47.6393078328597,16.7118639305199
Bifidobacterium_adolescentis_ATCC_15703_AND_Ruminococcus_callidus_ATCC_2776001,989,0.0727480517421765,0.0292193126763542,0.0435287390658223,872,0.0420198920337916,0.0292193126693291,0.0128005793644625,979,0.0843298107359544,0.0453790328184182,0.0389507779175362,853,0.0581796121566786,0.0453790327922161,0.0128005793644625,993,0.03281096173629,0.0156251311943533,0.0171858305419367,868,0.0328109617362886,0.015625131194351,0.0171858305419376,973,0.0384390288950992,0.0097031551697452,0.028735873725354,870,0.0201191031759971,0.00970315520973997,0.0104159479662571,999,0.089359728211313,0.0554812798016886,0.0338784484096244,862,0.0881313764937249,0.0605994218920865,0.0275319546016384,965,79.2548995712401,49.0970591580692,30.1578404131709,468,49.9575555404215,49.9575555404215,0
Bifidobacterium_adolescentis_ATCC_15703_AND_Ruminococcus_torques_ATCC_27756,875,0.0791274488862935,0.0292193126693296,0.0499081362169639,725,0.0791274488869393,0.0292193126693291,0.0499081362176101,891,0.0849797052574453,0.0453790328000592,0.0396006724573861,706,0.0665307160733116,0.0453790327922161,0.0211516832810954,865,0.033097707673187,0.015625131194351,0.017472576478836,465,0.015625131194351,0.015625131194351,0,886,0.033640110492229,0.00970315520645948,0.0239369552857695,460,0.00970315520973997,0.00970315520973997,0,871,0.101540439844478,0.0828026194277486,0.0187378204167291,738,0.0962881140063305,0.0828026194277486,0.013485494578582,832,85.555130522865,52.7343944379871,32.8207360848778,745,60.1647085450517,33.3512608319182,26.8134477131335
Bifidobacterium_adolescentis_ATCC_15703_AND_Shigella_flexneri_2002017,1337,0.185783282412536,0.0292193126693291,0.156563969743206,521,0.185783282412536,0,0.185783282412536,1310,0.118276254762211,0.0453790328000592,0.0728972219621515,946,0.0875000228752601,0.0453790327922161,0.0421209900830439,1295,0.0596911214264912,0.015625131194351,0.0440659902321401,528,0.0596911214264911,0,0.0596911214264911,1353,0.0602556012822852,0.00970315520645948,0.0505524460758258,961,0.0602556012831054,0.00970315520973997,0.0505524460733654,1401,6.74872692107148,0.0828026194277486,6.66592430164373,964,6.72802626621454,0.0828026194277486,6.64522364678679,1269,146.393729820047,34.1820125221626,112.211717297884,1001,76.5236764734709,25.6587659944878,50.8649104789831
Bifidobacterium_adolescentis_ATCC_15703_AND_Streptococcus_salivarius_JIM8777,675,0.0292193126763542,0.0292193126763542,0,466,0.0292193126693291,0.0292193126693291,0,671,0.0453790328000609,0.0453790328000609,0,453,0.0453790327922161,0.0453790327922161,0,709,0.0156251312024295,0.0156251312024295,0,465,0.015625131194351,0.015625131194351,0,670,0.00970315520645983,0.00970315520645983,0,460,0.00970315520973962,0.00970315520973962,0,1052,0.102110620663461,0.0828026194277486,0.0193080012357121,849,0.100479178556829,0.0828026194277486,0.0176765591290802,999,87.0042403462476,53.4507140156418,33.5535263306058,884,79.1075271604206,49.9575555404216,29.1499716199989
Bifidobacterium_adolescentis_ATCC_15703_AND_Subdoligranulum_variabile_DSM_15176,685,0.0292193126778886,0.0292193126778886,0,466,0.0292193126693302,0.0292193126693302,0,691,0.0453790328020258,0.0453790328020258,0,445,0.0453790327922161,0.0453790327922161,0,682,0.0156251312024289,0.0156251312024289,0,465,0.0156251311943505,0.0156251311943505,0,684,0.00970315520645948,0.00970315520645948,0,460,0.00970315520973979,0.00970315520973979,0,877,0.139706804161047,0.0828026194277486,0.0569041847332984,709,0.139706804161495,0.0828026194277486,0.0569041847337462,833,100.05318678663,55.8389455569815,44.2142412296489,726,74.5081959302786,30.4136427111779,44.0945532191008
Bifidobacterium_adolescentis_ATCC_15703_AND_Veillonella_atypica_ACS_049_V_Sch6,751,0.0292193126693297,0.0292193126693297,0,459,0.0292193126693291,0.0292193126693291,0,746,0.0453790327922161,0.0453790327922161,0,445,0.0453790327922161,0.0453790327922161,0,748,0.0156251312024292,0.0156251312024292,0,465,0.0156251311943505,0.0156251311943505,0,772,0.00970315520645966,0.00970315520645966,0,460,0.0097031552097398,0.0097031552097398,0,815,0.102675209519706,0,0.102675209519706,519,0.102675209519706,0,0.102675209519706,1148,102.617642973428,57.7863456676287,44.8312973057992,1004,69.4090595851856,44.5867300894877,24.8223294956979
Bifidobacterium_bifidum_PRL2010_AND_Bifidobacterium_longum_NCC2705,940,0.0912983881863915,0.0292193126763542,0.0620790755100373,461,0.0259249234955508,0.0259249234955508,0,981,0.0849797052574463,0.0453790328000609,0.0396006724573854,461,0.0259249234955508,0.0259249234955508,0,944,0.0330977076780619,0.0156251312024289,0.0174725764756331,703,0.0200084257610168,0.0156251311943505,0.00438329456666637,951,0.0478684929403684,0.00970315520645983,0.0381653377339086,708,0.0273239272261851,0.00970315520973962,0.0176207720164454,800,6.72802626621454,6.72802626621454,0,592,6.72802626621454,6.72802626621454,0,861,119.888533546932,74.4459654478966,45.4425680990356,716,80.9286792017562,39.8821770463059,41.0465021554503
Bifidobacterium_bifidum_PRL2010_AND_Bilophila_wadsworthia_3_1_6,810,0.0292193126693302,0.0292193126693302,0,761,0.0260051815831004,0.0259249234955508,8.02580875496005e-05,811,0.0453790327922162,0.0453790327922162,0,761,0.0260027245794285,0.0259249234955508,7.78010838777849e-05,794,0.0156251311943507,0.0156251311943507,0,449,0.0156251311943505,0.0156251311943505,0,773,0.00970315520645966,0.00970315520645966,0,449,0.00970315520973997,0.00970315520973997,0,827,6.72802626621454,6.72802626621454,0,601,6.72802626621454,6.72802626621454,0,967,95.4779382276782,74.4459654478966,21.0319727797816,798,65.3396412945896,53.848490054453,11.4911512401366
Bifidobacterium_bifidum_PRL2010_AND_Blautia_wexlerae_DSM_19850,1084,0.0902795960943752,0.0292193126693291,0.0610602834250461,883,0.0358514925301075,0.0209674038590423,0.0148840886710652,1102,0.084329810724756,0.0453790328000601,0.0389507779246959,885,0.0358514925301075,0.0209674038590423,0.0148840886710652,1070,0.0328109617412161,0.0156251312024289,0.0171858305387872,879,0.0328109617362883,0.0156251311943505,0.0171858305419378,1065,0.0472421539714799,0.00970315520385156,0.0375389987676284,876,0.0288933935342509,0.00970315520973962,0.0191902383245112,805,6.72802626621454,6.72802626621454,0,592,6.72802626621454,6.72802626621454,0,1036,103.848938445366,74.4459654478966,29.4029729974698,910,68.6299649871341,55.8344740859224,12.7954909012117
Bifidobacterium_bifidum_PRL2010_AND_Citrobacter_amalonaticus_Y19,1328,0.185783282412536,0.0292193126693291,0.156563969743206,516,0.185783282412536,0,0.185783282412536,1310,0.142575328749595,0.0453790328000592,0.0971962959495353,941,0.142575328749595,0.0259249234955508,0.116650405254044,1274,0.0596911214264911,0.0156251312024292,0.044065990224062,933,0.0596911214264911,0.0156251311943505,0.0440659902321407,1300,0.0771064166408938,0.00970315520973979,0.067403261431154,934,0.0771064166408938,0.00970315520973997,0.0674032614311539,1104,8.97070168828606,0,8.97070168828606,605,6.72802626621454,6.72802626621454,0,1215,180.768335271066,55.8344740859224,124.933861185144,986,115.227778373227,22.6167337666183,92.6110446066089
Bifidobacterium_bifidum_PRL2010_AND_Clostridium_clostridioforme_CM201,784,0.0292193126763547,0.0292193126763547,0,868,0.0272097423270681,0.0259249234955508,0.00128481883151731,770,0.0453790328000601,0.0453790328000601,0,874,0.0316607567543426,0.0228899767429289,0.00877078001141377,762,0.0156251312024292,0.0156251312024292,0,449,0.015625131194351,0.015625131194351,0,744,0.00970315520645966,0.00970315520645966,0,461,0.00970315520973962,0.00970315520973962,0,861,6.72802626621454,6.72802626621454,0,607,6.72802626621454,6.72802626621454,0,1078,120.402735393504,55.8344740859225,64.5682613075812,904,93.4218400427306,55.8344740859224,37.5873659568081
Bifidobacterium_bifidum_PRL2010_AND_Collinsella_tanakaei_YIT_12063,747,0.0292193126763547,0.0292193126763547,0,872,0.0272097423270694,0.0259249234955508,0.00128481883151863,729,0.0453790328000609,0.0453790328000609,0,861,0.0273131679737823,0.0259249234955508,0.00138824447823155,718,0.0156251312024295,0.0156251312024295,0,449,0.0156251311943505,0.0156251311943505,0,730,0.00970315520973979,0.00970315520973979,0,449,0.00970315520973962,0.00970315520973962,0,863,6.72802626621454,6.72802626621454,0,588,6.72802626621454,6.72802626621454,0,1050,117.003301035876,52.255812465324,64.7474885705524,910,89.6214061994705,42.9628556247895,46.658550574681
Bifidobacterium_bifidum_PRL2010_AND_Coprococcus_catus_GD_7,700,0.0292193126763547,0.0292193126763547,0,864,0.027209742327069,0.0259249234955508,0.00128481883151819,705,0.0453790328000601,0.0453790328000601,0,870,0.0335120677751993,0.0259249234955508,0.00758714427964857,722,0.0156251311943507,0.0156251311943507,0,449,0.0156251311943507,0.0156251311943507,0,675,0.00970315520973979,0.00970315520973979,0,461,0.00970315520973962,0.00970315520973962,0,797,6.72802626621454,6.72802626621454,0,591,6.72802626621454,6.72802626621454,0,1050,124.958682884477,74.4459654478966,50.5127174365806,913,73.2931931877392,45.7617272765832,27.5314659111561
Bifidobacterium_bifidum_PRL2010_AND_Desulfovibrio_desulfuricans_subsp_desulfuricans_DSM_642,1223,0.185783282412536,0.0292193126763542,0.156563969736181,496,0.0853453615821165,0,0.0853453615821165,852,0.106931496562196,0,0.106931496562196,500,0.0894339866702844,0,0.0894339866702844,898,0.0596911214264911,0,0.0596911214264911,922,0.0596911214264912,0.015625131194351,0.0440659902321401,897,0.0578298124806704,0,0.0578298124806704,497,0.0433102564111072,0,0.0433102564111072,964,6.72802626621454,0,6.72802626621454,582,6.72802626621454,6.72802626621454,0,1110,125.81464299211,74.4459654478965,51.3686775442134,936,61.8467004664414,50.5513496328446,11.2953508335969
Bifidobacterium_bifidum_PRL2010_AND_Desulfovibrio_piger_ATCC_29098,1054,0.0846883365546595,0.0292193126763542,0.0554690238783054,809,0.0271529551151054,0.0259249234955508,0.00122803161955462,1056,0.0849797052574453,0.0453790328000592,0.0396006724573861,805,0.0271529551151054,0.0259249234955508,0.00122803161955462,1048,0.0330977076731867,0.0156251311943505,0.0174725764788362,449,0.0156251311943505,0.0156251311943505,0,1010,0.0478684929410473,0.00970315520973979,0.0381653377313075,449,0.00970315520973962,0.00970315520973962,0,856,6.72802626621454,6.72802626621454,0,603,6.72802626621454,6.72802626621454,0,986,92.0159987543661,74.4459654478965,17.5700333064697,806,67.5879366923125,48.3971984189499,19.1907382733626
Bifidobacterium_bifidum_PRL2010_AND_Dialister_invisus_DSM_15470,1079,0.0292193126693301,0.0283235403892614,0.000895772280068789,461,0.0259249234955508,0.0259249234955508,0,695,0.0453790328000592,0.0453790328000592,0,457,0.0259249234955508,0.0259249234955508,0,659,0.0156251311943505,0.0156251311943505,0,449,0.0156251311943505,0.0156251311943505,0,659,0.00970315520973962,0.00970315520973962,0,502,0.00970315520973997,0.00970315520973997,0,1221,6.72802626621454,6.72703964278115,0.000986623433394279,1046,6.72802626621454,6.72703964278025,0.000986623434297735,1054,77.4610478624984,74.4459654478965,3.01508241460193,901,56.2890059101415,55.8344740859224,0.454531824219106
Bifidobacterium_bifidum_PRL2010_AND_Dorea_longicatena_DSM_13814,680,0.0292193126763547,0.0292193126763547,0,736,0.0272311795557609,0.0259249234955508,0.00130625606021013,725,0.045379032792217,0.045379032792217,0,733,0.0287401079428324,0.0259249234955508,0.00281518444728159,668,0.0156251312024292,0.0156251312024292,0,449,0.015625131194351,0.015625131194351,0,704,0.00970315520974031,0.00970315520974031,0,452,0.00970315520973962,0.00970315520973962,0,792,6.72802626621454,6.72802626621454,0,599,6.72802626621454,6.72802626621454,0,888,111.114545494365,74.4459654478966,36.6685800464686,739,61.4803343919168,21.9786970036202,39.5016373882966
Bifidobacterium_bifidum_PRL2010_AND_Enterobacter_cloacae_EcWSU1,1346,0.185783282412536,0.0292193126763552,0.15656396973618,518,0.185783282412536,0,0.185783282412536,1374,0.11827625476025,0.0453790327922161,0.0728972219680338,957,0.072909440902761,0.0259249234955508,0.0469845174072103,1357,0.0596911214264912,0.015625131194351,0.0440659902321401,946,0.0596911214264911,0.0156251311943505,0.0440659902321407,1357,0.0602556012822852,0.00970315520645948,0.0505524460758258,947,0.0602556012831053,0.00970315520973962,0.0505524460733657,1400,8.41003283276818,6.72802626621454,1.68200656655364,1101,8.41003283276845,6.7280262662149,1.68200656655355,1270,187.437690341983,36.9397995134862,150.497890828497,998,147.950431604547,19.6223680180518,128.328063586495
Bifidobacterium_bifidum_PRL2010_AND_Enterococcus_faecium_TX1330,765,0.029219312667832,0.029219312667832,0,712,0.0272311795557609,0.0259249234955508,0.00130625606021013,763,0.0453790328000365,0.0453790328000365,0,711,0.0336386594339232,0.0259249234955508,0.00771373593837247,746,0.0156251311684228,0.0156251311684228,0,449,0.0156251311943505,0.0156251311943505,0,748,0.00970315520973997,0.00970315520973997,0,485,0.00970315520973962,0.00970315520973962,0,856,6.72802626621454,6.72802626621454,0,596,6.72802626621454,6.72802626621454,0,871,113.013820203705,54.6112864868709,58.4025337168339,715,73.6507845808035,54.1832733418588,19.4675112389447
Bifidobacterium_bifidum_PRL2010_AND_Escherichia_coli_str_K_12_substr_MG1655,1261,0.0912983881863915,0.0292193126763542,0.0620790755100373,781,0.0893102550685837,0.0259249234955508,0.0633853315730329,1307,0.084979705252713,0.0453790327922178,0.0396006724604953,782,0.0732393318944189,0.0259249234955508,0.0473144083988682,1282,0.0330977076780621,0.0156251312024292,0.0174725764756329,449,0.0156251311943505,0.0156251311943505,0,1245,0.0478684929410473,0.00970315520973962,0.0381653377313077,762,0.0478684929410473,0.00970315520973962,0.0381653377313077,1091,6.72802626621454,6.72802626621454,0,609,6.72802626621454,6.72802626621454,0,1201,196.75921880507,74.0405677324096,122.71865107266,866,126.853635446636,36.9871922006871,89.8664432459486
Bifidobacterium_bifidum_PRL2010_AND_Eubacterium_rectale_M104_1,920,0.0912983881863917,0.0292193126763545,0.0620790755100372,464,0.0259249234955508,0.0259249234955508,0,961,0.0849797052527125,0.045379032792217,0.0396006724604956,464,0.0259249234955508,0.0259249234955508,0,949,0.0330977076780619,0.0156251312024289,0.0174725764756331,456,0.015625131194351,0.015625131194351,0,950,0.0478684929410474,0.00970315520973992,0.0381653377313074,456,0.00970315520973909,0.00970315520973909,0,818,6.72802626621454,6.72802626621454,0,591,6.72802626621454,6.72802626621454,0,872,132.728034668838,74.4459654478965,58.2820692209415,710,74.787940031367,34.051303609924,40.7366364214429
Bifidobacterium_bifidum_PRL2010_AND_Faecalibacterium_prausnitzii_L2_6,689,0.0292193126763542,0.0292193126763542,0,707,0.0269397492569786,0.0259249234955508,0.00101482576142781,685,0.0453790327922161,0.0453790327922161,0,708,0.0277934112974387,0.0259249234955508,0.0018684878018879,683,0.0156251312024289,0.0156251312024289,0,456,0.0156251311943505,0.0156251311943505,0,707,0.00970315520645966,0.00970315520645966,0,459,0.00970315520973962,0.00970315520973962,0,837,6.72802626621454,6.72802626621454,0,596,6.72802626621454,6.72802626621454,0,870,128.626768304266,74.4459654478966,54.1808028563696,714,83.8150679303361,44.116529579307,39.6985383510291
Bifidobacterium_bifidum_PRL2010_AND_Fusobacterium_varium_ATCC_27725,804,0.0292193126763549,0.0292193126763549,0,808,0.0269397492569786,0.0259249234955508,0.00101482576142781,828,0.0453790328000601,0.0453790328000601,0,821,0.0269397492569786,0.0259249234955508,0.00101482576142781,810,0.0156251311943485,0.0156251311943485,0,449,0.0156251311943505,0.0156251311943505,0,804,0.00970315520645983,0.00970315520645983,0,449,0.00970315520973997,0.00970315520973997,0,892,6.72802626621454,6.72802626621454,0,594,6.72802626621454,6.72802626621454,0,1011,130.305507389374,74.4459654478965,55.859541941478,854,90.4300738227995,53.1947267954465,37.235347027353
Bifidobacterium_bifidum_PRL2010_AND_Haemophilus_parainfluenzae_T3T1,745,0.0292193126763552,0.0292193126763552,0,982,0.0292193126693294,0.0259249234955508,0.00329438917377862,750,0.0453790328000592,0.0453790328000592,0,530,0.0453790327922178,0,0.0453790327922178,742,0.0156251312024289,0.0156251312024289,0,979,0.0156251311943509,0.0136938124017164,0.00193131879263455,750,0.00970315520973997,0.00970315520973997,0,449,0.00970315520973962,0.00970315520973962,0,1270,6.72802626621331,6.70269185194497,0.0253344142683421,1134,6.7280262662149,6.70269185194656,0.0253344142683421,1151,148.271331835612,65.8256570424769,82.4456747931348,983,102.925936338761,49.8503923932178,53.0755439455433
Bifidobacterium_bifidum_PRL2010_AND_Helicobacter_pylori_26695,1030,0.0912983881863921,0.0292193126763552,0.0620790755100369,805,0.058231123364731,0.0106602828139721,0.0475708405507589,1028,0.0849797052574458,0.0453790328000601,0.0396006724573857,809,0.0643572214289981,0.0259249234955508,0.0384322979334473,992,0.0330977076731866,0.0156251311943504,0.0174725764788363,449,0.0156251311943507,0.0156251311943507,0,1023,0.0478684929410473,0.00970315520973979,0.0381653377313075,449,0.00970315520973979,0.00970315520973979,0,793,6.72802626621454,6.72802626621454,0,582,6.72802626621454,6.72802626621454,0,984,106.552528105396,74.4459654478965,32.1065626574998,816,58.0791267395597,32.9051230047994,25.1740037347604
Bifidobacterium_bifidum_PRL2010_AND_Klebsiella_pneumoniae_pneumoniae_MGH78578,1183,0.0912983881863915,0.0292193126763542,0.0620790755100373,784,0.0893102550685837,0.0259249234955508,0.0633853315730329,1162,0.0849797052574453,0.0453790328000592,0.0396006724573861,779,0.0732393318944189,0.0259249234955508,0.0473144083988682,1182,0.0330977076780622,0.0156251312024293,0.0174725764756329,803,0.0330977076731867,0.0156251311943505,0.0174725764788362,1153,0.0478684929403684,0.00970315520645966,0.0381653377339088,780,0.0478684929410473,0.00970315520973962,0.0381653377313077,1046,6.72802626621454,6.72802626621454,0,594,6.72802626621454,6.72802626621454,0,1126,157.29853926212,55.8344740859224,101.464065176197,828,113.330652020543,45.4698351773671,67.8608168431758
Bifidobacterium_bifidum_PRL2010_AND_Lactobacillus_mucosae_LM1,723,0.0292193126763547,0.0292193126763547,0,721,0.025990917288218,0.0259249234955508,6.59937926672412e-05,675,0.0453790328000592,0.0453790328000592,0,714,0.025990917288218,0.0259249234955508,6.59937926672411e-05,721,0.0156251312024292,0.0156251312024292,0,449,0.0156251311943505,0.0156251311943505,0,673,0.00970315520645948,0.00970315520645948,0,461,0.00970315520973962,0.00970315520973962,0,757,6.72802626621454,6.72802626621454,0,595,6.72802626621454,6.72802626621454,0,1021,107.429269840139,74.4459654478964,32.9833043922428,874,79.1021523433459,50.5468551325139,28.5552972108321
Bifidobacterium_bifidum_PRL2010_AND_Lactobacillus_reuteri_SD2112_ATCC_55730,754,0.0292193126693296,0.0292193126693296,0,453,0.0259249234955508,0.0259249234955508,0,720,0.0453790328000592,0.0453790328000592,0,453,0.0259249234955508,0.0259249234955508,0,749,0.0156251311943508,0.0156251311943508,0,449,0.0156251311943505,0.0156251311943505,0,692,0.00970315520645948,0.00970315520645948,0,449,0.00970315520973997,0.00970315520973997,0,831,6.72802626621454,6.72802626621454,0,594,6.72802626621454,6.72802626621454,0,872,116.883834633601,57.4054352337109,59.4783993998896,698,90.2487153760202,37.4385485654969,52.8101668105234
Bifidobacterium_bifidum_PRL2010_AND_Megasphaera_elsdenii_DSM_20460,926,0.0292193126763563,0,0.0292193126763563,955,0.0292193126693291,0.0170918560104334,0.0121274566588957,777,0.0453790328000601,0.0453790328000601,0,493,0.0453790327922178,0,0.0453790327922178,889,0.015625131194351,0,0.015625131194351,449,0.015625131194351,0.015625131194351,0,764,0.00970315520645966,0.00970315520645966,0,449,0.00970315520973997,0.00970315520973997,0,862,6.72802626621454,6.72802626621454,0,511,6.72802626621442,0,6.72802626621442,1099,134.965271323332,74.4459654478965,60.519305875435,945,88.0595734076562,37.4713918744214,50.5881815332347
Bifidobacterium_bifidum_PRL2010_AND_Parabacteroides_distasonis_ATCC_8503,1229,0.0610510779699042,0.0292193126693296,0.0318317653005746,982,0.0577566887961254,0.0259249234955508,0.0318317653005746,1237,0.0772107981006339,0.0453790328000592,0.0318317653005746,985,0.0577566887961254,0.0259249234955508,0.0318317653005746,1225,0.0474568964949254,0.0156251311943507,0.0318317653005746,961,0.036976975675719,0.0156251311943505,0.0213518444813686,1207,0.0415349205070343,0.00970315520645966,0.0318317653005746,968,0.0377922855727892,0.00596052027221458,0.0318317653005746,1324,6.73897427630423,6.71707825612486,0.0218960201793722,1135,6.72802626621454,6.70613024603517,0.0218960201793722,1193,133.875486089266,73.0047505943112,60.8707354949545,1016,94.30106189683,54.4074120697713,39.8936498270587
Bifidobacterium_bifidum_PRL2010_AND_Parabacteroides_johnsonii_DSM_18315,1061,0.0912983881863918,0.0292193126763547,0.0620790755100371,826,0.0577621370211198,0.0259249234955508,0.031837213525569,1102,0.0849797052574453,0.0453790328000592,0.0396006724573861,821,0.0577621370211197,0.0259249234955508,0.031837213525569,1062,0.0330977076780621,0.0156251312024292,0.0174725764756329,811,0.0330977076731867,0.0156251311943505,0.0174725764788362,1089,0.0478684929403684,0.00970315520645948,0.0381653377339089,824,0.0415403687353086,0.00970315520973962,0.031837213525569,834,6.72802626621454,6.72802626621454,0,608,6.72802626621454,6.72802626621454,0,1033,123.853821117924,71.8965576656393,51.9572634522842,842,62.9260832866067,45.8424141087545,17.0836691778522
Bifidobacterium_bifidum_PRL2010_AND_Phascolarctobacterium_succinatutens_YIT_12067,1018,0.0912983881821522,0.0292193126693296,0.0620790755128226,815,0.0269397492569786,0.0259249234955508,0.00101482576142781,1040,0.0849797052574453,0.0453790328000592,0.0396006724573861,819,0.0269397492569786,0.0259249234955508,0.00101482576142781,1030,0.0330977076780623,0.0156251312024295,0.0174725764756328,449,0.015625131194351,0.015625131194351,0,1056,0.0478684929403684,0.00970315520645948,0.0381653377339089,817,0.0107235984050757,0.00970315520973997,0.00102044319533578,780,6.72802626621454,6.72802626621454,0,602,6.72802626621454,6.72802626621454,0,948,81.4528758624034,65.723468447107,15.7294074152964,458,55.8344740859224,55.8344740859224,0
Bifidobacterium_bifidum_PRL2010_AND_Prevotella_ruminicola_23,1145,0.0610510779769288,0.0292193126763542,0.0318317653005746,739,0.0318507787398613,1.90134392866842e-05,0.0318317653005746,1185,0.0772107980927924,0.0453790327922178,0.0318317653005746,943,0.0453790327922162,0.0259249234955508,0.0194541092966655,1181,0.0474568964949251,0.0156251311943505,0.0318317653005746,944,0.036976975675719,0.0156251311943505,0.0213518444813686,1211,0.0415349205070341,0.00970315520645948,0.0318317653005746,943,0.0380251265992229,0.00619336129864832,0.0318317653005746,1268,6.72802626621454,6.70613024603517,0.0218960201793722,1068,6.72802626621454,6.70863376852548,0.0193924976890606,1125,133.300094632143,55.1865878030537,78.1135068290895,954,88.9157623479834,40.8791789293515,48.0365834186318
Bifidobacterium_bifidum_PRL2010_AND_Pseudoflavonifractor_capillosus_strain_ATCC_29799,711,0.0292193126763544,0.0292193126763544,0,726,0.0272311795557609,0.0259249234955508,0.00130625606021009,707,0.0453790328000601,0.0453790328000601,0,727,0.0315908898487763,0.0259249234955508,0.00566596635322551,695,0.0156251312024292,0.0156251312024292,0,449,0.0156251311943505,0.0156251311943505,0,645,0.00970315520645966,0.00970315520645966,0,452,0.00970315520973997,0.00970315520973997,0,779,6.72802626621454,6.72802626621454,0,587,6.72802626621454,6.72802626621454,0,848,94.5380813875343,60.2200522650831,34.3180291224511,719,65.6968060571198,54.583270515486,11.1135355416337
Bifidobacterium_bifidum_PRL2010_AND_Roseburia_intestinalis_L1_82,934,0.0912983881863915,0.0292193126763542,0.0620790755100373,720,0.0578832148760426,0.0259249234955508,0.0319582913804918,942,0.0849797052574463,0.0453790328000609,0.0396006724573854,721,0.0604031867252323,0.0259249234955508,0.0344782632296815,919,0.0330977076780619,0.0156251312024289,0.0174725764756331,449,0.0156251311943505,0.0156251311943505,0,925,0.0478684929403684,0.00970315520645948,0.0381653377339089,452,0.00970315520973962,0.00970315520973962,0,819,6.72802626621454,6.72802626621454,0,606,6.72802626621454,6.72802626621454,0,869,132.780022328785,74.4459654478966,58.334056880888,725,64.5542801808592,50.7858230052455,13.7684571756137
Bifidobacterium_bifidum_PRL2010_AND_Roseburia_inulinivorans_DSM_16841,963,0.0912983881808526,0.029219312667176,0.0620790755136766,717,0.0357030262713902,0.0259249234955508,0.00977810277583939,939,0.0849797052527125,0.045379032792217,0.0396006724604956,717,0.0357030262713902,0.0259249234955508,0.00977810277583939,930,0.0330977076731869,0.0156251311943507,0.0174725764788361,716,0.0254032339701896,0.0156251311943505,0.00977810277583911,943,0.0478684929410473,0.00970315520973979,0.0381653377313075,712,0.019481257985579,0.00970315520973962,0.00977810277583939,806,6.72802626621454,6.72802626621454,0,595,6.72802626621454,6.72802626621454,0,864,131.385462178351,74.4459654478965,56.939496730454,732,89.2627613146094,42.3587574174682,46.9040038971412
Bifidobacterium_bifidum_PRL2010_AND_Ruminococcus_bromii_L2_63,937,0.0912983881821519,0.0292193126693291,0.0620790755128229,734,0.0589220544992606,0.0259249234955508,0.0329971310037098,943,0.0849797052527121,0.0453790327922161,0.0396006724604959,735,0.0615239408217623,0.0259249234955508,0.0355990173262116,924,0.0330977076731869,0.0156251311943507,0.0174725764788361,731,0.0330977076731867,0.0156251311943505,0.0174725764788362,921,0.0478684929403684,0.00970315520645966,0.0381653377339088,741,0.0192417173802057,0.00970315520973962,0.00953856217046612,809,6.72802626621454,6.72802626621454,0,607,6.72802626621454,6.72802626621454,0,883,91.0343489615626,74.4459654478966,16.588383513666,740,71.3461209012852,54.6342569707653,16.7118639305199
Bifidobacterium_bifidum_PRL2010_AND_Ruminococcus_callidus_ATCC_2776001,1072,0.0902795960943758,0.0292193126693301,0.0610602834250457,864,0.0342978000554018,0.0214972206909393,0.0128005793644625,1064,0.0843298107199712,0.0453790327922161,0.0389507779277551,867,0.0342978000554018,0.0214972206909393,0.0128005793644625,1016,0.0328109617362883,0.0156251311943505,0.0171858305419378,852,0.0328109617362886,0.015625131194351,0.0171858305419376,1024,0.0472421539720537,0.00970315520645948,0.0375389987655942,865,0.0201191031759969,0.00970315520973962,0.0104159479662573,753,6.72802626621454,6.72802626621454,0,585,6.72802626621454,6.72802626621454,0,992,95.1165616395253,74.4459654478965,20.6705961916288,876,59.8733149339472,48.3723600518579,11.5009548820893
Bifidobacterium_bifidum_PRL2010_AND_Ruminococcus_torques_ATCC_27756,952,0.0912983881821522,0.0292193126693296,0.0620790755128226,724,0.057961397555324,0.0259249234955508,0.0320364740597733,945,0.0849797052574453,0.0453790328000592,0.0396006724573861,727,0.0604875342569627,0.0259249234955508,0.034562610761412,939,0.0330977076780621,0.0156251312024292,0.0174725764756329,449,0.0156251311943505,0.0156251311943505,0,936,0.0478684929403684,0.00970315520645966,0.0381653377339088,452,0.00970315520973962,0.00970315520973962,0,825,6.72802626621454,6.72802626621454,0,599,6.72802626621454,6.72802626621454,0,870,108.631725303847,74.4459654478967,34.1857598559502,738,65.974843690067,29.4781520666877,36.4966916233793
Bifidobacterium_bifidum_PRL2010_AND_Shigella_flexneri_2002017,1359,0.185783282412536,0.0292193126693301,0.156563969743205,521,0.185783282412536,0,0.185783282412536,1390,0.118276254762211,0.0453790328000609,0.0728972219621503,960,0.072909440902761,0.0259249234955508,0.0469845174072103,1354,0.0596911214264911,0.0156251312024295,0.0440659902240617,946,0.0596911214264911,0.0156251311943505,0.0440659902321407,1348,0.0602556012831053,0.00970315520973962,0.0505524460733657,949,0.0602556012831053,0.00970315520973962,0.0505524460733657,1474,8.41003283276818,6.72802626621454,1.68200656655364,589,6.72802626621454,6.72802626621454,0,1301,163.800105486062,51.6039818150127,112.19612367105,990,85.2962163797466,19.7672399185149,65.5289764612317
Bifidobacterium_bifidum_PRL2010_AND_Streptococcus_salivarius_JIM8777,711,0.0292193126693291,0.0292193126693291,0,841,0.026912043616518,0.0254368911094917,0.00147515250702628,710,0.0453790327922161,0.0453790327922161,0,835,0.0277350949328362,0.0164544429709986,0.0112806519618376,719,0.0156251312024292,0.0156251312024292,0,449,0.0156251311943505,0.0156251311943505,0,702,0.00970315520973975,0.00970315520973975,0,452,0.00970315520973962,0.00970315520973962,0,815,6.72802626621454,6.72802626621454,0,598,6.72802626621454,6.72802626621454,0,1033,104.322686456046,74.4459654478966,29.876721008149,875,85.0552294054217,55.8344740859224,29.2207553194993
Bifidobacterium_bifidum_PRL2010_AND_Subdoligranulum_variabile_DSM_15176,721,0.0292193126763552,0.0292193126763552,0,709,0.0272311795557609,0.0259249234955508,0.00130625606021013,717,0.0453790328000592,0.0453790328000592,0,711,0.028770132732238,0.0259249234955508,0.00284520923668721,710,0.0156251312024289,0.0156251312024289,0,449,0.0156251311943505,0.0156251311943505,0,729,0.00970315520645966,0.00970315520645966,0,452,0.00970315520973962,0.00970315520973962,0,809,6.72802626621454,6.72802626621454,0,606,6.72802626621454,6.72802626621454,0,871,120.801004681219,74.4459654478964,46.355039233323,723,77.901075234427,36.8203860360377,41.0806891983893
Bifidobacterium_bifidum_PRL2010_AND_Veillonella_atypica_ACS_049_V_Sch6,790,0.0292193126763552,0.0292193126763552,0,965,0.0272668450843314,0.0259249234955508,0.00134192158878061,811,0.0453790328367747,0.0453790328367747,0,957,0.0277350949328362,0.0164544429709986,0.0112806519618376,784,0.0156251312024289,0.0156251312024289,0,449,0.0156251311943505,0.0156251311943505,0,765,0.00970315520645966,0.00970315520645966,0,452,0.00970315520973962,0.00970315520973962,0,882,6.72802626621454,6.72802626621454,0,584,6.72802626621454,6.72802626621454,0,1164,126.488448181552,74.4459654478965,52.0424827336554,992,75.9439168145111,49.5503491953255,26.3935676191856
Bifidobacterium_longum_NCC2705_AND_Bilophila_wadsworthia_3_1_6,833,0.0514352315773329,0.0509868725062585,0.000448359071074398,650,0.0193143637128242,0.0188667569252318,0.00044760678759239,819,0.0540159693027683,0.0535676102317017,0.000448359071066579,649,0.0193143637128242,0.0188667569252318,0.000447606787592391,792,0.0236680868564973,0.0232197277854528,0.000448359071044457,640,0.00833133978542271,0.0078837329978303,0.000447606787592411,824,0.0249026981790564,0.0244543391082022,0.000448359070854198,642,0.0231538638781351,0.0227062570905427,0.000447606787592401,828,0.0333142806623372,0.0288306899512932,0.00448359071104396,289,0.0187378204167291,0.0187378204167291,0,791,88.7331244754304,66.9903512753327,21.7427732000977,640,64.2010896761807,52.7099384360441,11.4911512401366
Bifidobacterium_longum_NCC2705_AND_Blautia_wexlerae_DSM_19850,713,0.0555282273618894,0,0.0555282273618894,730,0.0301430309792116,0.0152589423081464,0.0148840886710652,901,0.0569116576944445,0.016023192958457,0.0408884647359875,728,0.0301430309792116,0.0152589423081464,0.0148840886710652,497,0.0236680868564973,0.0236680868564973,0,723,0.0233771842164761,0.00594222583595782,0.0174349583805183,682,0.0266324650879279,0,0.0266324650879279,462,0.0266324650878624,0,0.0266324650878624,725,0.03139861356339,0,0.03139861356339,721,0.018934305372461,0.0122807462877524,0.00665355908470864,867,97.0831944703872,58.7924755273647,38.2907189430225,755,66.8172003528918,49.8434894363137,16.9737109165782
Bifidobacterium_longum_NCC2705_AND_Citrobacter_amalonaticus_Y19,948,0.185783282412536,0,0.185783282412536,516,0.185783282412536,0,0.185783282412536,941,0.142575328749595,0,0.142575328749595,516,0.142575328749595,0,0.142575328749595,917,0.0596911214264911,0,0.0596911214264911,518,0.0596911214264911,0,0.0596911214264911,944,0.0771064166408938,0,0.0771064166408938,517,0.0771064166408938,0,0.0771064166408938,998,8.97070168828606,0,8.97070168828606,528,4.48535084414303,0,4.48535084414303,1053,184.711231471025,59.7773702858819,124.933861185144,827,126.359102370939,23.1822589102797,103.176843460659
Bifidobacterium_longum_NCC2705_AND_Clostridium_clostridioforme_CM201,954,0.0555678412360642,0.0441722467324205,0.0113955945036436,708,0.0302623514288754,0.0188667569252318,0.0113955945036436,963,0.0574787556024966,0.0505787360172561,0.00690001958524053,712,0.0321079619558252,0.0144100420040513,0.017697919951774,619,0.0236680868564973,0.0236680868564973,0,694,0.0135998913888785,0.00750605676750647,0.00609383462137198,922,0.0279012469884664,0.0241169956821437,0.0037842513063227,714,0.0247906159825973,0.0210063646749963,0.00378425130760096,728,0.0193080012357121,0,0.0193080012357121,456,0.0193080012357121,0,0.0193080012357121,905,117.195705443495,52.6274441359134,64.5682613075813,748,94.5901060977834,51.5445985593958,43.0455075383875
Bifidobacterium_longum_NCC2705_AND_Collinsella_tanakaei_YIT_12063,903,0.0525881853743058,0.0411925908679245,0.0113955945063813,716,0.0296192126942848,0.0188667569252318,0.010752455769053,918,0.0553663520553829,0.0425657726909204,0.0128005793644625,713,0.0296730080977617,0.0188667569252318,0.0108062511725299,548,0.0236680868564973,0.0236680868564973,0,703,0.0133423832783249,0.00724854865695287,0.00609383462137198,919,0.0249861034081602,0.0212018521005592,0.00378425130760096,718,0.0247906159825973,0.0210063646749963,0.00378425130760096,752,0.0335443541550311,0,0.0335443541550311,714,0.0214405771715877,0.0187378204167291,0.00270275675485861,894,114.733520640602,62.474136021698,52.2593846189038,753,91.9036727659103,45.2451221912293,46.658550574681
Bifidobacterium_longum_NCC2705_AND_Coprococcus_catus_GD_7,890,0.0525596731095641,0.0411640786025794,0.0113955945069847,706,0.0302623514288754,0.0188667569252318,0.0113955945036436,903,0.0560102470929013,0.0383123271377862,0.0176979199551151,712,0.0347618654853261,0.0188667569252318,0.0158951085600943,559,0.0236680868564973,0.0236680868564973,0,696,0.0133405341847859,0.00724669956341396,0.00609383462137198,893,0.0249766350472415,0.0211923837396405,0.00378425130760096,703,0.0247906159825973,0.0210063646749963,0.00378425130760096,716,0.0334469861943472,0,0.0334469861943472,711,0.0321945833119804,0.00782177686456068,0.0243728064474197,889,113.553468954564,65.0281534325236,48.5253155220405,752,82.961584774875,52.1714626695202,30.7901221053548
Bifidobacterium_longum_NCC2705_AND_Desulfovibrio_desulfuricans_subsp_desulfuricans_DSM_642,794,0.0853453615846468,0,0.0853453615846468,496,0.085345361582114,0,0.085345361582114,794,0.0894339866717749,0,0.0894339866717749,500,0.0894339866702851,0,0.0894339866702851,794,0.0596911214264911,0,0.0596911214264911,496,0.0596911214264911,0,0.0596911214264911,794,0.0433102564113075,0,0.0433102564113075,497,0.0433102564111061,0,0.0433102564111061,819,0.0913520820699266,0,0.0913520820699266,501,0.0913520820692475,0,0.0913520820692475,935,121.143792827505,55.5051282569092,65.6386645705962,783,63.309498324378,52.0141474907812,11.2953508335969
Bifidobacterium_longum_NCC2705_AND_Desulfovibrio_piger_ATCC_29098,841,0.0510924964379676,0.0498644648183862,0.00122803161958144,645,0.0200947885447864,0.0188667569252318,0.00122803161955463,849,0.0536732341628443,0.0524452025432517,0.00122803161959261,645,0.0200947885447864,0.0188667569252318,0.00122803161955463,811,0.0236680868564973,0.0224400552361491,0.00122803162034813,636,0.00897564392457283,0.00774761230501821,0.00122803161955462,850,0.024559963039016,0.0233319314194346,0.00122803161958143,635,0.0235440762941162,0.0223160446745615,0.00122803161955463,814,0.0307315563135184,0.00863122387062734,0.022100332442891,345,0.0221199787648204,0.0221199787648204,0,809,88.3435632017467,57.6676100094957,30.675953192251,649,68.9624048706638,49.7716665973012,19.1907382733626
Bifidobacterium_longum_NCC2705_AND_Dialister_invisus_DSM_15470,527,0.0509868725057461,0.0509868725057461,0,296,0.0188667569252318,0.0188667569252318,0,529,0.0535676102302377,0.0535676102302377,0,349,0.0188667569252318,0.0188667569252318,0,894,0.0330977076781561,0.0174725764755712,0.0156251312025849,289,0.0078837329978303,0.0078837329978303,0,541,0.0244543391068251,0.0244543391068251,0,341,0.0229300604843388,0.0229300604843388,0,889,0.0197244438503685,0.0187378204167291,0.00098662343363933,766,0.0192904294940976,0.0187378204167291,0.000552609077368522,868,67.4633825675452,64.0722047727798,3.39117779476542,743,55.9813616303499,53.7309846493084,2.2503769810415
Bifidobacterium_longum_NCC2705_AND_Dorea_longicatena_DSM_13814,730,0.0538020569538591,0.0509868725064649,0.00281518444739423,577,0.0304524871581024,0.0188667569252318,0.0115857302328706,766,0.0563827946791144,0.0535676102318737,0.00281518444724063,578,0.0216819413725133,0.0188667569252318,0.00281518444728153,517,0.0236680868564973,0.0236680868564973,0,570,0.0106989174451118,0.0078837329978303,0.00281518444728153,747,0.0272695235560755,0.0244543391081622,0.0028151844479133,568,0.0248537562936814,0.0210063646749963,0.0038473916186851,501,0.0187378204167291,0,0.0187378204167291,582,0.0187378204167291,0.0103369628571894,0.00840085755953968,719,95.4170280679159,58.6671020667827,36.7499260011332,575,65.8385454620826,39.5739529792799,26.2645924828027
Bifidobacterium_longum_NCC2705_AND_Enterobacter_cloacae_EcWSU1,926,0.185783282412536,0,0.185783282412536,518,0.185783282412536,0,0.185783282412536,946,0.106931496562196,0,0.106931496562196,805,0.0723325052063298,0.0188667569252318,0.053465748281098,938,0.0596911214264911,0,0.0596911214264911,529,0.0596911214264911,0,0.0596911214264911,924,0.0578298124806704,0,0.0578298124806704,530,0.0578298124806704,0,0.0578298124806704,1000,6.72802626621454,0,6.72802626621454,534,6.72802626621454,0,6.72802626621454,1068,195.7043285416,45.2064377131031,150.497890828497,842,150.057364922202,23.1822589102797,126.875106011922
Bifidobacterium_longum_NCC2705_AND_Enterococcus_faecium_TX1330,509,0.0509868725066124,0.0509868725066124,0,543,0.0304524871581024,0.0188667569252318,0.0115857302328706,512,0.053567610232086,0.053567610232086,0,548,0.0368599670362647,0.0188667569252318,0.0179932101110329,707,0.0236680868564973,0.0174725764788361,0.00619551037766119,536,0.013311638669616,0.00711612829195479,0.00619551037766119,495,0.02445433910827,0.02445433910827,0,536,0.0229300604843388,0.0190826688656538,0.0038473916186851,522,0.0187378204167291,0.0187378204167291,0,301,0.0187378204167291,0.0187378204167291,0,685,104.886183020881,51.9080235528343,52.9781594680465,556,65.8757608043406,48.9785454235269,16.8972153808136
Bifidobacterium_longum_NCC2705_AND_Escherichia_coli_str_K_12_substr_MG1655,949,0.0736648057456932,0,0.0736648057456932,621,0.0736648057456932,0.0188667569252318,0.0547980488204614,912,0.0575938825715284,0,0.0575938825715284,343,0.0575938825715284,0,0.0575938825715284,925,0.0236680868564973,0,0.0236680868564973,665,0.0140792433754915,0.00788373299783029,0.00619551037766116,933,0.0458601209686777,0,0.0458601209686777,346,0.0458601209686777,0,0.0458601209686777,975,5.33545044006795,0,5.33545044006795,684,0.31102266953929,0.0187378204167291,0.292284849122561,1039,189.832540661425,67.1138895887642,122.71865107266,701,121.095719505316,31.5107718185693,89.5849476867465
Bifidobacterium_longum_NCC2705_AND_Eubacterium_rectale_M104_1,714,0.0538089440127746,0.0509868725054601,0.00282207150731452,549,0.0188667569252318,0.0160446854181843,0.00282207150704751,716,0.0563896817387086,0.0535676102313941,0.0028220715073145,549,0.0188667569252318,0.0160446854181843,0.00282207150704751,566,0.0236680868564973,0,0.0236680868564973,541,0.0107058045048778,0.0078837329978303,0.00282207150704754,710,0.0272764106149883,0.0244543391077133,0.00282207150727496,544,0.0243410962378626,0.0215190247308151,0.00282207150704758,532,0.0187378204167291,0,0.0187378204167291,289,0.0187378204167291,0.0187378204167291,0,682,115.979654299187,55.6256369610565,60.3540173381308,548,77.2038495753333,40.1979833118645,37.0058662634688
Bifidobacterium_longum_NCC2705_AND_Faecalibacterium_prausnitzii_L2_6,747,0.0625726027390121,0.0509868725061416,0.0115857302328705,548,0.0267662748028841,0.0188667569252318,0.00789951787765226,744,0.0575938825715284,0.0396006724604956,0.0179932101110328,551,0.0368599670362646,0.0188667569252318,0.0179932101110328,738,0.0236680868564973,0.0174725764610752,0.00619551039542203,542,0.0119070771331352,0.00771239996058594,0.00419467717254921,702,0.0283017307275396,0.0244543391088545,0.00384739161868509,544,0.0248537562936814,0.0210063646749963,0.00384739161868509,546,0.0187378204167291,0,0.0187378204167291,292,0.0187378204167291,0.0187378204167291,0,709,118.533237605364,59.6379924850701,58.8952451202936,557,87.350866488752,50.0514809530557,37.2993855356963
Bifidobacterium_longum_NCC2705_AND_Fusobacterium_varium_ATCC_27725,930,0.0625726027430496,0.0509868725073935,0.0115857302356561,651,0.0267662748028841,0.0188667569252318,0.00789951787765226,937,0.0575938825715284,0.0521367253816103,0.00545715718991815,659,0.0243519657743393,0.0188667569252318,0.00548520884910755,880,0.0236680868564973,0.0188667569252318,0.00480132993126548,652,0.0132759138905704,0.00708040351290925,0.00619551037766116,905,0.0283017307180304,0.0244543391079248,0.00384739161010564,288,0.0229300604843388,0.0229300604843388,0,921,0.0906391035100858,0.0288306899512145,0.0618084135588713,661,0.0187378204167291,0.000516246072705801,0.0182215743440233,845,115.734202908946,49.7774149562197,65.9567879527265,690,83.0897619723249,41.5663073900873,41.5234545822375
Bifidobacterium_longum_NCC2705_AND_Haemophilus_parainfluenzae_T3T1,1026,0.0647709274197464,0.0355516147433922,0.0292193126763542,829,0.0234655008794929,0.0188667569252318,0.00459874395426114,1001,0.073380447665481,0.0280014148654185,0.0453790328000625,794,0.0476969887895608,0.00231795599734305,0.0453790327922178,1012,0.0330977076780619,0.0174725764756331,0.0156251312024289,820,0.011042082820534,0.0078837329978303,0.00315834982270367,984,0.0309574096892741,0.0212542544828153,0.00970315520645879,823,0.0309574096912008,0.0212542544814612,0.00970315520973962,1040,0.0440722346850712,0.0187378204167291,0.0253344142683421,847,0.0363086399011613,0.0187378204167291,0.0175708194844322,967,148.186230519348,51.3421859921026,96.8440445272459,829,102.964052794431,28.8277515479969,74.1363012464344
Bifidobacterium_longum_NCC2705_AND_Helicobacter_pylori_26695,650,0.0557849810556066,2.45225899820008e-12,0.0557849810531543,382,0.0557849810554145,0,0.0557849810554145,834,0.0575938825715284,0.010782618527427,0.0468112640441015,377,0.0575938825715284,0,0.0575938825715284,501,0.0236680868564973,0.0236680868564973,0,648,0.0133925044092443,0.00719699403158316,0.00619551037766115,654,0.0267556093709386,-1.55854807643957e-12,0.0267556093724972,648,0.0229300604843389,0.0190826688656539,0.00384739161868499,815,0.0306954946207032,0.00901443172827593,0.0216810628924272,637,0.0221199787648204,0.0187378204167291,0.00338215834809126,788,100.423552787933,56.4273597714058,43.9961930165272,658,63.4288062158276,38.2548024810673,25.1740037347604
Bifidobacterium_longum_NCC2705_AND_Klebsiella_pneumoniae_pneumoniae_MGH78578,822,0.0736648057456932,0,0.0736648057456932,624,0.0736648057456932,0.0188667569252318,0.0547980488204614,821,0.0575938825715284,0,0.0575938825715284,353,0.0575938825715284,0,0.0575938825715284,791,0.0236680868564973,0,0.0236680868564973,400,0.0236680868564973,0,0.0236680868564973,791,0.0458601209686777,0,0.0458601209686777,354,0.0458601209686777,0,0.0458601209686777,881,5.33545044006795,0,5.33545044006795,636,2.66772522003398,0.0187378204167291,2.64898739961725,936,154.162857350785,55.7077663909514,98.4550909598333,668,102.467539863558,32.9997945707759,69.467745292782
Bifidobacterium_longum_NCC2705_AND_Lactobacillus_mucosae_LM1,868,0.0519189041600774,0.040523309653694,0.0113955945063834,655,0.0193804600305368,0.0188667569252318,0.000513703105304972,857,0.0546145538655713,0.0418139745011088,0.0128005793644625,656,0.0193804600305368,0.0188667569252318,0.000513703105304971,513,0.0236680868564973,0.0236680868564973,0,685,0.00845831761954469,0.0078117313200589,0.000646586299485783,847,0.0247638483672894,0.0209795970609677,0.00378425130632169,692,0.0240846411575414,0.0229300604843388,0.00115458067320255,720,0.0313987555278068,0,0.0313987555278068,697,0.020117112500073,0.0187378204167291,0.00137929208334384,844,96.465142632459,55.1272783425525,41.3378642899066,719,78.6708844529886,52.0274422769154,26.6434421760732
Bifidobacterium_longum_NCC2705_AND_Lactobacillus_reuteri_SD2112_ATCC_55730,539,0.0509868725064551,0.0509868725064551,0,527,0.0188667569252318,0.00728102669236126,0.0115857302328705,544,0.0535676102308833,0.0535676102308833,0,527,0.0188667569252318,0.0173203611396167,0.00154639578561505,526,0.0236680868564973,0.0236680868564973,0,522,0.00945414786333275,0.00766164773809513,0.00179250012523763,527,0.0244543391096619,0.0244543391096619,0,288,0.0229300604843388,0.0229300604843388,0,721,0.0286171537189533,0.0187378204167291,0.0098793333022242,535,0.0221199787648204,0.0187378204167291,0.00338215834809126,682,109.589398518283,50.1109991183931,59.4783993998897,542,87.4353753199597,37.8948890337431,49.5404862862166
Bifidobacterium_longum_NCC2705_AND_Megasphaera_elsdenii_DSM_20460,1029,0.0912983881821519,0.0620790755128228,0.0292193126693291,810,0.0364144071887936,0.0135330900177255,0.0228813171710681,1020,0.0849797052574453,0.0396006724573861,0.0453790328000592,757,0.0482023662694898,0.00282333347727204,0.0453790327922178,976,0.033097707673187,0.017472576478836,0.015625131194351,775,0.0200084257610169,0.00438329456666589,0.015625131194351,1021,0.0517158845577498,0.0420127293512952,0.00970315520645461,775,0.0280328282330182,0.0183296730232782,0.00970315520973997,1125,9.39575148624789,2.66772522003398,6.72802626621391,786,6.74676408663115,0.0187378204167291,6.72802626621442,927,126.921736164812,66.4024302893766,60.5193058754352,789,86.8845975021862,31.715519238085,55.1690782641012
Bifidobacterium_longum_NCC2705_AND_Parabacteroides_distasonis_ATCC_8503,1048,0.0828186378069522,0.0509868725063775,0.0318317653005746,816,0.0506985222258064,0.0188667569252318,0.0318317653005746,1059,0.0768040557839491,0.0449722904833745,0.0318317653005746,815,0.0447811458633792,0.0129493805628046,0.0318317653005746,1022,0.042878260068918,0.0110464947683433,0.0318317653005746,801,0.0372787571746596,0.00544699187408496,0.0318317653005746,1063,0.0562861044081476,0.024454339107573,0.0318317653005746,541,0.0318317653005746,0,0.0318317653005746,850,0.0218960201793722,0,0.0218960201793722,833,0.0211593779908685,0.00437054970456221,0.0167888282863063,1001,125.57382471843,60.6891978411645,64.8846268772653,854,99.2219373847866,52.9299544420673,46.2919829427193
Bifidobacterium_longum_NCC2705_AND_Parabacteroides_johnsonii_DSM_18315,897,0.0736648057456932,0.0509868725063147,0.0226779332393785,666,0.0507039704508007,0.0188667569252318,0.031837213525569,883,0.0575938825715284,0.0535676102323935,0.00402627233913491,660,0.0507039704508008,0.0188667569252318,0.031837213525569,679,0.0236680868564973,0,0.0236680868564973,381,0.0236680868564973,0,0.0236680868564973,889,0.0458601209686777,0.0244543391080441,0.0214057818606336,651,0.035841011266673,0.0100191097020047,0.0258219015646684,566,0.0187378204167291,0.0187378204167291,0,411,0.0187378204167291,0,0.0187378204167291,856,116.442622782758,64.2401643556835,52.2024584270748,686,64.2593348085746,31.9975036141147,32.2618311944599
Bifidobacterium_longum_NCC2705_AND_Phascolarctobacterium_succinatutens_YIT_12067,665,0.0561250673642083,0,0.0561250673642083,661,0.0201840588619237,0.0188667569252318,0.00131730193669186,845,0.0575938825715284,0.0136144671226233,0.0439794154489051,661,0.0202089960405949,0.0188667569252318,0.00134223911536306,635,0.0236680868564973,0,0.0236680868564973,656,0.00995517425411093,0.00762725976925832,0.00232791448485262,635,0.0269187216695352,0,0.0269187216695352,656,0.0234427463880289,0.0224173745806488,0.00102537180738005,483,0.0187378204167291,0.0187378204167291,0,292,0.0187378204167291,0.0187378204167291,0,785,77.6262556224946,64.8360316904635,12.7902239320312,659,56.0049105399281,53.7309846493084,2.27392589061963
Bifidobacterium_longum_NCC2705_AND_Prevotella_ruminicola_23,984,0.0627260500101907,0.0308942847096161,0.0318317653005746,696,0.0318456022531657,1.38369525910496e-05,0.0318317653005746,977,0.0653067877351141,0.0334750224345394,0.0318317653005746,789,0.0478457317658426,0.016013966465268,0.0318317653005746,1002,0.042878260068918,0.0110464947683433,0.0318317653005746,783,0.0372787571746595,0.00544699187408485,0.0318317653005746,956,0.0361935166100972,0.00436175130952261,0.0318317653005746,532,0.0318317653005746,0,0.0318317653005746,810,0.0218960201793722,0,0.0218960201793722,770,0.0203558463785661,0.00913795904597976,0.0112178873325864,933,133.696575606425,55.8217176304255,77.8748579759999,788,78.5466871871004,30.5101037684686,48.0365834186319
Bifidobacterium_longum_NCC2705_AND_Pseudoflavonifractor_capillosus_strain_ATCC_29799,714,0.0625726027424408,0.0509868725067847,0.0115857302356561,562,0.0245327232784572,0.0188667569252318,0.00566596635322545,723,0.0575938825715284,0.0396006724573857,0.0179932101141427,563,0.0245327232784573,0.0188667569252318,0.00566596635322546,723,0.0236680868564973,0.0174725764827915,0.00619551037370574,554,0.0128551296345166,0.00718916328129118,0.0056659663532254,690,0.0283017307263198,0.0244543391076348,0.00384739161868509,547,0.0244220897349948,0.0214380312336829,0.00298405850131185,520,0.0187378204167291,0,0.0187378204167291,306,0.0187378204167291,0,0.0187378204167291,677,91.6442118511657,57.3261827287146,34.3180291224511,555,72.8713426505809,53.4206670741562,19.4506755764247
Bifidobacterium_longum_NCC2705_AND_Roseburia_intestinalis_L1_82,511,0.0509868725071382,0.0509868725071382,0,555,0.0502305744340785,0.0188667569252318,0.0313638175088467,519,0.0535676102320866,0.0535676102320866,0,559,0.0527505462832671,0.0188667569252318,0.0338837893580353,515,0.0236680868564983,0.0236680868564983,0,555,0.0133097608034992,0.00711425042583805,0.00619551037766117,519,0.0244543391066575,0.0244543391066575,0,560,0.0243842092575861,0.0214759117110916,0.00290829754649443,754,0.0285930439279685,0.0187378204167291,0.00985522351123939,555,0.0285930439267829,0.0187378204167291,0.00985522351005383,703,105.728383933436,65.0487013555837,40.6796825778522,294,53.7309846493084,53.7309846493084,0
Bifidobacterium_longum_NCC2705_AND_Roseburia_inulinivorans_DSM_16841,550,0.0509868725034137,0,0.0509868725034137,554,0.0286448597010709,0.0188667569252318,0.00977810277583908,740,0.0535676102315942,0.0405959089715935,0.0129717012600007,554,0.0286448597010709,0.0188667569252318,0.00977810277583908,707,0.0236680868564973,0.0194430972384116,0.00422498961808573,549,0.0164759902575608,0.00669788748172159,0.00977810277583924,507,0.0244543391079434,0.0244543391079434,0,536,0.0244543391079074,0.0146762363320684,0.00977810277583908,540,0.0288306899508613,0,0.0288306899508613,568,0.0288306899511621,0.00590722090879624,0.0229234690423659,694,121.12734933516,62.6981577166389,58.4291916185209,569,87.2609348603239,46.1394624334231,41.1214724269008
Bifidobacterium_longum_NCC2705_AND_Ruminococcus_bromii_L2_63,512,0.0514046990896615,0,0.0514046990896615,296,0.0514046990892578,0,0.0514046990892578,517,0.054006585413409,0,0.054006585413409,301,0.0540065854117581,0,0.0540065854117581,492,0.0236680868565061,0.0236680868565061,0,567,0.0236680868564973,0.00572541074782263,0.0179426761086746,552,0.0246547372192211,0,0.0246547372192211,569,0.0245744801930755,0.009793667815978,0.0147808123770975,530,0.02906695132745,0,0.02906695132745,586,0.0235147411970851,0.0187378204167291,0.00477692078035595,705,83.0318388111397,66.4434552974736,16.5883835136662,571,55.3361326409609,51.6621072341903,3.67402540677057
Bifidobacterium_longum_NCC2705_AND_Ruminococcus_callidus_ATCC_2776001,665,0.059913797854964,0,0.059913797854964,707,0.0284450937027062,0.0156445143382437,0.0128005793644625,847,0.0571884144315653,0.0328870875533772,0.0243013268781881,706,0.0284450937027062,0.0156445143382437,0.0128005793644625,467,0.0236680868564973,0.0236680868564973,0,697,0.0233797799877628,0.00610039655955934,0.0172793834282035,659,0.0287358737253299,0,0.0287358737253299,697,0.0260062752772201,0.0155903273109631,0.010415947966257,669,0.0338784484092912,0,0.0338784484092912,444,0.0338784484093447,0,0.0338784484093447,839,89.31506750916,57.3779364367646,31.9371310723954,721,56.9175031573813,39.881898829443,17.0356043279384
Bifidobacterium_longum_NCC2705_AND_Ruminococcus_torques_ATCC_27756,564,0.0509868725061436,0.0509868725061436,0,561,0.0503073027940579,0.0188667569252318,0.0314405458688261,549,0.0535676102324129,0.0535676102324129,0,566,0.0528334394956956,0.0188667569252318,0.0339666825704638,533,0.0236680868564973,0,0.0236680868564973,573,0.013311638669616,0.00711612829195479,0.00619551037766117,530,0.0244543391082791,0.0244543391082791,0,567,0.0243911766978968,0.0214689442707809,0.00292223242711588,568,0.0187378204167291,0,0.0187378204167291,292,0.0187378204167291,0.0187378204167291,0,695,94.6730836976598,56.3928189817948,38.280264715865,577,72.8711412348704,51.1044535109649,21.7666877239055
Bifidobacterium_longum_NCC2705_AND_Shigella_flexneri_2002017,971,0.185783282412536,0,0.185783282412536,521,0.185783282412536,0,0.185783282412536,1004,0.106931496562196,0,0.106931496562196,809,0.0723325052063298,0.0188667569252318,0.053465748281098,1001,0.0596911214264911,0,0.0596911214264911,529,0.0596911214264911,0,0.0596911214264911,988,0.0578298124806704,0,0.0578298124806704,533,0.0578298124806704,0,0.0578298124806704,1039,6.72802626621454,0,6.72802626621454,533,6.72802626621454,0,6.72802626621454,1124,166.664809131006,54.3811451671793,112.283663963827,830,82.2935455627786,12.809590960599,69.4839546021796
Bifidobacterium_longum_NCC2705_AND_Streptococcus_salivarius_JIM8777,871,0.0525881065244408,0.0411925120180574,0.0113955945063834,677,0.0275187028805694,0.0161231083769258,0.0113955945036436,877,0.0560544055857174,0.0383564856308846,0.0176979199548328,673,0.0307129816659819,0.0151101595677536,0.0156028220982283,518,0.0236680868564973,0.0236680868564973,0,663,0.0133423781646812,0.00724854354330923,0.00609383462137198,871,0.0249860772242456,0.0212018259179239,0.0037842513063217,682,0.0247906159825973,0.0210063646749963,0.00378425130760096,675,0.0193080012357121,0,0.0193080012357121,690,0.0190933786431154,0.00705313027650192,0.0120402483666135,879,96.8085567488795,56.7748309269675,40.033725821912,713,82.1949395276089,53.7309846493084,28.4639548783005
Bifidobacterium_longum_NCC2705_AND_Subdoligranulum_variabile_DSM_15176,757,0.0538320817428894,0.0509868725064764,0.00284520923641302,550,0.021711966161919,0.0188667569252318,0.00284520923668716,766,0.0564128194708553,0.0535676102344462,0.00284520923640903,551,0.021711966161919,0.0188667569252318,0.00284520923668725,565,0.0236680868564973,0.0236680868564973,0,539,0.0136675269543206,0.00747201657665938,0.00619551037766117,709,0.0272995483445387,0.0244543391075728,0.0028452092369659,542,0.0248537562936814,0.0210063646749963,0.00384739161868509,773,0.0571502452182979,0.0187378204167291,0.0384124248015687,552,0.0571502452184785,0.0187378204167291,0.0384124248017494,688,113.612463862341,63.6962695625636,49.9161942997777,564,75.3921934659697,48.2105075442332,27.1816859217365
Bifidobacterium_longum_NCC2705_AND_Veillonella_atypica_ACS_049_V_Sch6,1068,0.0546372169468256,0.053295295358045,0.00134192158878061,810,0.0202086785140124,0.0188667569252318,0.00134192158878061,1036,0.0575614684507302,0.0556187605845607,0.00194270786616944,802,0.0313649626525117,0.0188667569252318,0.0124982057272799,590,0.0236680868564973,0.0236680868564973,0,289,0.0078837329978303,0.0078837329978303,0,1043,0.0295011433977417,0.02571689209142,0.0037842513063217,790,0.0248047950841653,0.0209917043876294,0.00381309069653592,1049,0.116368362269328,0.0136931527496224,0.102675209519706,782,0.116368362266421,0.0136931527467156,0.102675209519706,1033,118.569719982975,67.3980325468978,51.1716874360774,840,77.0234646536998,50.9543559667114,26.0691086869884
Bilophila_wadsworthia_3_1_6_AND_Blautia_wexlerae_DSM_19850,785,0.0473453751174758,0,0.0473453751174758,815,0.0153316954586576,0.000447606787592408,0.0148840886710652,773,0.0473453751175343,0,0.0473453751175343,813,0.0153316954586576,0.000447606787592391,0.0148840886710652,954,0.0232870232734349,0.000448359071074401,0.0228386642023605,812,0.0232870109275606,0.000447606787592411,0.0228394041399682,956,0.0270808241591211,0.000448359071074398,0.0266324650880467,810,0.027080071875455,0.000447606787592377,0.0266324650878626,947,0.0358822042740144,0.00448359071107422,0.0313986135629402,810,0.011137149795518,0.00448359071080936,0.00665355908470864,937,65.8854064176871,26.4167722157911,39.468634201896,831,38.9973497908446,11.5410707722996,27.456279018545
Bilophila_wadsworthia_3_1_6_AND_Citrobacter_amalonaticus_Y19,891,0.185783282412536,0,0.185783282412536,516,0.185783282412536,0,0.185783282412536,880,0.142575328749595,0,0.142575328749595,516,0.142575328749595,0,0.142575328749595,909,0.0596911214264911,0,0.0596911214264911,513,0.0596911214264911,0,0.0596911214264911,872,0.0771064166408938,0,0.0771064166408938,512,0.0771064166408938,0,0.0771064166408938,991,8.97070168828606,0,8.97070168828606,883,4.4860652165647,0.00448359071080924,4.48158162585389,1125,155.358733787081,30.4248726019377,124.933861185144,906,112.358710499132,11.4911512401366,100.867559258995
Bilophila_wadsworthia_3_1_6_AND_Clostridium_clostridioforme_CM201,988,0.0114029526137775,0.000448359071603716,0.0109545935421737,790,0.0114029402678946,0.000447606787592405,0.0109553334803022,981,0.0177052780649602,0.000448359071220388,0.0172569189937398,797,0.0177052657160249,0.000447606787592404,0.0172576589284325,996,0.00610119273463981,0.000448359070590822,0.00565283366404899,783,0.00609601516022046,0.000132868950850924,0.00596314620936953,1000,0.00379160941334491,0.000448359070884735,0.00334325034246018,699,0.00379895948077187,1.4708173170912e-05,0.00378425130760096,796,0.0677568968199185,0,0.0677568968199185,456,0.0193080012357121,0,0.0193080012357121,977,86.3110345076791,21.7427732000977,64.5682613075813,820,56.7180880040325,20.0566762030041,36.6614118010284
Bilophila_wadsworthia_3_1_6_AND_Collinsella_tanakaei_YIT_12063,970,0.0114029526165162,0.000448359071540104,0.0109545935449761,795,0.0114029402678946,0.000447606787592424,0.0109553334803021,970,0.0132489384356425,0.000448359071179958,0.0128005793644625,794,0.0132481861520549,0.000447606787592399,0.0128005793644625,950,0.00610119273149072,0.000448359070679915,0.0056528336608108,789,0.00610118038562293,0.000447606787592417,0.00565357359803051,984,0.00379160941772097,0.000448359070760471,0.0033432503469605,800,0.00379159707185191,0.00044760678759241,0.0033439902842595,967,0.0380279448676799,0.00448359071096421,0.0335443541567157,807,0.0185772143790172,0.00448359071080901,0.0140936236682082,996,88.2815763586391,22.140052990748,66.1415233678911,827,64.2410727123525,13.2588952043576,50.9821775079949
Bilophila_wadsworthia_3_1_6_AND_Coprococcus_catus_GD_7,978,0.011402952615778,0.000448359071074398,0.0109545935447036,787,0.0114029402678946,0.000447606787592415,0.0109553334803022,946,0.0177052780652421,0.000448359071178724,0.0172569189940634,793,0.0163427153476869,0.000447606787592416,0.0158951085600945,930,0.00610119273150788,0.000448359071725891,0.00565283365978199,786,0.00610118038562294,0.000447606787592393,0.00565357359803054,954,0.00379160941571624,0.000448359071074398,0.00334325034464184,792,0.00379159707185191,0.000447606787592406,0.0033439902842595,942,0.0379305769034288,0.00448359071102533,0.0334469861924034,446,0.0243728064474197,0,0.0243728064474197,959,75.9700925210483,26.7459156016394,49.2241769194088,829,48.7752901283994,13.8322423563558,34.9430477720436
Bilophila_wadsworthia_3_1_6_AND_Desulfovibrio_desulfuricans_subsp_desulfuricans_DSM_642,766,0.0853453615823044,0,0.0853453615823044,496,0.0853453615821149,0,0.0853453615821149,746,0.0894339866741166,0,0.0894339866741166,500,0.089433986670284,0,0.089433986670284,776,0.0596911214264911,0,0.0596911214264911,496,0.0596911214264911,0,0.0596911214264911,720,0.0433102564120423,0,0.0433102564120423,497,0.0433102564111082,0,0.0433102564111082,777,0.0913520820693492,0,0.0913520820693492,501,0.0913520820692541,0,0.0913520820692541,1001,92.2456946754367,26.1916096787135,66.0540849967232,855,31.9960213846458,20.700670551049,11.2953508335969
Bilophila_wadsworthia_3_1_6_AND_Desulfovibrio_piger_ATCC_29098,888,0.00167639069030892,0.000448359070783332,0.00122803161952559,723,0.00167563840714704,0.000447606787592426,0.00122803161955462,894,0.00167639069080517,0.000448359071234899,0.00122803161957027,722,0.00167563840714701,0.00044760678759238,0.00122803161955463,889,0.00167639069024654,0.000448359070888495,0.00122803161935805,722,0.00167563840714704,0.000447606787592417,0.00122803161955462,888,0.0016763906904549,0.000448359070929309,0.00122803161952559,719,0.00167563840714703,0.000447606787592404,0.00122803161955462,887,0.026583923152205,0.00448359071080591,0.0221003324413991,723,0.0221199787648204,0.00448359071080903,0.0176363880540114,859,56.8828398130372,21.7427732000979,35.1400666129393,718,45.6295714422616,11.4911512401366,34.138420202125
Bilophila_wadsworthia_3_1_6_AND_Dialister_invisus_DSM_15470,942,0.00134413135006086,0.000448359071110288,0.000895772278950571,430,0.000447606787592393,0.000447606787592393,0,942,0.0148449029591697,0.000448359071080922,0.0143965438880888,429,0.000447606787592402,0.000447606787592402,0,734,0.0156251311932508,0,0.0156251311932508,376,0.000447606787592429,0.000447606787592429,0,972,0.0070479819737691,0.00044835907102575,0.00659962290274335,429,0.000447606787592393,0.000447606787592393,0,953,0.00547021414505383,0.00448359071079908,0.000986623434254748,753,0.0047532815035766,0.00448359071080933,0.000269690792767268,943,38.5040877329536,32.6141598001464,5.88992793280716,820,23.7996493008757,21.7427732000977,2.05687610077806
Bilophila_wadsworthia_3_1_6_AND_Dorea_longicatena_DSM_13814,830,0.0115857302363482,0.000448359071074398,0.0111373711652738,659,0.0115857302328703,0.000447606787592382,0.0111381234452779,834,0.0179932101141428,0.000448359071955203,0.0175448510421876,302,0.00281518444728148,0,0.00281518444728148,803,0.00619551037601254,0.000448359071108476,0.00574715130490407,302,0.00281518444728154,0,0.00281518444728154,835,0.00384739161010564,0.000448359072460907,0.00339903253764473,655,0.00384739161868518,0.000356166567006131,0.00349122505167905,587,0.0563036889469139,0,0.0563036889469139,662,0.0115464895105541,0.00314563195101444,0.00840085755953968,789,73.1544284527456,21.7427732000976,51.411655252648,649,49.8668182725117,11.4911512401366,38.3756670323751
Bilophila_wadsworthia_3_1_6_AND_Enterobacter_cloacae_EcWSU1,934,0.185783282412536,0,0.185783282412536,518,0.185783282412536,0,0.185783282412536,932,0.106931496562196,0,0.106931496562196,882,0.0536311380133841,0.000447606787592434,0.0531835312257916,930,0.0596911214264911,0,0.0596911214264911,529,0.0596911214264911,0,0.0596911214264911,913,0.0578298124806704,0,0.0578298124806704,530,0.0578298124806704,0,0.0578298124806704,1044,6.72802626621454,0,6.72802626621454,534,6.72802626621454,0,6.72802626621454,1166,169.805229408684,19.3073385801877,150.497890828497,915,135.876978161388,11.4911512401366,124.385826921252
Bilophila_wadsworthia_3_1_6_AND_Enterococcus_faecium_TX1330,813,0.0115857302328705,0.000448359070533029,0.0111373711623375,632,0.0115857302328706,0.00044760678759237,0.0111381234452782,846,0.0179932101141427,0.000448359071081482,0.0175448510430612,634,0.0179932101110329,0.000447606787592381,0.0175456033234405,843,0.0061955103776612,0.000448359071294602,0.0057471513063666,629,0.00619551037766119,0.000447606787592381,0.00574790359006881,833,0.00384739161631145,0.000448359070744099,0.00339903254556735,629,0.0038473916186851,0.000447606787592377,0.00339978483109272,815,0.0327043057810699,0.00448359071135056,0.0282207150697194,586,0.0182215743440233,6.94234148663477e-05,0.018152150929157,780,80.1453069169319,21.7427732000979,58.402533716834,636,49.3163543784806,11.4911512401366,37.825203138344
Bilophila_wadsworthia_3_1_6_AND_Escherichia_coli_str_K_12_substr_MG1655,877,0.0736648057456932,0,0.0736648057456932,697,0.0736648057456932,0.000447606787592418,0.0732171989581008,876,0.0575938825715284,0,0.0575938825715284,343,0.0575938825715284,0,0.0575938825715284,873,0.0236680868564973,0,0.0236680868564973,706,0.00619551037766116,0.000101394223851565,0.0060941161538096,910,0.0458601209686777,0,0.0458601209686777,341,0.0458601209686777,0,0.0458601209686777,1005,5.33545044006795,0,5.33545044006795,772,0.29676843983337,0.00448359071080919,0.292284849122561,1124,155.0960090386,32.3773579659401,122.71865107266,784,113.394298947889,12.2557879892296,101.138510958659
Bilophila_wadsworthia_3_1_6_AND_Eubacterium_rectale_M104_1,677,0.0387775407521157,0,0.0387775407521157,287,0.00282207150704756,0,0.00282207150704756,635,0.0387775407532946,0,0.0387775407532946,287,0.00282207150704756,0,0.00282207150704756,816,0.0236680868564973,0.000448359072840888,0.0232197277836564,287,0.00282207150704756,0,0.00282207150704756,561,0.0267590267920615,0,0.0267590267920615,287,0.00282207150704759,0,0.00282207150704759,548,0.0564414301408232,0,0.0564414301408232,301,0.0187378204167291,0,0.0187378204167291,789,84.8646290837664,24.7247134999018,60.1399155838646,628,58.190939331943,11.4911512401366,46.6997880918064
Bilophila_wadsworthia_3_1_6_AND_Faecalibacterium_prausnitzii_L2_6,795,0.0115857302328705,0.000448359071020636,0.0111373711618499,631,0.0115857302328705,0.000148037104405728,0.0114376931284648,497,0.0179932101110329,0,0.0179932101110329,633,0.0179932101110328,0.000447606787592373,0.0175456033234405,795,0.0061955103776612,0.0004483590705451,0.0057471513071161,627,0.00619551037766116,0.000274399739975887,0.00592111063768528,795,0.00384739161868508,0.000448359071180589,0.00339903254750449,627,0.00384739161868509,0.000447606787592353,0.00339978483109273,548,0.0618084135588713,0,0.0618084135588713,640,0.0187378204167291,0.00178334368194738,0.0169544767347817,771,81.2905807266413,21.7427732000977,59.5478075265436,635,58.5047925469171,18.8062541958881,39.698538351029
Bilophila_wadsworthia_3_1_6_AND_Fusobacterium_varium_ATCC_27725,940,0.0115857302356561,0.000448359070853745,0.0111373711648023,734,0.0115857302328705,0.000447606787592238,0.0111381234452783,960,0.0179932101110294,0.000448359070656314,0.0175448510403731,740,0.00593281563670004,0.00044760678759239,0.00548520884910765,971,0.00619551036283363,0.000448359070803218,0.00574715129203041,740,0.00619551037766116,0.000447606787592413,0.00574790359006875,971,0.00384739161868509,0.000448359071357947,0.00339903254732715,738,0.00384739161868505,0.000447606787592395,0.00339978483109265,982,0.0618084135588713,0.000437849079972591,0.0613705644788988,743,0.0182215743440233,0.00448359071080918,0.0137379836332141,946,85.9239826702928,20.9501957511917,64.973786919101,777,70.095620158151,17.1773624933613,52.9182576647897
Bilophila_wadsworthia_3_1_6_AND_Haemophilus_parainfluenzae_T3T1,777,0.0292193126763542,0,0.0292193126763542,562,0.00459874395426124,0,0.00459874395426124,772,0.0453790328000601,0,0.0453790328000601,535,0.0453790327922194,0,0.0453790327922194,772,0.0156251312024289,0,0.0156251312024289,559,0.00459874395426117,0,0.00459874395426117,767,0.00970315520645948,0,0.00970315520645948,556,0.00970315520973962,0,0.00970315520973962,867,0.0919748790853743,0,0.0919748790853743,581,0.0253344142683421,0,0.0253344142683421,1073,118.242566766241,22.3514244552311,95.8911423110098,911,83.672788571312,11.4911512401366,72.1816373311754
Bilophila_wadsworthia_3_1_6_AND_Helicobacter_pylori_26695,871,0.0562333401252318,0.000448359070964296,0.0557849810542675,742,0.0562325878430071,0.000447606787592421,0.0557849810554147,881,0.0575938825715284,0.000448359071271982,0.0571455235002564,377,0.0575938825715284,0,0.0575938825715284,605,0.0236680868564973,0,0.0236680868564973,742,0.00619551037766115,0.000447606787592396,0.00574790359006875,864,0.0272039684426076,0.000448359071062177,0.0267556093715455,742,0.00384739161868507,0.000447606787592396,0.00339978483109268,876,0.0360273864699192,0.004483590710744,0.0315437957591752,731,0.0182215743440233,0.00448359071080936,0.013737983633214,881,69.9026171863474,21.7427732000978,48.1598439862497,734,42.6825356879961,11.4911512401366,31.1913844478595
Bilophila_wadsworthia_3_1_6_AND_Klebsiella_pneumoniae_pneumoniae_MGH78578,794,0.0736648057456932,0,0.0736648057456932,348,0.0736648057456932,0,0.0736648057456932,789,0.0575938825715284,0,0.0575938825715284,353,0.0575938825715284,0,0.0575938825715284,782,0.0236680868564973,0,0.0236680868564973,401,0.0236680868564973,0,0.0236680868564973,776,0.0458601209686777,0,0.0458601209686777,354,0.0458601209686776,0,0.0458601209686776,939,5.33545044006795,0,5.33545044006795,366,2.66772522003398,0,2.66772522003398,1002,123.206838376295,21.7427732000979,101.464065176197,746,91.5309031317835,11.4911512401366,80.0397518916469
Bilophila_wadsworthia_3_1_6_AND_Lactobacillus_mucosae_LM1,910,0.0114029526137654,0.000448359070869155,0.0109545935428963,774,0.00122251062257474,0.00044760678759241,0.000774903834982326,910,0.0132489384355369,0.000448359071074398,0.0128005793644625,776,0.00122251062257474,0.000447606787592414,0.000774903834982326,924,0.0061011927314953,0.000448359070964295,0.005652833660531,773,0.00122251062257473,0.000447606787592403,0.000774903834982325,913,0.00379160941643434,0.000448359070310223,0.00334325034612411,778,0.00122251062257475,0.000447606787592419,0.000774903834982327,941,0.0358823462397665,0.00448359071105981,0.0313987555287067,779,0.00678983076453183,0.00448359071080912,0.00230624005372271,914,70.8097870490387,25.706351645075,45.1034354039637,795,47.8189903185805,20.7736470432118,27.0453432753687
Bilophila_wadsworthia_3_1_6_AND_Lactobacillus_reuteri_SD2112_ATCC_55730,788,0.0115857302328706,0.00044835907019359,0.011137371162677,620,0.0115857302328706,0.00044760678759241,0.0111381234452782,814,0.0179932099912754,0.000448359069876492,0.0175448509213989,270,0.00315319269589399,0,0.00315319269589399,777,0.00619551037766119,0.000448359070633992,0.0057471513070272,269,0.00315319269589399,0,0.00315319269589399,798,0.00384739161868511,0.000448359070846184,0.00339903254783892,613,0.0038473916186851,0.000325315709906647,0.00352207590877845,809,0.0327043057818881,0.00448359071130317,0.0282207150705849,624,0.0168906206994277,0.00448359071080909,0.0124070299886186,773,87.4033544539858,20.950195751192,66.4531587027938,621,68.9406215239633,1.49888320095043,67.4417383230129
Bilophila_wadsworthia_3_1_6_AND_Megasphaera_elsdenii_DSM_20460,890,0.0292193126693291,0,0.0292193126693291,545,0.0292193126693291,0,0.0292193126693291,861,0.0453790328000609,0,0.0453790328000609,493,0.0453790327922178,0,0.0453790327922178,840,0.0156251311943505,0,0.0156251311943505,516,0.015625131194351,0,0.015625131194351,817,0.00970315520645983,0,0.00970315520645983,514,0.00970315520973997,0,0.00970315520973997,877,6.72802626621394,0,6.72802626621394,511,6.72802626621442,0,6.72802626621442,1006,83.107724145946,21.675920190477,61.431803955469,871,71.0465367047674,11.6924390700927,59.3540976346747
Bilophila_wadsworthia_3_1_6_AND_Parabacteroides_distasonis_ATCC_8503,842,0.185783282412536,0,0.185783282412536,551,0.0318317653005746,0,0.0318317653005746,896,0.145252274036523,0,0.145252274036523,541,0.0318317653005746,0,0.0318317653005746,822,0.0596911214264911,0,0.0596911214264911,535,0.0318317653005746,0,0.0318317653005746,904,0.115659624961341,0,0.115659624961341,541,0.0318317653005746,0,0.0318317653005746,1159,0.282031928530269,0.00448359071175434,0.277548337818514,911,0.0209050511712855,0.000134434887908946,0.0207706162833766,1114,92.511222031651,27.9073361894045,64.6038858422464,931,57.4031492957848,13.2473970406674,44.1557522551174
Bilophila_wadsworthia_3_1_6_AND_Parabacteroides_johnsonii_DSM_18315,654,0.0736648057456932,0,0.0736648057456932,746,0.0320160844131396,0.000447606787592376,0.0315684776255472,670,0.0575938825715284,0,0.0575938825715284,740,0.0320160844131397,0.00044760678759239,0.0315684776255473,651,0.0236680868564973,0,0.0236680868564973,381,0.0236680868564973,0,0.0236680868564973,689,0.0458601209686777,0,0.0458601209686777,748,0.0320160844131396,0.000447606787592402,0.0315684776255472,755,5.33545044006795,0,5.33545044006795,411,0.0187378204167291,0,0.0187378204167291,964,81.6335726601323,26.3850204180571,55.2485522420752,772,48.407804289979,11.5754361285956,36.8323681613835
Bilophila_wadsworthia_3_1_6_AND_Phascolarctobacterium_succinatutens_YIT_12067,662,0.00474148991142185,0,0.00474148991142185,742,0.00178906057627847,0.000447606787592394,0.00134145378868607,662,0.00474148991152047,0,0.00474148991152047,740,0.00179000683778478,0.000447606787592385,0.00134240005019239,658,0.00474148991107972,0,0.00474148991107972,741,0.00211314381074493,0.000447606787592401,0.00166553702315252,665,0.00472741293315268,0,0.00472741293315268,742,0.00146783937144466,0.000447606787592367,0.00102023258385229,909,0.0362196893597685,0.00448359071076434,0.0317360986490042,745,0.00470100562889659,0.00448359071080921,0.00021741491808738,868,48.7379416285032,32.6141598001468,16.1237818283564,735,26.8453840669557,16.3887875087592,10.4565965581965
Bilophila_wadsworthia_3_1_6_AND_Prevotella_ruminicola_23,1047,0.0812245226697956,0.000448359070854202,0.0807761635989414,522,0.0318317653005746,0,0.0318317653005746,1045,0.0853130670826723,0.000448359070633996,0.0848647080120383,527,0.0318317653005746,0,0.0318317653005746,797,0.0596911214264911,0,0.0596911214264911,532,0.0318317653005746,0,0.0318317653005746,1014,0.0391902469210817,0.000448359071184499,0.0387418878498972,528,0.0318317653005746,0,0.0318317653005746,1093,0.0489001349859595,0.00448359071154813,0.0444165442744113,856,0.0197233622123532,0.00448359071080912,0.0152397715015441,1032,102.217244818405,24.0985847468753,78.1186600715297,878,71.0946414999894,11.4911512401365,59.6034902598528
Bilophila_wadsworthia_3_1_6_AND_Pseudoflavonifractor_capillosus_strain_ATCC_29799,791,0.0115857302328705,0.000448359070869174,0.0111373711620013,638,0.00611357314081778,0.000447606787592398,0.00566596635322539,794,0.0179932101141427,0.000448359071152692,0.01754485104299,638,0.00611357314081798,0.000447606787592393,0.00566596635322559,775,0.00619551037766114,0.00044835906921004,0.0057471513084511,638,0.00611357314081786,0.000447606787592417,0.00566596635322545,801,0.00384739161868508,0.000448359070477573,0.00339903254820751,633,0.00384739161868508,0.000447606787592392,0.00339978483109269,627,0.0464321772879555,0,0.0464321772879555,306,0.0187378204167291,0,0.0187378204167291,759,60.6441243529473,21.7427732000979,38.9013511528494,635,41.1934487765224,21.7427732000978,19.4506755764247
Bilophila_wadsworthia_3_1_6_AND_Roseburia_intestinalis_L1_82,803,0.0502346981255105,0.000448359075820899,0.0497863390496896,639,0.0502339458373822,0.000447606787592013,0.0497863390497902,832,0.052754669970166,0.000448359071074399,0.0523063108990916,638,0.0527539176865728,0.000447606787592651,0.0523063108989801,519,0.0236680868564973,0,0.0236680868564973,644,0.00619551037766119,0.000447606787592384,0.0057479035900688,809,0.024326897961691,0.000448359071074405,0.0238785388906166,644,0.0038473916186851,0.000447606787592384,0.00339978483109271,820,0.0326354351848361,0.00448359071118425,0.0281518444736518,635,0.0285722538313972,0.000420409358581131,0.028151844472816,772,85.1663988103689,21.5433853809087,63.6230134294601,643,35.1109241060924,21.3424669304785,13.7684571756139
Bilophila_wadsworthia_3_1_6_AND_Roseburia_inulinivorans_DSM_16841,594,0.0108645586399299,0,0.0108645586399299,288,0.00977810277583913,0,0.00977810277583913,609,0.0108645586396668,0,0.0108645586396668,288,0.00977810277583901,0,0.00977810277583901,599,0.0108645586401838,0,0.0108645586401838,293,0.00977810277583905,0,0.00977810277583905,594,0.010864558639407,0,0.010864558639407,288,0.00977810277583869,0,0.00977810277583869,814,0.0333142806619587,0.00448359071074403,0.0288306899512147,654,0.0333142806619713,0.00448359071080925,0.0288306899511621,771,89.0349072725796,24.4902305854343,64.5446766871453,660,67.9961177810347,13.7502809441259,54.2458368369089
Bilophila_wadsworthia_3_1_6_AND_Ruminococcus_bromii_L2_63,794,0.0518530581600916,0.00044835907086355,0.051404699089228,654,0.0518523058768503,0.000447606787592417,0.0514046990892579,791,0.0544549444826235,0.000448359071226057,0.0540065854113974,658,0.0544541921993502,0.000447606787592395,0.0540065854117578,485,0.0236680868564973,0,0.0236680868564973,305,0.0236680868564972,0,0.0236680868564972,785,0.0251030962900167,0.000448359071074403,0.0246547372189423,668,0.0099861689580585,0.00044760678759238,0.00953856217046612,777,0.0335505420370515,0.00448359071001514,0.0290669513270363,669,0.0128844482703489,0.00448359071080925,0.0084008575595397,777,54.6237377890745,22.3052682850516,32.318469504023,657,38.3737128290998,21.66184889858,16.7118639305199
Bilophila_wadsworthia_3_1_6_AND_Ruminococcus_callidus_ATCC_2776001,729,0.0483652656231942,0,0.0483652656231942,793,0.0132481861520549,0.000447606787592401,0.0128005793644625,704,0.0483652656279003,0,0.0483652656279003,791,0.0132481861520549,0.000447606787592394,0.0128005793644625,894,0.0232870232734389,0.000448359071320598,0.0228386642021183,787,0.0232870109275606,0.000447606787592403,0.0228394041399682,904,0.0291842327964259,0.000448359071098865,0.028735873725327,797,0.0108635547538493,0.00044760678759238,0.010415947966257,919,0.0383620391203165,0.00448359071102298,0.0338784484092935,797,0.0383620391201532,0.00448359071080924,0.033878448409344,898,57.7553753930651,21.7427732000977,36.0126021929674,807,33.7922662309396,11.4911512401366,22.301114990803
Bilophila_wadsworthia_3_1_6_AND_Ruminococcus_torques_ATCC_27756,804,0.0503564952891079,0.00044835907106788,0.04990813621804,642,0.0503557430052013,0.000447606787592412,0.0499081362176088,803,0.052882631991158,0.000448359071105032,0.052434272920053,642,0.0528818797068397,0.000447606787592412,0.0524342729192473,798,0.0236680868564973,0.000448359071074398,0.0232197277854229,659,0.00619551037766117,0.000447606787592393,0.00574790359006878,794,0.0243853143571133,0.000448359071074403,0.0239369552860389,653,0.00384739161868509,0.000447606787592394,0.00339978483109269,793,0.032704305780522,0.00448359071084183,0.0282207150696801,663,0.0187378204167291,0.00448359071080918,0.0142542297059199,762,69.21970413284,26.4886303553358,42.7310737775042,652,49.2796915533181,11.4911512401366,37.7885403131815
Bilophila_wadsworthia_3_1_6_AND_Shigella_flexneri_2002017,1003,0.185783282412536,0,0.185783282412536,521,0.185783282412536,0,0.185783282412536,1006,0.106931496562196,0,0.106931496562196,886,0.053631138013384,0.000447606787592381,0.0531835312257917,973,0.0596911214264911,0,0.0596911214264911,524,0.0596911214264911,0,0.0596911214264911,983,0.0578298124806704,0,0.0578298124806704,528,0.0578298124806704,0,0.0578298124806704,1081,6.72802626621454,0,6.72802626621454,533,6.72802626621454,0,6.72802626621454,1196,136.543583680712,23.3751189199173,113.168464760794,912,79.5585978947921,11.4911512401365,68.0674466546555
Bilophila_wadsworthia_3_1_6_AND_Streptococcus_salivarius_JIM8777,938,0.0114029526137613,0.000448359070617491,0.0109545935431438,766,0.0114029402678946,0.000447606787592529,0.010955333480302,934,0.0177052780649558,0.000448359070939105,0.0172569189940167,764,0.017705265716025,0.00044760678759241,0.0172576589284325,936,0.00610119273150386,0.000448359071482169,0.00565283366002169,760,0.00610118038562294,0.000447606787592525,0.00565357359803041,933,0.0037916094177304,0.00044835907133377,0.00334325034639663,768,0.00379159707185191,0.000447606787592383,0.00334399028425953,972,0.0380276748155832,0.00448359071074398,0.0335440841048393,769,0.0180204335576043,0.00171185611089647,0.0163085774467079,955,66.5578547123213,21.7427732000979,44.8150815122234,799,51.1558738197498,21.7427732000978,29.413100619652
Bilophila_wadsworthia_3_1_6_AND_Subdoligranulum_variabile_DSM_15176,792,0.011585730235656,0.000448359071588967,0.0111373711640671,276,0.0028452092366872,0,0.0028452092366872,794,0.0179932101110329,0.000448359071074404,0.0175448510399585,282,0.00284520923668719,0,0.00284520923668719,803,0.00619551037766126,0.000448359072028578,0.00574715130563268,622,0.00619551037766117,0.000447606787592397,0.00574790359006877,800,0.00384739161738451,0.000448359071867061,0.00339903254551745,618,0.00384739161868508,0.000356166567006142,0.00349122505167894,569,0.0569041847329149,0,0.0569041847329149,282,0.0569041847337439,0,0.0569041847337439,776,75.0050848348754,21.0251635238823,53.9799213109931,638,62.9870448750085,14.8602608531947,48.1267840218138
Bilophila_wadsworthia_3_1_6_AND_Veillonella_atypica_ACS_049_V_Sch6,1056,0.0096301134982347,0.00828819190945409,0.00134192158878061,886,0.00170034713079213,0.000358425542011522,0.00134192158878061,1105,0.0178313927858976,0.00813303371948394,0.00969835906641367,881,0.0130002137510448,0.000199634386582311,0.0128005793644625,681,0.00619551037766174,0.00619551037766174,0,376,0.000447606787592392,0.000447606787592392,0,658,0.00384739161868508,0.00384739161868508,0,873,0.0038149445539057,0.000207939462261219,0.00360700509164448,1106,0.10480469350229,0.00212948398258385,0.102675209519706,865,0.104804693502256,0.00212948398255027,0.102675209519706,1072,82.2922860150149,31.9513731795968,50.3409128354182,912,47.2325886968925,12.8982846948665,34.334304002026
Blautia_wexlerae_DSM_19850_AND_Citrobacter_amalonaticus_Y19,882,0.185783282412536,0,0.185783282412536,516,0.185783282412536,0,0.185783282412536,845,0.142575328749595,0,0.142575328749595,516,0.142575328749595,0,0.142575328749595,879,0.0596911214264911,0,0.0596911214264911,518,0.0596911214264911,0,0.0596911214264911,838,0.0771064166408938,0,0.0771064166408938,517,0.0771064166408938,0,0.0771064166408938,945,8.97070168828606,0,8.97070168828606,965,4.48631763181218,0.00665355908470864,4.47966407272747,1217,168.263132739014,43.3292715538702,124.933861185144,1019,117.491501532047,13.3799505444276,104.11155098762
Blautia_wexlerae_DSM_19850_AND_Clostridium_clostridioforme_CM201,1084,0.0540064321088512,0.0426108376090043,0.0113955944998469,865,0.0181923570751615,0.00679676257151788,0.0113955945036436,1086,0.0566486978795287,0.0426108376069758,0.014037860272553,869,0.0200219925668171,0.00232407261504308,0.017697919951774,724,0.0232796651633097,0.0232796651633097,0,469,0.0232796651633097,0.0232796651633097,0,1086,0.0300493260901808,0.0262650747825798,0.00378425130760096,875,0.0299546682857732,0.0261704169781722,0.00378425130760096,1078,0.0507066147984176,0.0313986135627055,0.0193080012357121,882,0.0193080012357121,0.00665355908470864,0.0126544421510034,1079,94.3383608748567,29.7700995672754,64.5682613075813,929,65.2641918455692,22.2186843071816,43.0455075383876
Blautia_wexlerae_DSM_19850_AND_Collinsella_tanakaei_YIT_12063,1054,0.0432006374264339,0.0318050429227903,0.0113955945036436,874,0.0181923570751615,0.00679676257151788,0.0113955945036436,1049,0.0432733549838188,0.0304727756193563,0.0128005793644625,873,0.0186002398777476,0.00579966051328508,0.0128005793644625,688,0.0232796651633097,0.0232796651633097,0,469,0.0232796651633097,0.0232796651633097,0,1003,0.0268745332946449,0.023090281987044,0.00378425130760096,877,0.0268745332943151,0.0230902819867141,0.00378425130760096,665,0.0335443541564639,0,0.0335443541564639,881,0.0176765591290802,0.00665355908470864,0.0110230000443715,1065,93.7423418037683,34.2177694642611,59.5245723395072,934,67.5295572490107,10.0402607612419,57.4892964877688
Blautia_wexlerae_DSM_19850_AND_Coprococcus_catus_GD_7,1055,0.0562261205510257,0.044830526044643,0.0113955945063826,863,0.0181923570751615,0.00679676257151788,0.0113955945036436,690,0.0566486978795287,0.0566486978795287,0,868,0.0194986162775215,0.00360350771742588,0.0158951085600956,693,0.0232796651633097,0.0232796651633097,0,466,0.0232796651633097,0.0232796651633097,0,1042,0.0268642215975425,0.0230799702866005,0.00378425131094199,871,0.0268642215982219,0.0230799702906209,0.00378425130760094,667,0.0334469861925106,0,0.0334469861925106,446,0.0243728064474197,0,0.0243728064474197,1032,83.9554529666937,39.6427739373386,44.3126790293551,930,50.728907643914,22.4754578448986,28.2534497990155
Blautia_wexlerae_DSM_19850_AND_Desulfovibrio_desulfuricans_subsp_desulfuricans_DSM_642,753,0.0853453615819855,0,0.0853453615819855,496,0.0853453615821154,0,0.0853453615821154,745,0.08943398666999,0,0.08943398666999,500,0.0894339866702831,0,0.0894339866702831,748,0.0596911214264911,0,0.0596911214264911,496,0.0596911214264911,0,0.0596911214264911,727,0.0433102564098888,0,0.0433102564098888,497,0.0433102564111053,0,0.0433102564111053,773,0.0913520820691423,0,0.0913520820691423,501,0.0913520820692506,0,0.0913520820692506,1104,104.554214678685,38.5001296819617,66.0540849967231,966,38.4746334450978,27.1792826115009,11.2953508335969
Blautia_wexlerae_DSM_19850_AND_Desulfovibrio_piger_ATCC_29098,1011,0.0438388692308193,0.0426108376113495,0.00122803161946975,811,0.0161121202906198,0.0148840886710652,0.00122803161955463,1008,0.0438388692253657,0.0426108376057326,0.00122803161963306,810,0.0161121202906198,0.0148840886710652,0.00122803161955463,1013,0.0232998186351073,0.0220717870155258,0.00122803161958144,805,0.0232998186351068,0.0220717870155523,0.00122803161955457,995,0.0266381171764165,0.0254100855568619,0.00122803161955462,810,0.026638117176447,0.0254100855568924,0.00122803161955463,992,0.03150033165777,0.00939999921482082,0.0221003324429492,583,0.0221160322487076,1.56998058117701e-05,0.0221003324428958,963,64.9101661802145,29.7700995672754,35.1400666129391,834,46.0007770452149,11.3290183609025,34.6717586843124
Blautia_wexlerae_DSM_19850_AND_Dialister_invisus_DSM_15470,1062,0.0435066098871039,0.0426108376081361,0.000895772278967825,464,0.0148840886710652,0.0148840886710652,0,1054,0.0532472594606914,0.0426108376057338,0.0106364218549576,515,0.0148840886710652,0.0148840886710652,0,1057,0.0328109617412164,0.017185830538787,0.0156251312024295,512,0.0232796651633097,0.0232796651633097,0,679,0.0266324650878411,0.0266324650878411,0,514,0.0266324650878621,0.0266324650878621,0,702,0.0313986135627376,0.0313986135627376,0,925,0.00755510633125636,0.00665355908470864,0.000901547246547713,1025,46.9311417761063,41.977930766967,4.95321100913937,930,30.9407132802477,27.9256308656457,3.01508241460194
Blautia_wexlerae_DSM_19850_AND_Dorea_longicatena_DSM_13814,877,0.0541965678396696,0.0426108376040135,0.011585730235656,743,0.0264698189039358,0.0148840886710652,0.0115857302328706,871,0.0569439880388386,0.0389507779246958,0.0179932101141428,743,0.0176992731183467,0.0148840886710652,0.0028151844472815,874,0.0233813409196514,0.0171858305387872,0.00619551038086428,741,0.0233258657166657,0.0205106812693841,0.0028151844472816,851,0.0294476495354321,0.0266324650878842,0.00281518444754792,738,0.0294476495351436,0.0266324650878621,0.00281518444728154,904,0.0501364339796042,0.0313986135628751,0.0187378204167291,746,0.0111504732744711,0.00665355908470864,0.00449691418976249,895,80.8625522244178,36.5392867008838,44.323265523534,770,52.5195390314185,13.0179016431219,39.5016373882966
Blautia_wexlerae_DSM_19850_AND_Enterobacter_cloacae_EcWSU1,911,0.185783282412536,0,0.185783282412536,518,0.185783282412536,0,0.185783282412536,929,0.106931496562196,0,0.106931496562196,959,0.0588088068519164,0.0148840886710652,0.0439247181808512,921,0.0596911214264911,0,0.0596911214264911,529,0.0596911214264911,0,0.0596911214264911,909,0.0578298124806704,0,0.0578298124806704,530,0.0578298124806704,0,0.0578298124806704,988,6.72802626622678,0,6.72802626622678,534,6.72802626621454,0,6.72802626621454,1253,178.071939469796,27.5740486412996,150.497890828497,1033,142.604148576983,13.0179016431219,129.586246933861
Blautia_wexlerae_DSM_19850_AND_Enterococcus_faecium_TX1330,926,0.0541965678413874,0.0426108376057314,0.0115857302356561,718,0.0264698189039358,0.0148840886710652,0.0115857302328706,916,0.0567469766103917,0.0426108376080567,0.014136139002335,720,0.0328772987820981,0.0148840886710652,0.0179932101110329,920,0.0233813409196514,0.0171858305387871,0.00619551038086437,715,0.0233813409195989,0.0171858305419377,0.00619551037766119,712,0.0266324650876715,0.0266324650878399,-1.6840162718712e-13,468,0.0266324650878623,0.0266324650878623,0,697,0.0313986135631327,0.0313986135631327,0,719,0.0190933786431154,0.0120402483666135,0.00705313027650192,862,88.1726332841094,29.7700995672754,58.402533716834,754,51.4845961540091,12.5495736761198,38.9350224778893
Blautia_wexlerae_DSM_19850_AND_Escherichia_coli_str_K_12_substr_MG1655,844,0.0736648057456932,0,0.0736648057456932,342,0.0736648057456932,0,0.0736648057456932,905,0.0575938825715284,0,0.0575938825715284,343,0.0575938825715284,0,0.0575938825715284,828,0.0236680868564973,0,0.0236680868564973,839,0.0233813409195989,0.0171858305419377,0.00619551037766116,843,0.0458601209686777,0,0.0458601209686777,341,0.0458601209686777,0,0.0458601209686777,967,5.33545044006795,0,5.33545044006795,848,0.292405477114946,0.00665355908470864,0.285751918030237,1214,165.960671010427,43.2420199377665,122.71865107266,898,123.59374488282,27.1709426805695,96.4228022022509
Blautia_wexlerae_DSM_19850_AND_Eubacterium_rectale_M104_1,883,0.058350298868804,0.0555282273614977,0.00282207150730633,725,0.0151623531618295,0.0123402816547818,0.00282207150704765,897,0.0570163587079741,0.0346133143518117,0.0224030443561624,724,0.0151623531618295,0.0123402816547819,0.00282207150704752,501,0.0236680868564973,0,0.0236680868564973,722,0.0233259787415769,0.02050390723453,0.00282207150704692,884,0.0294545365949726,0.0266324650879101,0.00282207150706249,723,0.0294545365949097,0.0266324650878622,0.00282207150704757,875,0.0501364339785788,0.0313986135618497,0.0187378204167291,727,0.018934305372461,0.00665355908470864,0.0122807462877524,863,104.87450388431,41.6322585594582,63.2422453248515,746,60.9316930541854,13.017901643122,47.9137914110634
Blautia_wexlerae_DSM_19850_AND_Faecalibacterium_prausnitzii_L2_6,892,0.0671139575918886,0.0555282273590181,0.0115857302328705,722,0.0264698189039357,0.0148840886710652,0.0115857302328705,900,0.0569439880387876,0.0389507779277547,0.0179932101110329,724,0.0328772987820981,0.0148840886710652,0.0179932101110328,880,0.0233813409195989,0.0171858305419377,0.00619551037766117,714,0.0233813409195989,0.0171858305419377,0.00619551037766116,879,0.0304798567067371,0.026632465088052,0.00384739161868509,715,0.0294476495351442,0.0266324650878626,0.0028151844472816,900,0.0501364339802073,0.0313986135634782,0.0187378204167291,722,0.0190933786431154,0.0120402483666135,0.00705313027650192,861,101.948200664489,42.7054762014895,59.2427244629994,757,63.0921064259403,23.3935680749112,39.6985383510291
Blautia_wexlerae_DSM_19850_AND_Fusobacterium_varium_ATCC_27725,1036,0.0671139575972439,0.0555282273615878,0.011585730235656,825,0.0203146634232399,0.0148840886710652,0.00543057475217471,1059,0.0569439880388386,0.0389507779246959,0.0179932101141427,463,0.0148840886710652,0.0148840886710652,0,1033,0.0233813409196514,0.0171858305387871,0.00619551038086434,829,0.023313924942861,0.0212263395882647,0.00208758535459632,1033,0.0304798567078613,0.0266324650879266,0.00384739161993467,462,0.0266324650878628,0.0266324650878628,0,1056,0.0496201879069011,0.0313986135628778,0.0182215743440233,831,0.018934305372461,0.00665355908470864,0.0122807462877524,1024,103.14861538282,37.0627079382708,66.0859074445488,894,74.0953578295542,18.5786339924273,55.5167238371269
Blautia_wexlerae_DSM_19850_AND_Haemophilus_parainfluenzae_T3T1,1159,0.0679374777558698,0.0387181650795157,0.0292193126763542,1000,0.0194828326253264,0.0148840886710652,0.00459874395426114,1163,0.0757558742961217,0.0307508046111596,0.0450050696849621,964,0.0520608293727371,0.0148840886710652,0.0371767407016719,1154,0.0328109617362883,0.0171858305419378,0.0156251311943505,994,0.0260848891288597,0.0214861451745986,0.00459874395426115,1145,0.0328505070124686,0.0231473518060091,0.00970315520645948,992,0.0328505070129631,0.0231473518032235,0.00970315520973962,818,0.0919748790866034,0,0.0919748790866034,1017,0.0267719282497567,0.00665355908470864,0.020118369165048,1128,129.416354438838,31.6212784072248,97.7950760316131,1020,89.1983313856319,16.4654447913164,72.7328865943155
Blautia_wexlerae_DSM_19850_AND_Helicobacter_pylori_26695,579,0.0557849810556545,0,0.0557849810556545,382,0.055784981055414,0,0.055784981055414,607,0.0575938825715284,0,0.0575938825715284,377,0.0575938825715284,0,0.0575938825715284,600,0.0236680868564973,0,0.0236680868564973,824,0.0233813409195989,0.0171858305419378,0.00619551037766101,588,0.0267556093710123,0,0.0267556093710123,825,0.0266501729366658,0.0228027813179808,0.00384739161868499,959,0.0314824794402948,0.0132609050962715,0.0182215743440233,812,0.019644113682191,0.00665355908470864,0.0129905545974823,959,78.6527145199289,38.447969590525,40.2047449294039,848,45.2407126906784,20.0667089559181,25.1740037347604
Blautia_wexlerae_DSM_19850_AND_Klebsiella_pneumoniae_pneumoniae_MGH78578,787,0.0736648057456932,0,0.0736648057456932,348,0.0736648057456932,0,0.0736648057456932,834,0.0575938825715284,0,0.0575938825715284,353,0.0575938825715284,0,0.0575938825715284,785,0.0236680868564973,0,0.0236680868564973,401,0.0236680868564973,0,0.0236680868564973,800,0.0458601209686777,0,0.0458601209686777,354,0.0458601209686777,0,0.0458601209686777,919,5.33545044006795,0,5.33545044006795,366,2.66772522003398,0,2.66772522003398,1106,131.234164743473,29.7700995672754,101.464065176197,861,93.0228121063437,11.8258246298788,81.1969874764649
Blautia_wexlerae_DSM_19850_AND_Lactobacillus_mucosae_LM1,995,0.0437654182789801,0.0426108376057314,0.00115458067324876,471,0.0148840886710652,0.0148840886710652,0,990,0.0437654182788714,0.0426108376056227,0.00115458067324876,470,0.0148840886710652,0.0148840886710652,0,641,0.0232796651633097,0.0232796651633097,0,460,0.0232796651633097,0.0232796651633097,0,998,0.0266324703030539,0.0254778896298052,0.00115458067324876,856,0.0266324703081842,0.0254778896349817,0.00115458067320255,996,0.0313986253094916,0.0288008187946347,0.00259780651485696,856,0.00925136559941438,0.00665355908470864,0.00259780651470574,998,76.4001551860654,39.3813031714631,37.0188520146023,907,55.9412553143419,22.3998937046121,33.5413616097298
Blautia_wexlerae_DSM_19850_AND_Lactobacillus_reuteri_SD2112_ATCC_55730,862,0.0541965678413876,0.0426108376057314,0.0115857302356562,706,0.0264698189039358,0.0148840886710652,0.0115857302328705,892,0.0567469766086316,0.0426108376057375,0.0141361390028941,707,0.0180372813669592,0.0148840886710652,0.00315319269589399,860,0.0233813409196514,0.0171858305387869,0.00619551038086454,705,0.0233314128374378,0.0201782201415438,0.00315319269589399,692,0.0266324650895552,0.0266324650895552,0,461,0.0266324650878628,0.0266324650878628,0,684,0.0313986135631631,0.0313986135631631,0,709,0.013294946444654,0.00665355908470864,0.00664138735994531,857,94.8913112576884,35.7260853439557,59.1652259137328,739,76.5886952914221,11.6985653567559,64.8901299346662
Blautia_wexlerae_DSM_19850_AND_Megasphaera_elsdenii_DSM_20460,1159,0.0718301502820456,0.0426108376056894,0.0292193126763562,973,0.0441034013403943,0.0148840886710652,0.0292193126693291,1150,0.0843298107247555,0.0389507779246962,0.0453790328000592,927,0.0459653308200543,0.000586298027836559,0.0453790327922178,1121,0.0328109617412117,0.01718583053879,0.0156251312024217,950,0.0328109617362892,0.0171858305419372,0.015625131194352,1133,0.0510264052783753,0.0413232500719158,0.00970315520645948,947,0.0296654357158837,0.0199622805061441,0.00970315520973962,1268,7.15413464227064,0.426108376061871,6.72802626620877,948,6.73467982529913,0.00665355908470864,6.72802626621442,1121,104.418846427885,42.8296721586007,61.5891742692846,984,71.8900331640969,12.1376178942914,59.7524152698055
Blautia_wexlerae_DSM_19850_AND_Parabacteroides_distasonis_ATCC_8503,1197,0.0744426029086343,0.0426108376080597,0.0318317653005746,986,0.0467158539716398,0.0148840886710652,0.0318317653005746,1225,0.0744426029061793,0.0426108376056046,0.0318317653005746,986,0.0467158539716398,0.0148840886710652,0.0318317653005746,1193,0.0426969738404314,0.0108652085398567,0.0318317653005746,968,0.0426969738404314,0.0108652085398567,0.0318317653005746,1226,0.0584642303875355,0.0266324650869609,0.0318317653005746,979,0.0364034270471416,0.00457166174656702,0.0318317653005746,1205,0.0532946337424423,0.0313986135630701,0.0218960201793722,1003,0.0208134549968106,0.00665355908470864,0.0141598959121019,1177,106.508683396672,38.127296338398,68.3813870582743,1046,75.3265722075722,23.189330398007,52.1372418095652
Blautia_wexlerae_DSM_19850_AND_Parabacteroides_johnsonii_DSM_18315,1069,0.0729783647886945,0.0411411512631256,0.0318372135255689,830,0.0467213021966342,0.0148840886710652,0.031837213525569,1054,0.0571711847395337,0.0253339712139647,0.031837213525569,824,0.0467213021966341,0.0148840886710652,0.0318372135255689,617,0.0236680868564973,0,0.0236680868564973,381,0.0236680868564973,0,0.0236680868564973,1046,0.0456299882382424,0.0137927747126734,0.031837213525569,833,0.0456299882382424,0.0137927747126734,0.031837213525569,1043,0.0501364339796916,0.0313986135629625,0.0187378204167291,852,0.018934305372461,0.00665355908470864,0.0122807462877524,1033,93.5977424621475,38.3491902200723,55.2485522420752,880,51.0305559071312,14.1981877457477,36.8323681613835
Blautia_wexlerae_DSM_19850_AND_Phascolarctobacterium_succinatutens_YIT_12067,642,0.0426108376057909,0.0426108376057909,0,830,0.0162494156175821,0.0148840886710652,0.00136532694651687,642,0.0426108376058293,0.0426108376058293,0,829,0.0162748582594309,0.0148840886710652,0.00139076958836571,945,0.0233149080645073,0.0211674171770269,0.00214749088748043,823,0.0232924374912864,0.0225141684779545,0.000778269013331944,955,0.0266513530687087,0.0248751832532635,0.00177616981544523,830,0.0266433690019519,0.0256179971945719,0.00102537180738005,983,0.0315978735587227,0.0128600531419935,0.0187378204167291,770,0.00671587032833998,0.00665355908470864,6.23112436313354e-05,953,60.556342439521,43.3396782155634,17.2166642239576,855,39.0080711290377,25.7243534965282,13.2837176325095
Blautia_wexlerae_DSM_19850_AND_Prevotella_ruminicola_23,1121,0.0654777761486734,0.0336460108480988,0.0318317653005746,952,0.0406476876781577,0.0148840886710652,0.0257635990070925,1118,0.0682883778611284,0.0364566125605538,0.0318317653005746,959,0.0467158539716398,0.0148840886710652,0.0318317653005746,1133,0.0426969738404314,0.0108652085398567,0.0318317653005746,960,0.0426969738404314,0.0108652085398567,0.0318317653005746,1107,0.0365820138762277,0.00475024857565303,0.0318317653005746,962,0.0365820138759704,0.0047502485753958,0.0318317653005746,1128,0.0373730394346388,0.0182589543417902,0.0191140850928486,504,0.0191140850928486,0,0.0191140850928486,1105,110.793824771479,32.6751646999491,78.1186600715296,993,86.8469940230496,26.4648664836933,60.3821275393563
Blautia_wexlerae_DSM_19850_AND_Pseudoflavonifractor_capillosus_strain_ATCC_29799,631,0.0426108376093975,0.0426108376093975,0,725,0.0205500550242907,0.0148840886710652,0.00566596635322545,631,0.0426108376060423,0.0426108376060423,0,725,0.0205500550242906,0.0148840886710652,0.00566596635322539,827,0.0233813409195989,0.0171858305419377,0.00619551037766116,721,0.0233726504670145,0.017706684113789,0.00566596635322554,826,0.0304798567053579,0.0266324650879734,0.00384739161738448,462,0.0266324650878625,0.0266324650878625,0,857,0.0501364339788574,0.0313986135621283,0.0187378204167291,730,0.018934305372461,0.00665355908470864,0.0122807462877524,828,68.6714507201248,29.7700995672755,38.9013511528494,744,44.9638796340224,25.5132040575977,19.4506755764247
Blautia_wexlerae_DSM_19850_AND_Roseburia_intestinalis_L1_82,869,0.0541925065442472,0.0426108376080535,0.0115816689361937,721,0.0513254260841078,0.0148840886710652,0.0364413374130426,860,0.0567124783931417,0.0426108376080504,0.0141016407850913,724,0.0531055887961251,0.00772959737084167,0.0453759914252834,483,0.0236680868564973,0,0.0236680868564973,730,0.0233813409195988,0.0171858305419403,0.00619551037765847,654,0.0266324650867676,0.0266324650867676,0,462,0.0266324650878625,0.0266324650878625,0,665,0.0313986135629707,0.0313986135629707,0,724,0.0283501152036357,0.00191742186932651,0.0264326933343092,865,107.868232496477,41.9650064333007,65.9032260631766,755,39.0823778896707,25.3139207140569,13.7684571756139
Blautia_wexlerae_DSM_19850_AND_Roseburia_inulinivorans_DSM_16841,676,0.0426108376057951,0.0426108376057951,0,724,0.0212466719000955,0.0148840886710652,0.0063625832290303,630,0.0426108376080566,0.0426108376080566,0,723,0.0212466719000958,0.0148840886710652,0.00636258322903062,874,0.0233736869732175,0.0176445621526091,0.00572912482060841,721,0.0233177844259554,0.0209950253344081,0.00232275909154737,659,0.0266324650875496,0.0266324650875496,0,462,0.0266324650878629,0.0266324650878629,0,705,0.0313986135621686,0.0313986135621686,0,744,0.030001659923776,0.0143177287271482,0.0156839311966278,870,107.909801058236,41.6797687970907,66.2300322611454,765,74.461260612505,21.0055335505433,53.4557270619617
Blautia_wexlerae_DSM_19850_AND_Ruminococcus_bromii_L2_63,898,0.0545689815079306,0.0426108376057283,0.0119581439022023,737,0.05250999207911,0.0148840886710652,0.0376259034080447,880,0.0569357475612799,0.0394446626940539,0.0174910848672259,743,0.0551118784016106,0.0148840886710652,0.0402277897305454,499,0.0236680868564973,0,0.0236680868564973,305,0.0236680868564973,0,0.0236680868564973,643,0.0266324650876692,0.0266324650876692,0,470,0.0266324650878624,0.0266324650878624,0,657,0.0313986135637415,0.0313986135637415,0,749,0.0111504732744711,0.00665355908470864,0.00449691418976249,860,63.4044711567501,38.447969590525,24.9565015662251,770,44.1298423813881,27.4179784508683,16.7118639305199
Blautia_wexlerae_DSM_19850_AND_Ruminococcus_callidus_ATCC_2776001,603,0.0435287390667684,0,0.0435287390667684,865,0.0276846680355277,0.0148840886710652,0.0128005793644625,603,0.0435287390693819,0,0.0435287390693819,863,0.0276846680355277,0.0148840886710652,0.0128005793644625,599,0.0232796651633097,0,0.0232796651633097,460,0.0232796651633097,0.0232796651633097,0,599,0.0287358737254367,0,0.0287358737254367,868,0.0273948917023937,0.0169789437361367,0.010415947966257,624,0.0338784484092333,0,0.0338784484092333,444,0.0338784484093444,0,0.0338784484093444,972,60.4141274015584,37.0476323761498,23.3664950254087,900,29.0813843938651,14.4960589968937,14.5853253969714
Blautia_wexlerae_DSM_19850_AND_Ruminococcus_torques_ATCC_27756,843,0.0542208399074114,0.0426108376058289,0.0116100023015825,726,0.0514145760753127,0.0148840886710652,0.0365304874042474,827,0.0567469766094573,0.0426108376057321,0.0141361390037251,727,0.053940712776952,0.0148840886710652,0.0390566241058868,476,0.0236680868564973,0,0.0236680868564973,742,0.0233813409195989,0.0171858305419377,0.00619551037766116,617,0.0266324650878966,0.0266324650878966,0,462,0.0266324650878625,0.0266324650878625,0,609,0.031398613562125,0.031398613562125,0,741,0.018934305372461,0.00665355908470864,0.0122807462877524,854,78.9748947187884,40.220545030449,38.7543496883393,761,51.5159185038269,12.6186345654129,38.897283938414
Blautia_wexlerae_DSM_19850_AND_Shigella_flexneri_2002017,949,0.185783282412536,0,0.185783282412536,521,0.185783282412535,0,0.185783282412535,947,0.106931496562196,0,0.106931496562196,965,0.0588088068519164,0.0148840886710652,0.0439247181808512,930,0.0596911214264911,0,0.0596911214264911,523,0.0596911214264911,0,0.0596911214264911,968,0.0578298124806704,0,0.0578298124806704,533,0.0578298124806704,0,0.0578298124806704,1045,6.72802626621454,0,6.72802626621454,533,6.72802626621454,0,6.72802626621454,1297,145.567975903667,32.3995111428729,113.168464760794,1024,83.1583495901829,13.0179016431219,70.1404479470609
Blautia_wexlerae_DSM_19850_AND_Streptococcus_salivarius_JIM8777,1013,0.0540064321121132,0.0426108376057298,0.0113955945063834,849,0.0262796831747088,0.0148840886710652,0.0113955945036436,1013,0.0566486978795287,0.0426108376057375,0.0140378602737912,848,0.0325820086228392,0.0148840886710652,0.017697919951774,705,0.0232796651631991,0.0232796651631991,0,469,0.0232796651633097,0.0232796651633097,0,1028,0.0268745047766658,0.0230902534703441,0.00378425130632164,852,0.0268745047774567,0.0230902534698557,0.00378425130760096,1059,0.0326335480974646,0.0133255468617526,0.0193080012357121,854,0.0176765591290802,0.00665355908470864,0.0110230000443715,1029,70.0377914359547,33.6994886032579,36.3383028326968,909,51.9379971533992,22.0612761452502,29.876721008149
Blautia_wexlerae_DSM_19850_AND_Subdoligranulum_variabile_DSM_15176,870,0.0541965678425485,0.0426108376068925,0.011585730235656,708,0.0177292979077525,0.0148840886710652,0.00284520923668726,879,0.0569439880388386,0.0389507779246959,0.0179932101141427,709,0.0177292979077524,0.0148840886710652,0.0028452092366872,873,0.0233813409196514,0.0171858305387871,0.00619551038086434,704,0.0233157517843884,0.021116849670967,0.00219890211342141,861,0.029477674324277,0.0266324650873327,0.0028452092369443,706,0.029477674324549,0.0266324650878619,0.00284520923668718,883,0.0598507059310974,0.0313986135644187,0.0284520923666787,716,0.0575285706746195,0.00665355908470864,0.0508750115899109,847,96.154291437293,41.3527869117524,54.8015045255406,750,77.8722860661528,24.7407916320876,53.1314944340652
Blautia_wexlerae_DSM_19850_AND_Veillonella_atypica_ACS_049_V_Sch6,1188,0.0439527591945182,0.0426108376057375,0.00134192158878061,970,0.0157285787594508,0.0143866571706702,0.00134192158878061,1170,0.0554114169714511,0.0426108376069886,0.0128005793644625,960,0.0190740763125255,0.0124160527902503,0.00665802352227517,783,0.0232796651633097,0.0232796651633097,0,461,0.0232796651633097,0.0232796651633097,0,1187,0.031791723836478,0.0280074725301563,0.0037842513063217,954,0.0304455557843986,0.0266324650878627,0.00381309069653592,1187,0.102675209519706,0.0279458335157206,0.0747293760039853,949,0.102675209519706,0.00665355908470864,0.0960216504349973,1146,85.6668997111087,32.9733220444076,52.6935776667012,1018,43.6015415005412,13.4214474836097,30.1800940169315
Citrobacter_amalonaticus_Y19_AND_Clostridium_clostridioforme_CM201,955,0.185783282412536,0.185783282412536,0,526,0.185783282412536,0.185783282412536,0,996,0.142575328749595,0.142575328749595,0,526,0.142575328749595,0.142575328749595,0,939,0.0596911214264911,0.0596911214264911,0,528,0.0596911214264911,0.0596911214264911,0,979,0.0771064166408938,0.0771064166408938,0,512,0.0771064166408938,0.0771064166408938,0,1046,8.97070168828606,8.97070168828606,0,960,4.48815637082024,4.46884836958453,0.0193080012357121,1265,189.502122492724,124.933861185143,64.5682613075813,1005,141.698916944428,104.11155098762,37.5873659568081
Citrobacter_amalonaticus_Y19_AND_Collinsella_tanakaei_YIT_12063,938,0.185783282412536,0.185783282412536,0,516,0.185783282412536,0.185783282412536,0,946,0.142575328749595,0.142575328749595,0,516,0.142575328749595,0.142575328749595,0,909,0.0596911214264911,0.0596911214264911,0,528,0.0596911214264911,0.0596911214264911,0,920,0.0771064166408938,0.0771064166408938,0,512,0.0771064166408938,0.0771064166408938,0,985,8.97070168828606,8.97070168828606,0,965,4.48791931602122,4.47024275689214,0.0176765591290802,1238,183.081475431948,124.933861185143,58.1476142468044,1014,132.387754147096,102.313865279636,30.0738888674599
Citrobacter_amalonaticus_Y19_AND_Coprococcus_catus_GD_7,931,0.185783282412536,0.185783282412536,0,526,0.185783282412536,0.185783282412536,0,933,0.142575328749595,0.142575328749595,0,526,0.142575328749595,0.142575328749595,0,887,0.0596911214264911,0.0596911214264911,0,528,0.0596911214264911,0.0596911214264911,0,881,0.0771064166408938,0.0771064166408938,0,512,0.0771064166408938,0.0771064166408938,0,964,8.97070168828606,8.97070168828606,0,949,4.48889230645453,4.46451950000711,0.0243728064474197,1232,165.923247469972,124.933861185144,40.9893862848289,1010,123.093990876115,104.11155098762,18.982439888495
Citrobacter_amalonaticus_Y19_AND_Desulfovibrio_desulfuricans_subsp_desulfuricans_DSM_642,905,0.185783282412536,0,0.185783282412536,516,0.185783282412536,0.185783282412536,0,1331,0.142575328749595,0.0356438321873986,0.106931496562196,516,0.142575328749595,0.142575328749595,0,924,0.0596911214264911,0,0.0596911214264911,513,0.0596911214264911,0.0596911214264911,0,1364,0.0771064166408938,0.0192766041602235,0.0578298124806704,517,0.0771064166408938,0.0771064166408938,0,1428,8.97070168828606,2.24267542207151,6.72802626621454,1010,4.53008862527077,4.39587528188754,0.134213343383228,1244,189.545231584646,124.657118907839,64.8881126768066,1046,105.214641992343,93.9192911587459,11.2953508335969
Citrobacter_amalonaticus_Y19_AND_Desulfovibrio_piger_ATCC_29098,892,0.185783282412536,0.185783282412536,0,516,0.185783282412536,0.185783282412536,0,930,0.142575328749595,0.142575328749595,0,516,0.142575328749595,0.142575328749595,0,919,0.0596911214264911,0.0596911214264911,0,513,0.0596911214264911,0.0596911214264911,0,923,0.0771064166408938,0.0771064166408938,0,517,0.0771064166408938,0.0771064166408938,0,1031,8.97070168828606,8.97070168828606,0,881,4.48887209954415,4.46677176710126,0.0221003324428959,1156,160.073927798083,124.933861185143,35.1400666129393,915,108.831022441229,89.6402841678665,19.1907382733626
Citrobacter_amalonaticus_Y19_AND_Dialister_invisus_DSM_15470,904,0.185783282412536,0.185783282412536,0,516,0.185783282412536,0.185783282412536,0,1268,0.145252274036523,0.137221438175737,0.00803083586078591,516,0.142575328749595,0.142575328749595,0,886,0.0596911214264911,0.0596911214264911,0,513,0.0596911214264911,0.0596911214264911,0,1281,0.0793062909415316,0.0727066680396183,0.00659962290191329,568,0.0771064166408938,0.0771064166408938,0,1347,8.97103056276448,8.97004393932921,0.000986623435266463,1004,4.48573545309876,4.48535084414303,0.00038460895572876,1199,127.948943599745,124.933861185143,3.01508241460194,1008,107.126633402222,104.11155098762,3.01508241460192
Citrobacter_amalonaticus_Y19_AND_Dorea_longicatena_DSM_13814,899,0.185783282412536,0.185783282412536,0,516,0.185783282412536,0.185783282412536,0,875,0.142575328749595,0.142575328749595,0,516,0.142575328749595,0.142575328749595,0,877,0.0596911214264911,0.0596911214264911,0,513,0.0596911214264911,0.0596911214264911,0,881,0.0771064166408938,0.0771064166408938,0,512,0.0771064166408938,0.0771064166408938,0,989,8.97070168828606,8.97070168828606,0,822,4.48668935636369,4.47828849880415,0.00840085755953968,1056,172.328876957473,124.933861185144,47.3950157723297,844,104.413231069569,103.900982815761,0.512248253807304
Citrobacter_amalonaticus_Y19_AND_Enterobacter_cloacae_EcWSU1,1111,0.185783282412536,0.185783282412536,0,516,0.185783282412536,0.185783282412536,0,1076,0.142575328749595,0.142575328749595,0,516,0.142575328749595,0.142575328749595,0,1018,0.0596911214264911,0.0596911214264911,0,513,0.0596911214264911,0.0596911214264911,0,1092,0.0771064166408938,0.0771064166408938,0,512,0.0771064166408938,0.0771064166408938,0,1166,8.97070168828606,8.97070168828606,0,534,6.72802626621711,0,6.72802626621711,1399,226.716678527856,80.4915330554111,146.225145472445,1089,161.45141474529,63.6330777394587,97.8183370058317
Citrobacter_amalonaticus_Y19_AND_Enterococcus_faecium_TX1330,922,0.185783282412536,0.185783282412536,0,524,0.185783282412536,0.185783282412536,0,896,0.142575328749595,0.142575328749595,0,524,0.142575328749595,0.142575328749595,0,922,0.0596911214264911,0.0596911214264911,0,521,0.0596911214264912,0.0596911214264912,0,891,0.0771064166408938,0.0771064166408938,0,552,0.0771064166408938,0.0771064166408938,0,967,8.97070168828606,8.97070168828606,0,539,4.48535084414303,4.48535084414303,0,1061,181.9679074916,123.565373774766,58.402533716834,821,118.937118510355,101.299302868324,17.6378156420318
Citrobacter_amalonaticus_Y19_AND_Escherichia_coli_str_K_12_substr_MG1655,1141,0.185783282412536,0.185783282412536,0,516,0.185783282412536,0.185783282412536,0,1135,0.142575328749595,0.142575328749595,0,516,0.142575328749595,0.142575328749595,0,1117,0.0596911214264911,0.0596911214264911,0,518,0.0596911214264911,0.0596911214264911,0,1125,0.0771064166408938,0.0771064166408938,0,512,0.0771064166408938,0.0771064166408938,0,1242,8.97070168828606,8.97070168828606,0,921,4.5319207139085,4.23963586478594,0.292284849122561,1339,227.183578860613,124.933861185144,102.249717675469,957,157.93406109713,87.5143569754914,70.4197041216387
Citrobacter_amalonaticus_Y19_AND_Eubacterium_rectale_M104_1,953,0.185783282412536,0.185783282412536,0,525,0.185783282412536,0.185783282412536,0,942,0.142575328749595,0.142575328749595,0,525,0.142575328749595,0.142575328749595,0,965,0.0596911214264911,0.0596911214264911,0,522,0.0596911214264911,0.0596911214264911,0,939,0.0771064166408938,0.0771064166408938,0,526,0.0771064166408938,0.0771064166408938,0,1025,8.97070168828606,8.97070168828606,0,807,4.48833634906781,4.46959852865109,0.0187378204167291,1048,183.215930406085,124.933861185144,58.2820692209415,819,108.87898516523,103.069294240273,5.80969092495673
Citrobacter_amalonaticus_Y19_AND_Faecalibacterium_prausnitzii_L2_6,907,0.185783282412536,0.185783282412536,0,525,0.185783282412536,0.185783282412536,0,896,0.142575328749595,0.142575328749595,0,525,0.142575328749595,0.142575328749595,0,890,0.0596911214264911,0.0596911214264911,0,522,0.0596911214264911,0.0596911214264911,0,871,0.0771064166408938,0.0771064166408938,0,521,0.0771064166408938,0.0771064166408938,0,972,8.97070168828606,8.97070168828606,0,803,4.48833634906781,4.46959852865109,0.0187378204167291,1056,182.919610816832,124.933861185143,57.9857496316889,817,133.642766955615,100.962933273136,32.6798336824789
Citrobacter_amalonaticus_Y19_AND_Fusobacterium_varium_ATCC_27725,1073,0.185783282412536,0.185783282412536,0,516,0.185783282412536,0.185783282412536,0,1012,0.142575328749595,0.142575328749595,0,516,0.142575328749595,0.142575328749595,0,981,0.0596911214264911,0.0596911214264911,0,518,0.0596911214264911,0.0596911214264911,0,1038,0.0771064166408938,0.0771064166408938,0,517,0.0771064166408938,0.0771064166408938,0,1084,8.97070168828606,8.97070168828606,0,907,4.4882540953607,4.47003252101668,0.0182215743440233,1181,180.653175702883,124.933861185143,55.7193145177394,963,139.208788144057,104.092148801431,35.1166393426258
Citrobacter_amalonaticus_Y19_AND_Haemophilus_parainfluenzae_T3T1,1387,0.185783282412536,0.156563969736181,0.0292193126763542,1050,0.185783282412536,0.181184538458281,0.00459874395425491,1368,0.142575328749595,0.0971962959573784,0.0453790327922161,516,0.142575328749595,0.142575328749595,0,1365,0.0596911214264911,0.0440659902240623,0.0156251312024289,518,0.0596911214264911,0.0596911214264911,0,1361,0.0771064166408938,0.0674032614311542,0.00970315520973962,1040,0.0771064166408938,0.0674032614311542,0.00970315520973962,1451,8.97070168828606,8.61646755237351,0.354234135912553,1093,4.51068525841137,4.48535084414303,0.0253344142683421,1338,207.450995668666,117.666700722073,89.7842949465931,1080,118.629086463099,85.6053458326123,33.0237406304867
Citrobacter_amalonaticus_Y19_AND_Helicobacter_pylori_26695,916,0.185783282412536,0.185783282412536,0,515,0.185783282412536,0.185783282412536,0,945,0.142575328749595,0.142575328749595,0,516,0.142575328749595,0.142575328749595,0,953,0.0596911214264911,0.0596911214264911,0,518,0.0596911214264911,0.0596911214264911,0,946,0.0771064166408938,0.0771064166408938,0,512,0.0771064166408938,0.0771064166408938,0,1045,8.97070168828606,8.97070168828606,0,528,4.48535084414303,4.48535084414303,0,1106,173.093705171393,124.933861185143,48.1598439862497,925,104.339892721136,103.833489622902,0.506403098234628
Citrobacter_amalonaticus_Y19_AND_Klebsiella_pneumoniae_pneumoniae_MGH78578,1066,0.185783282412536,0.185783282412536,0,516,0.185783282412536,0.185783282412536,0,1097,0.142575328749595,0.142575328749595,0,516,0.142575328749595,0.142575328749595,0,1093,0.0596911214264911,0.0596911214264911,0,518,0.0596911214264911,0.0596911214264911,0,1054,0.0771064166408938,0.0771064166408938,0,517,0.0771064166408938,0.0771064166408938,0,1174,8.97070168830238,8.97070168830238,0,868,4.69787574312425,3.36401313310733,1.33386261001692,1224,226.382225499339,124.933861185144,101.448364314195,922,140.224629624814,83.6548337018293,56.5697959229843
Citrobacter_amalonaticus_Y19_AND_Lactobacillus_mucosae_LM1,861,0.185783282412536,0.185783282412536,0,516,0.185783282412536,0.185783282412536,0,850,0.142575328749595,0.142575328749595,0,516,0.142575328749595,0.142575328749595,0,842,0.0596911214264911,0.0596911214264911,0,513,0.0596911214264911,0.0596911214264911,0,846,0.0771064166408938,0.0771064166408938,0,517,0.0771064166408938,0.0771064166408938,0,963,8.97070168828606,8.97070168828606,0,940,4.48794865065773,4.48535084414303,0.00259780651470574,1188,169.050631569692,124.667776710826,44.3828548588659,981,128.856133883035,100.300836672203,28.5552972108321
Citrobacter_amalonaticus_Y19_AND_Lactobacillus_reuteri_SD2112_ATCC_55730,939,0.185783282412536,0.185783282412536,0,516,0.185783282412536,0.185783282412536,0,960,0.142575328749595,0.142575328749595,0,516,0.142575328749595,0.142575328749595,0,952,0.0596911214264911,0.0596911214264911,0,518,0.0596911214264911,0.0596911214264911,0,933,0.0771064166408938,0.0771064166408938,0,512,0.0771064166408938,0.0771064166408938,0,995,8.97070168828606,8.97070168828606,0,528,4.48535084414303,4.48535084414303,0,1041,184.792470837377,122.488549783814,62.303921053563,810,132.534983668209,101.699859691304,30.8351239769053
Citrobacter_amalonaticus_Y19_AND_Megasphaera_elsdenii_DSM_20460,1379,0.185783282412536,0.156563969736181,0.0292193126763542,516,0.185783282412536,0.185783282412536,0,1358,0.145252274036523,0.0998732412364623,0.0453790328000609,974,0.145252274036523,0.0998732412443054,0.0453790327922178,1300,0.0596911214264911,0.044065990242419,0.0156251311840721,1001,0.0596911214264911,0.0528911600265936,0.00679996139989756,1304,0.0803408017108072,0.0706376465010672,0.00970315520973997,997,0.0796459370708586,0.0720273757809643,0.00761856128989428,1461,11.2133771103557,4.48535084414687,6.72802626620878,511,6.72802626621442,0,6.72802626621442,1285,186.365665140612,124.933861185144,61.4318039554689,1056,134.04557297265,103.469411893371,30.5761610792786
Citrobacter_amalonaticus_Y19_AND_Parabacteroides_distasonis_ATCC_8503,946,0.185783282412536,0.185783282412536,0,516,0.185783282412536,0.185783282412536,0,1408,0.145252274036523,0.137221438175737,0.00803083586078591,1040,0.145252274036523,0.137221438175737,0.00803083586078588,945,0.0596911214264911,0.0596911214264911,0,1024,0.0596911214264912,0.0531983283364763,0.00649279309001489,1399,0.0877170050744187,0.0558852397738441,0.0318317653005746,1039,0.0877170050744187,0.0558852397738441,0.0318317653005746,1516,8.9898007474664,8.93250356992537,0.0572971775410343,1077,4.49094712023846,4.47415829195216,0.0167888282863063,1365,186.231483431378,123.265958351829,62.9655250795487,1119,142.284834535125,102.049887324885,40.2349472102397
Citrobacter_amalonaticus_Y19_AND_Parabacteroides_johnsonii_DSM_18315,938,0.185783282412536,0.185783282412536,0,516,0.185783282412536,0.185783282412536,0,903,0.142575328749595,0.142575328749595,0,516,0.142575328749595,0.142575328749595,0,923,0.0596911214264911,0.0596911214264911,0,518,0.0596911214264911,0.0596911214264911,0,912,0.0771064166408938,0.0771064166408938,0,512,0.0771064166408938,0.0771064166408938,0,1012,8.97070168828606,8.97070168828606,0,528,4.48535084414303,4.48535084414303,0,1225,177.563016871201,124.933861185144,52.6291556860575,947,104.705088618075,104.023291190666,0.681797427408676
Citrobacter_amalonaticus_Y19_AND_Phascolarctobacterium_succinatutens_YIT_12067,867,0.185783282412536,0.185783282412536,0,516,0.185783282412536,0.185783282412536,0,844,0.142575328749595,0.142575328749595,0,516,0.142575328749595,0.142575328749595,0,836,0.0596911214264911,0.0596911214264911,0,513,0.0596911214264911,0.0596911214264911,0,868,0.0771064166408938,0.0771064166408938,0,517,0.0771064166408938,0.0771064166408938,0,952,8.97070168828606,8.97070168828606,0,907,4.48538548495473,4.48516807003664,0.000217414918089899,1135,130.904645032073,115.175237616777,15.7294074152965,564,104.11155098762,104.11155098762,0
Citrobacter_amalonaticus_Y19_AND_Prevotella_ruminicola_23,1323,0.185783282412536,0.153951517111961,0.0318317653005746,536,0.185783282412536,0.185783282412536,0,1329,0.145252274036523,0.113420508735949,0.0318317653005746,1014,0.145252274036523,0.137221438175737,0.00803083586078591,1347,0.0596911214264911,0.0278593561259165,0.0318317653005746,518,0.0596911214264911,0.0596911214264911,0,1370,0.0877170050744187,0.0558852397738441,0.0318317653005746,1018,0.0877170050744187,0.0558852397738441,0.0318317653005746,1432,8.9898007474664,8.93250356992537,0.0572971775410343,1015,4.49809356753826,4.47897948244541,0.0191140850928486,1282,197.959573959299,124.933861185144,73.0257127741555,1059,113.010257993338,90.4453013915493,22.5649566017882
Citrobacter_amalonaticus_Y19_AND_Pseudoflavonifractor_capillosus_strain_ATCC_29799,849,0.185783282412536,0.185783282412536,0,516,0.185783282412536,0.185783282412536,0,830,0.142575328749595,0.142575328749595,0,516,0.142575328749595,0.142575328749595,0,830,0.0596911214264911,0.0596911214264911,0,513,0.0596911214264911,0.0596911214264911,0,831,0.0771064166408938,0.0771064166408938,0,512,0.0771064166408938,0.0771064166408938,0,922,8.97070168828606,8.97070168828606,0,806,4.48833634906781,4.46959852865109,0.0187378204167291,1017,162.177208665135,124.933861185144,37.2433474799913,825,107.927665860455,103.561614827489,4.36605103296551
Citrobacter_amalonaticus_Y19_AND_Roseburia_intestinalis_L1_82,967,0.185783282412536,0.185783282412536,0,516,0.185783282412536,0.185783282412536,0,957,0.142575328749595,0.142575328749595,0,516,0.142575328749595,0.142575328749595,0,918,0.0596911214264911,0.0596911214264911,0,518,0.0596911214264911,0.0596911214264911,0,927,0.0771064166408938,0.0771064166408938,0,512,0.0771064166408938,0.0771064166408938,0,1036,8.97070168828606,8.97070168828606,0,798,4.48994222211252,4.46112551672261,0.0288167053899168,1039,183.34067113987,124.933861185144,58.4068099547263,837,117.333475407979,103.565018232365,13.7684571756137
Citrobacter_amalonaticus_Y19_AND_Roseburia_inulinivorans_DSM_16841,888,0.185783282412536,0.185783282412536,0,516,0.185783282412536,0.185783282412536,0,892,0.142575328749595,0.142575328749595,0,516,0.142575328749595,0.142575328749595,0,861,0.0596911214264911,0.0596911214264911,0,518,0.0596911214264911,0.0596911214264911,0,874,0.0771064166408938,0.0771064166408938,0,517,0.0771064166408938,0.0771064166408938,0,973,8.97070168828606,8.97070168828606,0,807,4.49252747639618,4.44748502972661,0.045042446669569,1051,168.783912435705,124.933861185143,43.8500512505612,848,124.303561912493,76.4979264065753,47.8056355059173
Citrobacter_amalonaticus_Y19_AND_Ruminococcus_bromii_L2_63,853,0.185783282412536,0.185783282412536,0,516,0.185783282412536,0.185783282412536,0,862,0.142575328749595,0.142575328749595,0,516,0.142575328749595,0.142575328749595,0,854,0.0596911214264911,0.0596911214264911,0,527,0.0596911214264911,0.0596911214264911,0,852,0.0771064166408938,0.0771064166408938,0,521,0.0771064166408938,0.0771064166408938,0,949,8.97070168828606,8.97070168828606,0,823,4.48668935636369,4.47828849880415,0.00840085755953966,1042,149.929338211916,124.933861185144,24.9954770267728,848,118.756130919587,102.146269610682,16.6098613089045
Citrobacter_amalonaticus_Y19_AND_Ruminococcus_callidus_ATCC_2776001,832,0.185783282412536,0.185783282412536,0,516,0.185783282412536,0.185783282412536,0,842,0.142575328749595,0.142575328749595,0,516,0.142575328749595,0.142575328749595,0,844,0.0596911214264911,0.0596911214264911,0,513,0.0596911214264911,0.0596911214264911,0,796,0.0771064166408938,0.0771064166408938,0,517,0.0771064166408938,0.0771064166408938,0,909,8.97070168828606,8.97070168828606,0,952,4.49211839542227,4.44554322309413,0.0465751723281376,1155,160.946463378111,124.933861185144,36.0126021929675,983,104.665861831264,104.080036482116,0.585825349147661
Citrobacter_amalonaticus_Y19_AND_Ruminococcus_torques_ATCC_27756,936,0.185783282412536,0.185783282412536,0,516,0.185783282412536,0.185783282412536,0,864,0.142575328749595,0.142575328749595,0,516,0.142575328749595,0.142575328749595,0,909,0.0596911214264911,0.0596911214264911,0,518,0.0596911214264911,0.0596911214264911,0,864,0.0771064166408938,0.0771064166408938,0,512,0.0771064166408938,0.0771064166408938,0,949,8.97070168828606,8.97070168828606,0,825,4.48833634906781,4.46959852865109,0.0187378204167291,1035,164.750369337882,124.933861185143,39.8165081527383,845,106.944223760209,102.58734685964,4.35687690056909
Citrobacter_amalonaticus_Y19_AND_Shigella_flexneri_2002017,1074,0.185783282412536,0,0.185783282412536,516,0.185783282412536,0.185783282412536,0,1119,0.142575328749595,0.142575328749595,0,516,0.142575328749595,0.142575328749595,0,1094,0.0596911214264911,0.0596911214264911,0,518,0.0596911214264911,0.0596911214264911,0,1099,0.0771064166408938,0.0771064166408938,0,517,0.0771064166408938,0.0771064166408938,0,1220,8.97070168828606,8.97070168828606,0,533,6.72802626621347,0,6.72802626621347,1452,205.146924668119,99.8855052002348,105.261419467884,1079,110.163911980148,95.2674476852834,14.8964642948649
Citrobacter_amalonaticus_Y19_AND_Streptococcus_salivarius_JIM8777,891,0.185783282412536,0.185783282412536,0,524,0.185783282412536,0.185783282412536,0,886,0.142575328749595,0.142575328749595,0,524,0.142575328749595,0.142575328749595,0,859,0.0596911214264911,0.0596911214264911,0,526,0.0596911214264911,0.0596911214264911,0,885,0.0771064166408938,0.0771064166408938,0,517,0.0771064166408938,0.0771064166408938,0,995,8.97070168828606,8.97070168828606,0,930,4.48791931602122,4.47024275689214,0.0176765591290802,1194,169.748942697367,124.933861185144,44.8150815122235,984,133.880913064757,104.11155098762,29.7693620771374
Citrobacter_amalonaticus_Y19_AND_Subdoligranulum_variabile_DSM_15176,915,0.185783282412536,0.185783282412536,0,516,0.185783282412536,0.185783282412536,0,905,0.142575328749595,0.142575328749595,0,516,0.142575328749595,0.142575328749595,0,926,0.0596911214264911,0.0596911214264911,0,518,0.0596911214264911,0.0596911214264911,0,901,0.0771064166408938,0.0771064166408938,0,512,0.0771064166408938,0.0771064166408938,0,1029,8.97070168828606,8.97070168828606,0,789,4.4951988050568,4.43339039149793,0.0618084135588713,1020,175.818011600498,124.933861185144,50.8841504153546,826,115.025401087385,92.4681122201007,22.5572888672847
Citrobacter_amalonaticus_Y19_AND_Veillonella_atypica_ACS_049_V_Sch6,986,0.185783282412536,0.185783282412536,0,516,0.185783282412536,0.185783282412536,0,985,0.142575328749595,0.142575328749595,0,516,0.142575328749595,0.142575328749595,0,1004,0.0596911214264911,0.0596911214264911,0,518,0.0596911214264911,0.0596911214264911,0,1010,0.0771064166408938,0.0771064166408938,0,512,0.0771064166408938,0.0771064166408938,0,1077,8.97070168828606,8.97070168828606,0,1018,4.50026994611942,4.39759473659972,0.102675209519706,1331,178.692472177048,124.657118907839,54.0353532692086,1093,124.234854032785,104.11155098762,20.1233030451655
Clostridium_clostridioforme_CM201_AND_Collinsella_tanakaei_YIT_12063,767,0.0113955945063834,0,0.0113955945063834,440,0.0113955945036436,0.0113955945036436,0,1096,0.0176979199548328,0.00492466554199302,0.0127732544128398,448,0.017697919951774,0.017697919951774,0,761,0.00609383462452259,0,0.00609383462452259,446,0.00609383462137198,0,0.00609383462137198,722,0.00378425130632164,0.00378425130632164,0,450,0.00378425130760096,0.00378425130760096,0,1114,0.0528523553919769,0.0193080012357121,0.0335443541562648,875,0.0243728064474197,0.00669624731833956,0.0176765591290802,1103,115.604414163631,59.2977396825593,56.3066744810719,916,79.0174781202876,28.7317194238702,50.2857586964174
Clostridium_clostridioforme_CM201_AND_Coprococcus_catus_GD_7,1057,0.0113955945036436,0.00247106465849729,0.00892452984514635,442,0.0113955945036436,0.0113955945036436,0,704,0.0176979199548328,0,0.0176979199548328,448,0.017697919951774,0.017697919951774,0,686,0.00609383462452259,0.00609383462452259,0,435,0.00609383462137198,0.00609383462137198,0,690,0.0037842513063217,0.0037842513063217,0,447,0.00378425130760094,0,0.00378425130760094,1089,0.0527549874280811,0.0193080012357121,0.0334469861923691,858,0.0243728064474197,0.0193080012357121,0.00506480521170765,1094,115.245349977964,64.5682613075813,50.6770886703827,919,66.9081295923008,33.6854464140676,33.2226831782332
Clostridium_clostridioforme_CM201_AND_Desulfovibrio_desulfuricans_subsp_desulfuricans_DSM_642,823,0.0853453615816738,0,0.0853453615816738,496,0.0853453615821162,0,0.0853453615821162,787,0.0894339866704136,0,0.0894339866704136,500,0.0894339866702827,0,0.0894339866702827,811,0.0596911214264911,0,0.0596911214264911,506,0.0596911214264911,0,0.0596911214264911,814,0.0433102564111965,0,0.0433102564111965,497,0.0433102564111075,0,0.0433102564111075,842,0.0913520820694137,0,0.0913520820694137,501,0.091352082069249,0,0.091352082069249,1138,123.274273167494,64.5682613075814,58.7060118599131,960,54.3408583719844,43.0455075383876,11.2953508335969
Clostridium_clostridioforme_CM201_AND_Desulfovibrio_piger_ATCC_29098,1024,0.0597246609077277,0.0113955945063834,0.0483290664013443,787,0.0114157479754408,0.0101877163558862,0.00122803161955462,1026,0.057559011091784,0.00208998721347859,0.0554690238783054,794,0.0177180734235712,0.0164900418040165,0.00122803161955462,645,0.0236680868564973,0,0.0236680868564973,781,0.00611398809316915,0.00488595647361453,0.00122803161955463,1035,0.0301707716235967,0.00378425130760096,0.0263865203159957,797,0.00380440477939813,0.0025763731598435,0.00122803161955462,770,0.0677568968181165,0.0677568968181165,0,807,0.0414535452829192,0.0193532128400235,0.0221003324428958,1003,82.1382946140509,64.5682613075813,17.5700333064696,828,73.1374446032869,42.7389049466887,30.3985396565982
Clostridium_clostridioforme_CM201_AND_Dialister_invisus_DSM_15470,1070,0.0119420136765127,0.011046241396444,0.00089577228006878,440,0.0113955945036436,0.0113955945036436,0,1084,0.0264797808984996,0.0120832370104319,0.0143965438880678,500,0.017697919951774,0.017697919951774,0,751,0.0156251312033343,0,0.0156251312033343,433,0.0060938346213719,0.0060938346213719,0,1095,0.00781000714718106,0.00121038424506805,0.00659962290211301,504,0.00378425130760094,0.00378425130760094,0,1109,0.0202946246701183,0.0193080012357121,0.000986623434406196,922,0.0202946246700099,0.0193080012357121,0.000986623434297795,1083,72.7072804822267,64.5682613075813,8.13901917464534,923,45.941526990451,42.926444575849,3.01508241460192
Clostridium_clostridioforme_CM201_AND_Dorea_longicatena_DSM_13814,536,0.0115857302356561,0,0.0115857302356561,302,0.0115857302328706,0,0.0115857302328706,548,0.0179932101141428,0,0.0179932101141428,726,0.01774412050513,0.0149289360578485,0.00281518444728155,536,0.00619551038086437,0,0.00619551038086437,714,0.00611314055623434,0.00493675275096064,0.0011763878052737,562,0.00384739161738439,0,0.00384739161738439,300,0.0038473916186851,0,0.0038473916186851,753,0.0193080012357121,0.0193080012357121,0,458,0.0193080012357121,0.0193080012357121,0,926,103.93681682342,64.5682613075813,39.3685555158389,761,80.2399863561791,40.7383489678825,39.5016373882966
Clostridium_clostridioforme_CM201_AND_Enterobacter_cloacae_EcWSU1,1010,0.185783282412536,0,0.185783282412536,518,0.185783282412536,0,0.185783282412536,974,0.106931496562196,0,0.106931496562196,949,0.0591852204159009,0.0159326590337291,0.0432525613821719,950,0.0596911214264911,0,0.0596911214264911,529,0.0596911214264911,0,0.0596911214264911,974,0.0578298124806704,0,0.0578298124806704,530,0.0578298124806704,0,0.0578298124806704,1048,6.72802626621454,0,6.72802626621454,534,6.72802626621454,0,6.72802626621454,1259,193.370992278945,42.8731014504485,150.497890828497,1020,164.682565768831,39.2823306058281,125.400235163003
Clostridium_clostridioforme_CM201_AND_Enterococcus_faecium_TX1330,541,0.0115857302356561,0,0.0115857302356561,282,0.0115857302328706,0,0.0115857302328706,525,0.0179932101068639,0,0.0179932101068639,285,0.0179932101110329,0,0.0179932101110329,548,0.00619551038086419,0,0.00619551038086419,283,0.00619551037766119,0,0.00619551037766119,547,0.00384739161883808,1.52985140166614e-13,0.0038473916186851,284,0.0038473916186853,0,0.0038473916186853,733,0.0193080012357121,0.0193080012357121,0,456,0.0193080012357121,0.0193080012357121,0,887,103.503283785471,64.5682613075813,38.9350224778893,748,81.9103349873892,42.9753125094999,38.9350224778893
Clostridium_clostridioforme_CM201_AND_Escherichia_coli_str_K_12_substr_MG1655,900,0.0736648057456932,0,0.0736648057456932,342,0.0736648057456932,0,0.0736648057456932,942,0.0575938825715284,0,0.0575938825715284,343,0.0575938825715284,0,0.0575938825715284,869,0.0236680868564973,0,0.0236680868564973,404,0.00619551037766116,0,0.00619551037766116,853,0.0458601209686777,0,0.0458601209686777,351,0.0458601209686777,0,0.0458601209686777,1000,5.33545044006795,0,5.33545044006795,845,0.298138604931946,0.0193080012357121,0.278830603696234,1248,186.822117032982,64.5682613075813,122.253855725401,892,140.141675897554,37.8884388613023,102.253237036252
Clostridium_clostridioforme_CM201_AND_Eubacterium_rectale_M104_1,928,0.0491210797282865,0.0113955945036436,0.0377254852246428,697,0.0114419080819108,0.0086198365748633,0.00282207150704754,911,0.0554274190624685,0.0176979199517845,0.037729499110684,703,0.0177442335300412,0.0149221620229936,0.00282207150704759,570,0.0236680868564973,0,0.0236680868564973,690,0.0061132107667962,0.00493254475125789,0.00118066601553831,920,0.0273910003866771,0.0037842513134804,0.0236067490731967,700,0.00378908904432819,0.00349430640201374,0.000294782642314444,727,0.0193080012357121,0.0193080012357121,0,456,0.0193080012357121,0.0193080012357121,0,915,127.810506632433,64.5682613075813,63.2422453248514,735,90.959298949451,43.0455075383876,47.9137914110634
Clostridium_clostridioforme_CM201_AND_Faecalibacterium_prausnitzii_L2_6,576,0.0115857302328705,0,0.0115857302328705,288,0.0115857302328705,0,0.0115857302328705,551,0.0179932101141427,0,0.0179932101141427,291,0.0179932101110328,0,0.0179932101110328,557,0.00619551037766119,0,0.00619551037766119,279,0.00619551037766116,0,0.00619551037766116,531,0.00384739161738448,0,0.00384739161738448,279,0.00384739161868508,0,0.00384739161868508,715,0.0193080012357121,0.0193080012357121,0,464,0.0193080012357121,0.0193080012357121,0,916,124.116068834125,64.5682613075813,59.5478075265438,736,64.4476360588609,31.767802376382,32.6798336824789
Clostridium_clostridioforme_CM201_AND_Fusobacterium_varium_ATCC_27725,678,0.0115857302502135,0,0.0115857302502135,384,0.0115857302328705,0,0.0115857302328705,692,0.0179932101141428,0,0.0179932101141428,812,0.0177879388080329,0.0123027299589252,0.00548520884910767,679,0.00619551033880596,0,0.00619551033880596,394,0.00619551037766116,0,0.00619551037766116,712,0.0038473916173845,0,0.0038473916173845,391,0.00384739161868504,0,0.00384739161868504,1100,0.129565310378221,0.0677568968193497,0.0618084135588713,456,0.0193080012357121,0.0193080012357121,0,1058,129.737726905972,64.5682613075813,65.1694655983908,880,92.398287665663,40.658961862075,51.739325803588
Clostridium_clostridioforme_CM201_AND_Haemophilus_parainfluenzae_T3T1,843,0.0292193126396395,0,0.0292193126396395,975,0.0142008184691935,0.00960207451493251,0.00459874395426103,849,0.0453790328000592,0,0.0453790328000592,530,0.0453790327922178,0,0.0453790327922178,838,0.0156251312024289,0,0.0156251312024289,964,0.00709506253843037,0.0054536995360624,0.00164136300236797,849,0.00970315520973892,0,0.00970315520973892,566,0.00970315520973962,0,0.00970315520973962,1226,0.0446424155040542,0.0193080012357121,0.0253344142683421,1017,0.0405492741998879,0.0152148599315458,0.0253344142683421,1184,147.292615002628,64.5682613075813,82.7243536950471,1013,117.521330710342,43.0455075383875,74.4758231719546
Clostridium_clostridioforme_CM201_AND_Helicobacter_pylori_26695,998,0.0597246609092774,0.0113955945036436,0.0483290664056338,794,0.056018432579513,0.00338764544489354,0.0526307871346194,670,0.0575938825715284,0,0.0575938825715284,377,0.0575938825715284,0,0.0575938825715284,644,0.0236680868564973,0,0.0236680868564973,392,0.00619551037766119,0,0.00619551037766119,1012,0.0301707716208744,0.00378425130760101,0.0263865203132733,392,0.00384739161868515,0,0.00384739161868515,778,0.0677568968172635,0.0677568968172635,0,808,0.0230945460844649,0.0193080012357121,0.00378654484875287,989,96.674823965081,64.5682613075813,32.1065626574997,842,71.1231753286657,39.0166126711659,32.1065626574997
Clostridium_clostridioforme_CM201_AND_Klebsiella_pneumoniae_pneumoniae_MGH78578,906,0.0736648057456932,0,0.0736648057456932,353,0.0736648057456932,0,0.0736648057456932,841,0.0575938825715284,0,0.0575938825715284,353,0.0575938825715284,0,0.0575938825715284,876,0.0236680868564973,0,0.0236680868564973,401,0.0236680868564973,0,0.0236680868564973,892,0.0458601209686777,0,0.0458601209686777,354,0.0458601209686777,0,0.0458601209686777,961,5.33545044006795,0,5.33545044006795,366,2.66772522003398,0,2.66772522003398,1149,145.718707120825,64.5682613075813,81.1504458132437,851,124.242495014852,43.0455075383875,81.1969874764649
Clostridium_clostridioforme_CM201_AND_Lactobacillus_mucosae_LM1,701,0.0113955945063833,0.0113955945063833,0,440,0.0113955945036436,0.0113955945036436,0,702,0.0176979199476733,0.0176979199476733,0,834,0.017697919951774,0.0165433392785714,0.00115458067320255,717,0.00609383462452259,0.00609383462452259,0,433,0.00609383462137198,0.00609383462137198,0,642,0.0037842513063217,0.0037842513063217,0,450,0.00378425130760096,0.00378425130760096,0,1051,0.0219058077504273,0.0193080012357121,0.00259780651471521,852,0.0219058077504178,0.0193080012357121,0.00259780651470573,1040,99.7473324451212,64.5682613075813,35.1790711375399,888,54.9802908370087,25.3574167892368,29.6228740477719
Clostridium_clostridioforme_CM201_AND_Lactobacillus_reuteri_SD2112_ATCC_55730,508,0.0115857302356561,0,0.0115857302356561,270,0.0115857302328705,0,0.0115857302328705,509,0.0179932101141427,0,0.0179932101141427,690,0.0177496676259022,0.0145964749300082,0.00315319269589399,508,0.00619551038086437,0,0.00619551038086437,678,0.00614558229550005,0.00299238959960606,0.00315319269589399,565,0.0038473916186851,0,0.0038473916186851,263,0.0038473916186851,0,0.0038473916186851,909,0.033497368367235,0.0193080012357121,0.0141893671315229,703,0.0230669122608037,0.0193080012357121,0.00375891102509163,893,112.940803548413,64.5682613075813,48.3725422408316,733,100.007064575359,32.3629858967854,67.6440786785736
Clostridium_clostridioforme_CM201_AND_Megasphaera_elsdenii_DSM_20460,852,0.0292193127130688,0,0.0292193127130688,545,0.0292193126693291,0,0.0292193126693291,885,0.0453790327922178,0,0.0453790327922178,493,0.0453790327922178,0,0.0453790327922178,872,0.0156251311943511,0,0.0156251311943511,516,0.015625131194351,0,0.015625131194351,820,0.00970315520973962,0,0.00970315520973962,514,0.00970315520973997,0,0.00970315520973997,984,6.7280262661917,0,6.7280262661917,511,6.72802626621442,0,6.72802626621442,1180,125.087567183016,64.5682613075813,60.5193058754352,977,98.8388321340494,43.0455075383875,55.7933245956618
Clostridium_clostridioforme_CM201_AND_Parabacteroides_distasonis_ATCC_8503,926,0.185783282412536,0,0.185783282412536,551,0.0318317653005746,0,0.0318317653005746,899,0.145252274036523,0,0.145252274036523,551,0.0318317653005746,0,0.0318317653005746,898,0.0596911214264911,0,0.0596911214264911,535,0.0318317653005746,0,0.0318317653005746,905,0.115659624961341,0,0.115659624961341,546,0.0318317653005746,0,0.0318317653005746,917,0.0218960201793722,0,0.0218960201793722,992,0.0209932752355023,0.00673495861939941,0.0142583166161029,1219,133.469825653109,64.5682613075813,68.9015643455281,1032,90.0073269900494,39.0718946427582,50.9354323472912
Clostridium_clostridioforme_CM201_AND_Parabacteroides_johnsonii_DSM_18315,1066,0.0512303408550631,0.0113955945036435,0.0398347463514196,798,0.0372544181827674,0.0113955945036436,0.0258588236791238,1066,0.0573024338455721,0.0174676874941163,0.0398347463514558,808,0.0402503993716274,0.017697919951774,0.0225524794198534,703,0.0236680868564973,0,0.0236680868564973,381,0.0236680868564973,0,0.0236680868564973,1072,0.0436189976590205,0.00378425130760093,0.0398347463514196,814,0.0336361599342878,0.00378425130760096,0.0298519086266868,766,0.0193080012357121,0.0193080012357121,0,456,0.0193080012357121,0.0193080012357121,0,1062,119.816813549656,64.5682613075813,55.2485522420752,867,73.9684900705502,43.0455075383875,30.9229825321627
Clostridium_clostridioforme_CM201_AND_Phascolarctobacterium_succinatutens_YIT_12067,1011,0.0155957490022974,0.0113955945036462,0.00420015449865124,806,0.0114179270514318,0.0100571156187862,0.00136081143264559,1010,0.0218980744502531,0.0176979199517739,0.00420015449847923,814,0.017720555182495,0.0163413000684843,0.0013792551140107,1003,0.0102939891231201,0.00609383462452259,0.00420015449859753,800,0.00613522063945526,0.00361340507709062,0.00252181556236463,1002,0.00798440580503403,0.00378425130632167,0.00420015449871236,816,0.00480731403295922,0.00378425130760096,0.00102306272535826,672,0.0193080012357121,0.0193080012357121,0,456,0.0193080012357121,0.0193080012357121,0,1013,82.2517614579472,64.5682613075813,17.6835001503658,838,52.1676624140002,43.0455075383875,9.1221548756127
Clostridium_clostridioforme_CM201_AND_Prevotella_ruminicola_23,1186,0.0841640084415504,0.00338784484185783,0.0807761635996925,522,0.0318317653005746,0,0.0318317653005746,1201,0.0882525528529795,0.00338784484060748,0.0848647080123721,527,0.0318317653005746,0,0.0318317653005746,842,0.0596911214264911,0,0.0596911214264911,532,0.0318317653005746,0,0.0318317653005746,1181,0.0421297326921267,0.0033878448412177,0.038741887850909,532,0.0318317653005746,0,0.0318317653005746,840,0.0218960201793722,0,0.0218960201793722,923,0.0215672069683422,0.00245312187549367,0.0191140850928486,1141,128.237468847881,64.1583050469703,64.0791638009109,980,98.4823370758395,38.1002095364833,60.3821275393562
Clostridium_clostridioforme_CM201_AND_Pseudoflavonifractor_capillosus_strain_ATCC_29799,531,0.0115857302328706,0,0.0115857302328706,698,0.0114885798073484,0.005822613454123,0.00566596635322545,531,0.0179932101110329,0,0.0179932101110329,706,0.0177909052554788,0.0121249389022534,0.00566596635322544,531,0.00619551037766116,0,0.00619551037766116,657,0.00618681992507682,0.000520853571851401,0.00566596635322542,528,0.00384739161868506,0,0.00384739161868506,296,0.00384739161868508,0,0.00384739161868508,718,0.0193080012357121,0.0193080012357121,0,456,0.0193080012357121,0.0193080012357121,0,903,84.018936884006,64.5682613075813,19.4506755764247,734,62.4961831148122,43.0455075383875,19.4506755764247
Clostridium_clostridioforme_CM201_AND_Roseburia_intestinalis_L1_82,902,0.0545277644973761,0.0113955945063833,0.0431321699909929,701,0.0512519318627678,0.00867041112915669,0.0425815207336111,928,0.0573717627846896,0.0133125269634624,0.0440592358212272,705,0.0552978581162444,0.017697919951774,0.0375999381644704,531,0.0236680868564973,0,0.0236680868564973,297,0.00619551037766119,0,0.00619551037766119,923,0.0273333898369822,0.0037842513063217,0.0235491385306605,297,0.0038473916186851,0,0.0038473916186851,923,0.0474598457090952,0.0193080012357121,0.0281518444733832,714,0.0287141754620008,0.000562330989184732,0.028151844472816,890,130.393344450583,64.5682613075813,65.8250831430014,745,56.8139647140014,43.0455075383875,13.7684571756139
Clostridium_clostridioforme_CM201_AND_Roseburia_inulinivorans_DSM_16841,887,0.0211736972963991,0.0113955945207022,0.00977810277569694,708,0.0211736972794824,0.0113955945036436,0.00977810277583875,883,0.0274760227305285,0.0176979199548316,0.00977810277569694,710,0.0274760227276131,0.017697919951774,0.00977810277583911,886,0.0158719374002191,0.00609383462452216,0.00977810277569694,694,0.0158719373972115,0.00609383462137198,0.00977810277583949,907,0.0135623540822781,0.0037842513063217,0.00977810277595638,707,0.0135623540834401,0.00378425130760096,0.00977810277583911,913,0.0481386911868434,0.0193080012357121,0.0288306899511313,737,0.0481386911868743,0.0193080012357121,0.0288306899511623,916,130.968626676848,64.5682613075812,66.4003653692665,760,96.4328065134557,43.0455075383875,53.3872989750682
Clostridium_clostridioforme_CM201_AND_Ruminococcus_bromii_L2_63,903,0.05592982340838,0.0113955945036436,0.0445342289047364,709,0.0530231282758052,0.0113955945036436,0.0416275337721616,905,0.0575223303912778,0.004288408261312,0.0532339221299658,728,0.0565200857106655,0.017697919951774,0.0388221657588915,540,0.0236680868564973,0,0.0236680868564973,314,0.0236680868564973,0,0.0236680868564973,916,0.028098880643761,0.00378425130632169,0.0243146293374393,738,0.0133228134780671,0.00378425130760096,0.00953856217046612,893,0.048374952562538,0.0193080012357121,0.0290669513268259,752,0.0218531773277942,0.0193080012357121,0.00254517609208212,929,81.1566448212476,64.5682613075813,16.5883835136662,762,57.8831837348374,41.1713198043175,16.7118639305199
Clostridium_clostridioforme_CM201_AND_Ruminococcus_callidus_ATCC_2776001,1042,0.0549243335754075,0.0113955945036435,0.043528739071764,846,0.0241329443825971,0.0113955945036436,0.0127373498789535,1037,0.0566486978795287,0.0176979199541082,0.0389507779254206,852,0.0304003008086666,0.017697919951774,0.0127023808568926,1036,0.0232796651633097,0.00609383462137194,0.0171858305419377,834,0.0232796651633097,0.0060938346213719,0.0171858305419378,1016,0.032123718566414,0.00338784484070014,0.0287358737257139,853,0.0142001992738581,0.00378425130760096,0.0104159479662571,1067,0.0531864496449322,0.0193080012357121,0.0338784484092201,868,0.0465751723281376,0.0126967239187948,0.0338784484093428,1048,86.952035179532,64.5682613075813,22.3837738719508,899,56.2676755853842,34.0266064267751,22.2410691586091
Clostridium_clostridioforme_CM201_AND_Ruminococcus_torques_ATCC_27756,919,0.054633282922946,0.0113955945063834,0.0432376884165626,703,0.0518112114163463,0.0113955945036436,0.0404156169127027,918,0.0573815535060741,0.0127257298830333,0.0446558236230407,713,0.0553898425052548,0.017697919951774,0.0376919225534808,572,0.0236680868564973,0,0.0236680868564973,312,0.00619551037766116,0,0.00619551037766116,922,0.0273910003842224,0.00378425130760096,0.0236067490766214,311,0.00384739161868509,0,0.00384739161868509,737,0.0193080012357121,0.0193080012357121,0,456,0.0193080012357121,0.0193080012357121,0,916,103.465545245995,64.5682613075813,38.8972839384141,756,81.9427914768017,43.0455075383876,38.8972839384141
Clostridium_clostridioforme_CM201_AND_Shigella_flexneri_2002017,979,0.185783282412536,0,0.185783282412536,521,0.185783282412536,0,0.185783282412536,1006,0.106931496562196,0,0.106931496562196,952,0.0598189100348177,0.017697919951774,0.0421209900830437,986,0.0596911214264911,0,0.0596911214264911,523,0.0596911214264911,0,0.0596911214264911,998,0.0578298124806704,0,0.0578298124806704,533,0.0578298124806704,0,0.0578298124806704,1094,6.72802626622678,0,6.72802626622678,533,6.72802626621454,0,6.72802626621454,1318,159.44562767916,46.2771629183656,113.168464760794,1013,110.459038532773,41.2171786732243,69.2418598595486
Clostridium_clostridioforme_CM201_AND_Streptococcus_salivarius_JIM8777,696,0.0113955944920645,0,0.0113955944920645,427,0.0113955945036436,0,0.0113955945036436,709,0.017697919951774,0,0.017697919951774,419,0.017697919951774,0,0.017697919951774,729,0.00609383462137198,0.00609383462137198,0,421,0.00609383462137198,0,0.00609383462137198,696,0.00378425130632164,0,0.00378425130632164,424,0.00378425130760096,0,0.00378425130760096,737,0.0193080012357121,0.0193080012357121,0,847,0.0193080012357121,0.00163144210663191,0.0176765591290802,1070,94.4449823157303,64.5682613075813,29.876721008149,898,63.2068190525816,40.9901960137047,22.2166230388769
Clostridium_clostridioforme_CM201_AND_Subdoligranulum_variabile_DSM_15176,559,0.0115857302328705,0,0.0115857302328705,689,0.011442287799806,0.00859707856311868,0.00284520923668731,572,0.0179932101068639,0,0.0179932101068639,696,0.0177446132479364,0.0148994040112491,0.00284520923668722,552,0.00619551037358549,0,0.00619551037358549,274,0.00619551037766117,0,0.00619551037766117,567,0.00384739161738448,0,0.00384739161738448,271,0.00384739161868509,0,0.00384739161868509,917,0.059996772913946,0.0193080012357121,0.0406887716782339,714,0.0599967729156933,0.0193080012357121,0.0406887716799812,899,118.473812624254,64.5682613075813,53.9055513166729,739,89.4209941347499,37.9149029631718,51.5060911715781
Clostridium_clostridioforme_CM201_AND_Veillonella_atypica_ACS_049_V_Sch6,1173,0.0113955945043766,0.0100536729155959,0.00134192158878061,946,0.0113955945036436,0.010053672914863,0.00134192158878061,785,0.017697919951774,0.017697919951774,0,944,0.0176979199517739,0.0113453669294084,0.00635255302236555,791,0.00609383462528837,0.00609383462528837,0,433,0.00609383462137198,0.00609383462137198,0,797,0.00378425130760116,0.00378425130760116,0,535,0.00381309069653591,0,0.00381309069653591,910,0.102675209519706,0,0.102675209519706,519,0.102675209519706,0,0.102675209519706,1196,116.610744041237,64.5682613075813,52.0424827336554,1011,70.7549155108516,37.7682540557444,32.9866614551073
Collinsella_tanakaei_YIT_12063_AND_Coprococcus_catus_GD_7,672,0.0113955945063834,0.0113955945063834,0,433,0.0113955945036436,0,0.0113955945036436,1049,0.0176979199535116,0.0128005793644625,0.00489734058904913,843,0.0176979199517739,0.0128005793644625,0.00489734058731144,671,0.00609383462452259,0.00609383462452259,0,434,0.0060938346213719,0,0.0060938346213719,996,0.00378425130425983,0.00358366204028398,0.000200589263975852,459,0.00378425130760096,0.00378425130760096,0,699,0.0335443541551389,0.0335443541551389,0,867,0.0243728064474197,0.0176765591290802,0.00669624731833956,1082,103.890899207415,62.6391666109438,41.251732596471,920,74.6727499837167,54.4982714566545,20.1744785270622
Collinsella_tanakaei_YIT_12063_AND_Desulfovibrio_desulfuricans_subsp_desulfuricans_DSM_642,790,0.0853453615821699,0,0.0853453615821699,496,0.0853453615821185,0,0.0853453615821185,801,0.0894339866704622,0,0.0894339866704622,500,0.0894339866702846,0,0.0894339866702846,791,0.0596911214264911,0,0.0596911214264911,506,0.0596911214264911,0,0.0596911214264911,806,0.0433102564106017,0,0.0433102564106017,497,0.0433102564111088,0,0.0433102564111088,797,0.091352082069875,0,0.091352082069875,501,0.0913520820692535,0,0.0913520820692535,1127,123.748974138924,62.3627526369726,61.3862215019518,969,68.5863809046692,57.2910300710723,11.2953508335969
Collinsella_tanakaei_YIT_12063_AND_Desulfovibrio_piger_ATCC_29098,1054,0.0564646051804251,0.0113955945063834,0.0450690106740417,791,0.0114157479754408,0.0101877163558862,0.00122803161955462,1019,0.057559011091784,0.00208998721347859,0.0554690238783054,790,0.0140286109840171,0.0128005793644625,0.00122803161955462,678,0.0236680868564973,0,0.0236680868564973,789,0.00611398809316914,0.00488595647361452,0.00122803161955462,1010,0.0269812990905645,0.00378425130760096,0.0231970477829636,797,0.00380440477939813,0.0025763731598435,0.00122803161955463,713,0.0335443541532883,0.0335443541532883,0,567,0.0221160322487076,1.56998058116867e-05,0.0221003324428959,991,89.9257271212054,54.8399544343974,35.0857726868079,831,75.8109527544068,50.576039326062,25.2349134283447
Collinsella_tanakaei_YIT_12063_AND_Dialister_invisus_DSM_15470,1060,0.0119420136760722,0.0110462413967256,0.000895772279346605,500,0.0113955945036436,0.0113955945036436,0,1053,0.0264797809016063,0.0120832370134545,0.0143965438881517,498,0.0128005793644625,0.0128005793644625,0,720,0.0156251312024292,0,0.0156251312024292,444,0.00609383462137198,0.00609383462137198,0,1058,0.0078100071462582,0.00121038424356091,0.00659962290269729,507,0.00378425130760096,0.00378425130760096,0,686,0.0335443541563011,0.0335443541563011,0,839,0.0176985638203395,0.0174059781197859,0.000292585700553684,1053,70.9272088381853,66.0958631410458,4.83134569713951,927,62.1971243357436,59.1820419211417,3.01508241460193
Collinsella_tanakaei_YIT_12063_AND_Dorea_longicatena_DSM_13814,563,0.0115857302356558,0,0.0115857302356558,302,0.0115857302328706,0,0.0115857302328706,517,0.0179932101141423,0,0.0179932101141423,727,0.015615763811744,0.0128005793644625,0.00281518444728152,560,0.00619551038086437,0,0.00619551038086437,724,0.00614003517472801,0.00332485072744648,0.00281518444728153,565,0.00384739161738448,0,0.00384739161738448,300,0.0038473916186851,0,0.0038473916186851,934,0.0419452117165742,0.0335443541569785,0.00840085755959571,742,0.0260774166886198,0.0176765591290802,0.00840085755953968,913,98.7387170289803,58.2371632846598,40.5015537443204,771,75.0707993522432,46.658550574681,28.4122487775622
Collinsella_tanakaei_YIT_12063_AND_Enterobacter_cloacae_EcWSU1,1017,0.185783282412536,0,0.185783282412536,518,0.185783282412536,0,0.185783282412536,981,0.106931496562196,0,0.106931496562196,950,0.0580608731017188,0.0128005793644625,0.0452602937372563,971,0.0596911214264911,0,0.0596911214264911,538,0.0596911214264911,0,0.0596911214264911,910,0.0578298124924551,0,0.0578298124924551,530,0.0578298124806704,0,0.0578298124806704,1020,6.72802626621454,0,6.72802626621454,534,6.72802626621454,0,6.72802626621454,1256,190.941230311476,40.443339482979,150.497890828497,1030,160.915537658498,46.658550574681,114.256987083817
Collinsella_tanakaei_YIT_12063_AND_Enterococcus_faecium_TX1330,506,0.0115857302356561,0,0.0115857302356561,283,0.0115857302328706,0,0.0115857302328706,559,0.0179932101287,0,0.0179932101287,285,0.0179932101110329,0,0.0179932101110329,540,0.0061955103819723,0,0.0061955103819723,282,0.00619551037766119,0,0.00619551037766119,532,0.00384739161868508,0,0.00384739161868508,280,0.0038473916186851,0,0.0038473916186851,744,0.0335443541563828,0.0335443541563828,0,711,0.0201746744989721,0.00773869872715535,0.0124359757718167,903,109.901482864473,51.4989491476392,58.4025337168339,753,78.6495531600863,59.1820419211417,19.4675112389447
Collinsella_tanakaei_YIT_12063_AND_Escherichia_coli_str_K_12_substr_MG1655,827,0.0736648057456932,0,0.0736648057456932,342,0.0736648057456932,0,0.0736648057456932,866,0.0575938825715284,0,0.0575938825715284,343,0.0575938825715284,0,0.0575938825715284,867,0.0236680868564973,0,0.0236680868564973,414,0.00619551037766116,0,0.00619551037766116,851,0.0458601209686777,0,0.0458601209686777,337,0.0458601209686777,0,0.0458601209686777,981,5.33545044006795,0,5.33545044006795,852,0.29764398803231,0.0176765591290802,0.27996742890323,1230,189.228154627594,66.5095035549333,122.71865107266,903,146.059616512786,53.827415824127,92.2322006886586
Collinsella_tanakaei_YIT_12063_AND_Eubacterium_rectale_M104_1,922,0.0443376270819973,0.0113955945063834,0.0329420325756139,705,0.0114252698729747,0.00961703096370626,0.0018082389092684,905,0.0451528508303696,0.0128005793644625,0.0323522714659071,704,0.0138858342752387,0.0128005793644625,0.00108525491077621,545,0.0236680868564973,0,0.0236680868564973,699,0.00614014819963921,0.00331807669259167,0.00282207150704754,901,0.0273596044058441,0.0037842513063217,0.0235753530995224,710,0.00383056488586818,0.00100849337882058,0.0028220715070476,906,0.0522821745720703,0.0335443541553412,0.0187378204167291,722,0.0207917478089305,0.00528389280184434,0.0155078550070862,893,122.28941892043,61.8735393725346,60.4158795478956,743,86.901297643468,45.3337259210664,41.5675717224017
Collinsella_tanakaei_YIT_12063_AND_Faecalibacterium_prausnitzii_L2_6,475,0.0115857302328705,0,0.0115857302328705,284,0.0115857302328705,0,0.0115857302328705,482,0.0179932101110329,0,0.0179932101110329,288,0.0179932101110328,0,0.0179932101110328,505,0.00619551037766116,0,0.00619551037766116,282,0.00619551037766116,0,0.00619551037766116,514,0.00384739162078134,0,0.00384739162078134,282,0.00384739161868508,0,0.00384739161868508,921,0.0522821745731365,0.0335443541564074,0.0187378204167291,732,0.0214405771715877,0.00270275675485861,0.0187378204167291,902,119.646415198345,60.7830652295776,58.8633499687674,753,86.0348422930756,50.2179590717182,35.8168832213574
Collinsella_tanakaei_YIT_12063_AND_Fusobacterium_varium_ATCC_27725,676,0.0115857302429349,0,0.0115857302429349,380,0.0115857302328705,0,0.0115857302328705,659,0.0179932100995851,0,0.0179932100995851,812,0.0138858342752387,0.0128005793644625,0.00108525491077621,660,0.00619551036630665,0,0.00619551036630665,394,0.00619551037766116,0,0.00619551037766116,679,0.00384739161738455,0,0.00384739161738455,391,0.0038473916186851,0,0.0038473916186851,1056,0.062210408194142,0.0335443541567683,0.0286660540373737,821,0.0201746744989721,0.00773869872715535,0.0124359757718167,1037,116.463547904179,52.4947536678581,63.9687942363214,887,98.485751963242,45.7062969146323,52.7794550486097
Collinsella_tanakaei_YIT_12063_AND_Haemophilus_parainfluenzae_T3T1,795,0.0292193126763547,0,0.0292193126763547,981,0.0124924553929663,0.0106943164759372,0.00179813891702919,809,0.0453790328367511,0,0.0453790328367511,535,0.0453790327922178,0,0.0453790327922178,805,0.0156251311657064,0,0.0156251311657064,975,0.00889905858692201,0.00430031463266081,0.00459874395426119,796,0.00970315520645983,0,0.00970315520645983,556,0.00970315520973962,0,0.00970315520973962,871,0.0919748790860864,0,0.0919748790860864,1011,0.0291534681863801,0.0176765591290802,0.0114769090572999,1191,144.346116837517,46.5510408059043,97.7950760316131,1019,117.379095088624,46.658550574681,70.7205445139431
Collinsella_tanakaei_YIT_12063_AND_Helicobacter_pylori_26695,998,0.056464605180295,0.0113955945036436,0.0450690106766514,800,0.0559873501821887,0.00339322344629613,0.0525941267358926,645,0.0575938825715284,0,0.0575938825715284,377,0.0575938825715284,0,0.0575938825715284,617,0.0236680868564973,0,0.0236680868564973,401,0.00619551037766127,0,0.00619551037766127,980,0.0269812990852095,0.0037842513063217,0.0231970477788878,392,0.00384739161868507,0,0.00384739161868507,746,0.0335443541587944,0.0335443541587944,0,811,0.0201746744989721,0.00773869872715535,0.0124359757718167,997,100.844581309533,61.1164562184329,39.7281250911,846,72.9950426328233,48.0965543585643,24.898488274259
Collinsella_tanakaei_YIT_12063_AND_Klebsiella_pneumoniae_pneumoniae_MGH78578,842,0.0736648057456932,0,0.0736648057456932,348,0.0736648057456932,0,0.0736648057456932,841,0.0575938825715284,0,0.0575938825715284,353,0.0575938825715284,0,0.0575938825715284,792,0.0236680868564973,0,0.0236680868564973,401,0.0236680868564973,0,0.0236680868564973,790,0.0458601209686777,0,0.0458601209686777,354,0.0458601209686777,0,0.0458601209686777,924,5.33545044006795,0,5.33545044006795,366,2.66772522003398,0,2.66772522003398,1153,156.241311904086,54.8399544343974,101.401357469688,865,120.453615880085,46.2868749180764,74.1667409620083
Collinsella_tanakaei_YIT_12063_AND_Lactobacillus_mucosae_LM1,681,0.0113955945063834,0,0.0113955945063834,827,0.0113955945036436,0.0107548303839745,0.000640764119669096,676,0.0128005793644625,0,0.0128005793644625,449,0.0128005793644625,0.0128005793644625,0,673,0.00609383462452259,0.00609383462452259,0,824,0.00609383462137198,0.00515096987590531,0.000942864745466673,664,0.00378425130632175,0,0.00378425130632175,841,0.00378425130760094,0.00274238870150806,0.00104186260609288,713,0.0335443541562474,0.0335443541562474,0,851,0.0178535513194171,0.0171008942949479,0.000752657024469188,1038,90.5585892248711,57.2891046129432,33.2694846119279,898,83.7676712534259,56.6884367904294,27.0792344629965
Collinsella_tanakaei_YIT_12063_AND_Lactobacillus_reuteri_SD2112_ATCC_55730,540,0.0115857302356561,0,0.0115857302356561,271,0.0115857302328706,0,0.0115857302328706,538,0.0179932101076357,0,0.0179932101076357,687,0.0142919175952352,0.0128005793644625,0.00149133823077271,513,0.00619551038086437,0,0.00619551038086437,683,0.00613938561919696,0.00336378118764727,0.0027756044315497,536,0.0038473916173845,0,0.0038473916173845,263,0.00384739161868508,0,0.00384739161868508,731,0.0335443541572689,0.0335443541572689,0,702,0.0200362085416278,0.00828953611885107,0.0117466724227767,875,114.727805887093,58.344364186702,56.3834417003913,738,98.0939886324473,38.606625815587,59.4873628168603
Collinsella_tanakaei_YIT_12063_AND_Megasphaera_elsdenii_DSM_20460,859,0.0292193126693302,0,0.0292193126693302,544,0.0292193126693291,0,0.0292193126693291,832,0.0453790328000609,0,0.0453790328000609,493,0.0453790327922178,0,0.0453790327922178,804,0.0156251311943505,0,0.0156251311943505,516,0.0156251311943505,0,0.0156251311943505,781,0.00970315520973997,0,0.00970315520973997,514,0.00970315520973997,0,0.00970315520973997,919,6.72802626622617,0,6.72802626622617,511,6.72802626621442,0,6.72802626621442,1145,128.09181068063,66.2465043537973,61.8453063268326,977,96.2073537939912,47.8529169854338,48.3544368085575
Collinsella_tanakaei_YIT_12063_AND_Parabacteroides_distasonis_ATCC_8503,1239,0.0432273598042182,0.0113955945036436,0.0318317653005746,967,0.0432273598042182,0.0113955945036436,0.0318317653005746,1222,0.0446323446650371,0.0128005793644625,0.0318317653005746,962,0.0446323446650371,0.0128005793644625,0.0318317653005746,1218,0.0379255999219466,0.00609383462137198,0.0318317653005746,955,0.0379255999219466,0.00609383462137198,0.0318317653005746,1227,0.0356160166068963,0.0037842513063217,0.0318317653005746,963,0.0356160166081756,0.00378425130760096,0.0318317653005746,1243,0.055440374335308,0.0335443541559358,0.0218960201793722,999,0.0234255462889428,0.0176765591290802,0.00574898715986265,1211,120.839348736878,62.191716244789,58.6476324920889,1040,101.645829458589,50.8804285539417,50.7654009046474
Collinsella_tanakaei_YIT_12063_AND_Parabacteroides_johnsonii_DSM_18315,1046,0.043232808029589,0.0113955945036436,0.0318372135259454,810,0.0417927436973074,0.00995553017173846,0.031837213525569,1046,0.0495351334777484,0.017697919951774,0.0318372135259744,801,0.0417927436973074,0.00995553017173846,0.0318372135255689,664,0.0236680868564973,0,0.0236680868564973,381,0.0236680868564973,0,0.0236680868564973,1069,0.03562146483317,0.00378425130760096,0.031837213525569,819,0.03562146483317,0.00378425130760096,0.031837213525569,1045,0.0522821745720145,0.0335443541552853,0.0187378204167291,851,0.033314242356877,0.0176765591290802,0.0156376832277968,1042,106.407253356387,64.6532008470031,41.7540525093842,874,73.2255123669721,45.2887339082421,27.93677845873
Collinsella_tanakaei_YIT_12063_AND_Phascolarctobacterium_succinatutens_YIT_12067,969,0.0145306207470637,0.0113955945036436,0.00313502624342009,811,0.0114180011564304,0.0100526742099135,0.00136532694651687,968,0.0158523316811845,0.0128005793644625,0.00305175231672203,810,0.0141882293595109,0.0128005793644625,0.00138764999504838,972,0.00972440800689623,0.00609383462452259,0.00363057338237364,807,0.00613522063945531,0.00361340507709066,0.00252181556236465,992,0.00763069780185625,0.00378425130760094,0.00384644649425531,821,0.00480820342984996,0.00378425130760096,0.001023952122249,683,0.0335443541566963,0.0335443541566963,0,834,0.0177202330279751,0.0175028181098877,0.000217414918087353,963,81.5239719155745,66.0880154584742,15.4359564571002,851,66.0393704799999,59.1820419211417,6.85732855885818
Collinsella_tanakaei_YIT_12063_AND_Prevotella_ruminicola_23,1159,0.0432273598042182,0.0113955945036436,0.0318317653005746,938,0.0432273598042182,0.0113955945036436,0.0318317653005746,1120,0.0446323446650371,0.0128005793644625,0.0318317653005746,934,0.0371152286288953,0.00528346332832065,0.0318317653005746,1127,0.0379255999250972,0.00609383462452259,0.0318317653005746,941,0.0379255999219466,0.00609383462137198,0.0318317653005746,1160,0.0356160166068963,0.0037842513063217,0.0318317653005746,944,0.0356160166081756,0.00378425130760096,0.0318317653005746,1212,0.0393596823181147,0.0174636621387425,0.0218960201793722,504,0.0191140850928486,0,0.0191140850928486,1158,133.245886976392,55.1272269048624,78.1186600715297,985,105.150780951245,45.2111292160802,59.9396517351649
Collinsella_tanakaei_YIT_12063_AND_Pseudoflavonifractor_capillosus_strain_ATCC_29799,506,0.0115857302328705,0,0.0115857302328705,710,0.0114885798073484,0.00582261345412299,0.00566596635322545,501,0.0179932101141427,0,0.0179932101141427,708,0.0177909052554788,0.0121249389022534,0.00566596635322545,487,0.00619551037766116,0,0.00619551037766116,670,0.00618681992507681,0.000520853571851347,0.00566596635322547,493,0.00384739161868509,0,0.00384739161868509,287,0.00384739161868508,0,0.00384739161868508,895,0.0522821745733317,0.0335443541566026,0.0187378204167291,724,0.0214405771715877,0.00270275675485861,0.0187378204167291,870,93.0215904137052,56.696963336305,36.3246270774002,741,78.6327174975664,59.1820419211417,19.4506755764247
Collinsella_tanakaei_YIT_12063_AND_Roseburia_intestinalis_L1_82,907,0.0516182674130269,0.0113955945063834,0.0402226729066435,703,0.051618267410227,0.0113955945036436,0.0402226729065834,907,0.0543641012452875,0.0128005793644625,0.041563521880825,707,0.0543641012459683,0.0128005793644625,0.0415635218815058,524,0.0236680868564973,0,0.0236680868564973,297,0.00619551037766117,0,0.00619551037766117,874,0.0244868860265642,0.0037842513063217,0.0207026347202425,297,0.0038473916186851,0,0.0038473916186851,691,0.0335443541562494,0.0335443541562494,0,711,0.0284633724257114,0.00193787393896646,0.0265254984867449,886,125.185550950594,62.6900979266346,62.4954530239598,754,72.2240985831415,58.4556414075278,13.7684571756136
Collinsella_tanakaei_YIT_12063_AND_Roseburia_inulinivorans_DSM_16841,878,0.018694042413434,0.0113955945063834,0.00729844790705061,708,0.0171272231116166,0.0113955945036436,0.00573162860797298,880,0.0197933058328851,0.0128005793644625,0.00699272646842262,705,0.018033310355139,0.0128005793644625,0.00523273099067653,872,0.0145459331563075,0.00609383462452259,0.00845209853178491,703,0.013708070968764,0.00609383462137198,0.00761423634739202,870,0.0127389097963307,0.00378425130760096,0.00895465848872977,708,0.0127389097971649,0.00378425130760096,0.00895465848956395,705,0.0335443541564733,0.0335443541565946,-1.21291197861955e-13,744,0.0313146061312424,0.0176765591290802,0.0136380470021622,899,124.156512331935,58.5549350238509,65.6015773080844,760,102.248089293168,53.0308060059778,49.2172832871906
Collinsella_tanakaei_YIT_12063_AND_Ruminococcus_bromii_L2_63,864,0.0529257499001557,0.0113955945036436,0.0415301553965121,716,0.0529257498995011,0.0113955945036436,0.0415301553958575,864,0.055715169513729,0.0128005793644625,0.0429145901492665,727,0.0557151695148212,0.0128005793644625,0.0429145901503587,511,0.0236680868564973,0,0.0236680868564973,305,0.0236680868564973,0,0.0236680868564973,883,0.025159848078636,0.0037842513063217,0.0213755967723143,739,0.0133228134780671,0.00378425130760096,0.00953856217046612,675,0.0335443541561078,0.0335443541561078,0,757,0.0234606639973011,0.0176765591290802,0.00578410486822095,892,86.6397184462238,62.4903438834312,24.1493745627926,772,75.1777084247319,58.4658444942121,16.7118639305198
Collinsella_tanakaei_YIT_12063_AND_Ruminococcus_callidus_ATCC_2776001,1022,0.0438857658439154,0.0113955945036436,0.0324901713402718,855,0.0128005793644625,0.0113955945036436,0.00140498486081888,1022,0.0440832192430574,0.017697919951774,0.0263852992912834,437,0.0128005793644625,0,0.0128005793644625,639,0.0232796651633097,0,0.0232796651633097,844,0.0232796651633097,0.00609383462137198,0.0171858305419377,643,0.028735873725763,0,0.028735873725763,858,0.0128005793644625,0.00238463139820568,0.0104159479662568,641,0.033878448409326,0,0.033878448409326,444,0.0338784484093433,0,0.0338784484093433,1026,88.770522389605,60.4556802781197,28.3148421114853,904,61.0098447385364,55.9779035384133,5.03194120012314
Collinsella_tanakaei_YIT_12063_AND_Ruminococcus_torques_ATCC_27756,889,0.0517166680503925,0.0113955945036436,0.0403210735467489,710,0.051716668050556,0.0113955945036436,0.0403210735469124,901,0.0544657821344917,0.0128005793644625,0.0416652027700292,710,0.0544657821356726,0.0128005793644625,0.0416652027712101,550,0.0236680868564973,0,0.0236680868564973,312,0.00619551037766116,0,0.00619551037766116,869,0.0245375328970783,0.0037842513063217,0.0207532815907566,306,0.00384739161868508,0,0.00384739161868508,720,0.0335443541558696,0.0335443541558696,0,749,0.0214405771715877,0.00270275675485861,0.0187378204167291,884,97.9884476893857,57.7314528711519,40.2569948182338,769,78.6268389514375,58.9098890952808,19.7169498561568
Collinsella_tanakaei_YIT_12063_AND_Shigella_flexneri_2002017,993,0.185783282412536,0,0.185783282412536,521,0.185783282412536,0,0.185783282412536,938,0.106931496580414,0,0.106931496580414,947,0.0580608731017188,0.0128005793644625,0.0452602937372563,985,0.0596911214264911,0,0.0596911214264911,533,0.0596911214264911,0,0.0596911214264911,909,0.0578298124806704,0,0.0578298124806704,528,0.0578298124806704,0,0.0578298124806704,1066,6.72802626621454,0,6.72802626621454,533,6.72802626621454,0,6.72802626621454,1300,167.947388983357,55.7356716854731,112.211717297884,1020,101.187785452826,46.4656517926536,54.7221336601729
Collinsella_tanakaei_YIT_12063_AND_Streptococcus_salivarius_JIM8777,705,0.0113955945063834,0.0113955945063834,0,827,0.0113955945036436,0.00289379968317668,0.00850179482046693,641,0.0176979199548328,0,0.0176979199548328,824,0.017697919951774,0.00455238214434141,0.0131455378074326,683,0.00609383462452259,0.00609383462452259,0,412,0.00609383462137198,0,0.00609383462137198,704,0.0037842513063217,0.0037842513063217,0,836,0.00378425130760096,0.000994150898410614,0.00279010040919034,726,0.0335443541571158,0.0335443541571158,0,465,0.0176765591290802,0.0176765591290802,0,1060,97.7949946659181,59.12383632066,38.6711583452581,904,79.8986447451114,59.1820419211417,20.7166028239697
Collinsella_tanakaei_YIT_12063_AND_Subdoligranulum_variabile_DSM_15176,533,0.011585730235656,0,0.011585730235656,696,0.011442287799806,0.00859707856311867,0.00284520923668732,536,0.0179932101141427,0,0.0179932101141427,696,0.0156457886011497,0.0128005793644625,0.00284520923668721,523,0.00619551038086434,0,0.00619551038086434,272,0.00619551037766117,0,0.00619551037766117,487,0.00384739161738448,0,0.00384739161738448,271,0.00384739161868509,0,0.00384739161868509,917,0.0619964465235852,0.0335443541568407,0.0284520923667446,721,0.0595876069932581,0.0176765591290802,0.0419110478641779,883,113.326927522327,59.3090418332043,54.0178856891227,744,96.3137964173502,44.6700781872177,51.6437182301325
Collinsella_tanakaei_YIT_12063_AND_Veillonella_atypica_ACS_049_V_Sch6,1180,0.0113955945043766,0.0100536729155959,0.00134192158878061,450,0.0113955945036436,0.0113955945036436,0,772,0.0128005793644625,0.0128005793644625,0,535,0.0128005793644625,0,0.0128005793644625,766,0.00609383462137198,0.00609383462137198,0,444,0.00609383462137198,0.00609383462137198,0,772,0.00378425130760096,0.00378425130760096,0,527,0.00381309069653592,0,0.00381309069653592,892,0.102675209519706,0,0.102675209519706,519,0.102675209519706,0,0.102675209519706,1196,115.173058903681,61.9513017669594,53.2217571367217,1014,78.3620820382025,56.3280705696308,22.0340114685717
Coprococcus_catus_GD_7_AND_Desulfovibrio_desulfuricans_subsp_desulfuricans_DSM_642,786,0.085345361582668,0,0.085345361582668,506,0.0853453615821222,0,0.0853453615821222,798,0.0894339866710165,0,0.0894339866710165,510,0.0894339866702882,0,0.0894339866702882,786,0.0596911214264911,0,0.0596911214264911,496,0.0596911214264911,0,0.0596911214264911,780,0.0433102564105726,0,0.0433102564105726,497,0.0433102564111074,0,0.0433102564111074,787,0.091352082069165,0,0.091352082069165,510,0.0913520820692535,0,0.0913520820692535,1112,119.22346264355,53.1693776468268,66.0540849967232,966,51.431044905371,40.1356940717741,11.2953508335969
Coprococcus_catus_GD_7_AND_Desulfovibrio_piger_ATCC_29098,974,0.0126236261256171,0.0113955945063833,0.00122803161923388,778,0.0114157479754408,0.0101877163558862,0.00122803161955462,978,0.018925951571344,0.0176979199517738,0.00122803161957026,784,0.0171231401796499,0.0158951085600953,0.00122803161955462,975,0.00732186624095422,0.00609383462137279,0.00122803161958143,778,0.00611398809316915,0.00488595647361453,0.00122803161955462,968,0.00501228291895241,0.0037842512991623,0.00122803161979011,786,0.00380440477939813,0.0025763731598435,0.00122803161955463,725,0.0334469861923986,0.0334469861923986,0,788,0.032930649922848,0.0243728064474197,0.00855784347542829,974,85.9522088314794,50.81214221854,35.1400666129393,831,62.474350535326,32.8323341187296,29.6420164165964
Coprococcus_catus_GD_7_AND_Dialister_invisus_DSM_15470,1051,0.0119420136686832,0.0110462413897154,0.000895772278967852,433,0.0113955945036436,0.0113955945036436,0,1044,0.0264797809016059,0.0120832370134548,0.0143965438881511,493,0.0158951085600951,0.0158951085600951,0,693,0.0156251312024289,0,0.0156251312024289,434,0.0060938346213719,0.0060938346213719,0,1031,0.00781000714566823,0.0012103842428141,0.00659962290285413,494,0.00378425130760101,0.00378425130760101,0,669,0.0334469861921031,0.0334469861921031,0,446,0.0243728064474197,0.0243728064474197,0,1057,60.1261000626043,54.6191536543871,5.50694640821712,927,43.9934322631161,40.9783498485142,3.01508241460191
Coprococcus_catus_GD_7_AND_Dorea_longicatena_DSM_13814,547,0.0115857302328706,0,0.0115857302328706,302,0.0115857302328706,0,0.0115857302328706,547,0.0179932101110328,0,0.0179932101110328,719,0.01774412050513,0.0149289360578485,0.00281518444728152,547,0.00619551037766119,0,0.00619551037766119,713,0.00614003517472801,0.00332485072744649,0.00281518444728152,525,0.00384739161738439,0,0.00384739161738439,300,0.0038473916186851,0,0.0038473916186851,889,0.0521848066082825,0.0334469861915534,0.0187378204167291,724,0.0294704930453282,0.0237022784488303,0.00576821459649792,899,96.1656053131835,47.4987256051207,48.6668797080628,768,66.1951951287858,26.8516530537713,39.3435420750145
Coprococcus_catus_GD_7_AND_Enterobacter_cloacae_EcWSU1,959,0.185783282412536,0,0.185783282412536,518,0.185783282412536,0,0.185783282412536,932,0.106931496562196,0,0.106931496562196,942,0.0591717406265465,0.0158951085600893,0.0432766320664572,925,0.0596911214264911,0,0.0596911214264911,529,0.0596911214264911,0,0.0596911214264911,942,0.0578298124806704,0,0.0578298124806704,540,0.0578298124806704,0,0.0578298124806704,1050,6.72802626621454,0,6.72802626621454,534,6.72802626621454,0,6.72802626621454,1243,185.650889356475,35.2926620980245,150.35822725845,1030,151.928475988856,27.4096807416758,124.518795247181
Coprococcus_catus_GD_7_AND_Enterococcus_faecium_TX1330,481,0.0115857302328706,0,0.0115857302328706,286,0.0115857302328706,0,0.0115857302328706,512,0.0179932101141428,0,0.0179932101141428,292,0.0179932101110329,0,0.0179932101110329,516,0.00619551038086437,0,0.00619551038086437,277,0.00619551037766119,0,0.00619551037766119,508,0.0038473916186851,0,0.0038473916186851,277,0.0038473916186851,0,0.0038473916186851,708,0.0334469861960005,0.0334469861960005,0,454,0.0243728064474197,0.0243728064474197,0,884,106.130326225952,47.7277925091184,58.4025337168339,755,66.747086304841,34.5294193735416,32.2176669312994
Coprococcus_catus_GD_7_AND_Escherichia_coli_str_K_12_substr_MG1655,883,0.0736648057456932,0,0.0736648057456932,352,0.0736648057456932,0,0.0736648057456932,855,0.0575938825715284,0,0.0575938825715284,353,0.0575938825715284,0,0.0575938825715284,801,0.0236680868564973,0,0.0236680868564973,419,0.00619551037766116,0,0.00619551037766116,899,0.0458601209686777,0,0.0458601209686777,351,0.0458601209686777,0,0.0458601209686777,930,5.33545044006795,0,5.33545044006795,835,0.299674141032731,0.0243728064474197,0.275301334585311,1201,163.728211073596,50.9318606589302,112.796350414666,902,133.197779664603,39.6638132156834,93.5339664489194
Coprococcus_catus_GD_7_AND_Eubacterium_rectale_M104_1,879,0.0545108305317628,0.0113955944958838,0.043115236035879,694,0.0114419080819108,0.00861983657486331,0.00282207150704754,890,0.0573683605142302,0.0135164386359563,0.0438519218782739,699,0.0177442335300412,0.0149221620229936,0.0028220715070476,528,0.0236680868564973,0,0.0236680868564973,693,0.00614014819963921,0.00331807669259169,0.00282207150704752,873,0.0273503363710309,0.00378425130760094,0.0235660850634299,702,0.00383056488586818,0.00100849337882067,0.00282207150704751,898,0.052184806609022,0.0334469861922928,0.0187378204167291,446,0.0243728064474197,0.0243728064474197,0,889,110.108908017536,47.0374581875085,63.0714498300272,744,73.2744783604407,33.6669552951996,39.6075230652411
Coprococcus_catus_GD_7_AND_Faecalibacterium_prausnitzii_L2_6,546,0.0115857302328705,0,0.0115857302328705,285,0.0115857302328705,0,0.0115857302328705,526,0.0179932101110328,0,0.0179932101110328,285,0.0179932101110328,0,0.0179932101110328,511,0.00619551038086434,0,0.00619551038086434,282,0.00619551037766116,0,0.00619551037766116,503,0.00384739161868509,0,0.00384739161868509,282,0.00384739161868509,0,0.00384739161868509,877,0.0521848066094495,0.0334469861927204,0.0187378204167291,710,0.0431106268641489,0.0243728064474197,0.0187378204167291,895,111.742502639927,52.3562541678546,59.3862484720729,748,73.9376123142202,34.2390739631912,39.698538351029
Coprococcus_catus_GD_7_AND_Fusobacterium_varium_ATCC_27725,663,0.0115857302356561,0,0.0115857302356561,389,0.0115857302328706,0,0.0115857302328706,693,0.0179932101186338,0,0.0179932101186338,441,0.0158951085600946,0.0158951085600946,0,655,0.00619551038086434,0,0.00619551038086434,394,0.00619551037766118,0,0.00619551037766118,650,0.00384739161010565,0,0.00384739161010565,391,0.00384739161868504,0,0.00384739161868504,1055,0.0622092413390751,0.0334469861916774,0.0287622551473977,446,0.0243728064474197,0.0243728064474197,0,1014,104.641828284819,50.0663556166727,54.5754726681466,880,75.299657963266,25.6402671465611,49.659390816705
Coprococcus_catus_GD_7_AND_Haemophilus_parainfluenzae_T3T1,809,0.0292193126763542,0,0.0292193126763542,973,0.0142008184691935,0.00960207451493254,0.00459874395426096,782,0.0453790328000602,0,0.0453790328000602,544,0.0453790327922178,0,0.0453790327922178,792,0.0156251312024292,0,0.0156251312024292,971,0.00889905858692211,0.00430031463266075,0.00459874395426136,806,0.00970315520973979,0,0.00970315520973979,568,0.00970315520973967,0,0.00970315520973967,1175,0.0738024900859488,0.0484680758176067,0.0253344142683421,1005,0.0499951418273663,0.0246607275590241,0.0253344142683421,1155,144.725353438083,46.9361999567351,97.7891534813476,1015,105.281386473041,26.7367996024973,78.5445868705438
Coprococcus_catus_GD_7_AND_Helicobacter_pylori_26695,993,0.0564334097754142,0.0113955945069848,0.0450378152684294,784,0.0559781551390854,0.00339487357485388,0.0525832815642315,623,0.0575938825715284,0,0.0575938825715284,377,0.0575938825715284,0,0.0575938825715284,619,0.0236680868564973,0,0.0236680868564973,401,0.00619551037766115,0,0.00619551037766115,982,0.0269709397097887,0.0037842512991623,0.0231866884106264,401,0.00384739161868507,0,0.00384739161868507,678,0.0334469861919409,0.0334469861919409,0,446,0.0243728064474197,0.0243728064474197,0,984,98.2700815932311,50.1102376069815,48.1598439862496,852,61.3053251257313,33.2472379870419,28.0580871386894
Coprococcus_catus_GD_7_AND_Klebsiella_pneumoniae_pneumoniae_MGH78578,802,0.0736648057456932,0,0.0736648057456932,358,0.0736648057456932,0,0.0736648057456932,786,0.0575938825715284,0,0.0575938825715284,363,0.0575938825715284,0,0.0575938825715284,802,0.0236680868564973,0,0.0236680868564973,401,0.0236680868564973,0,0.0236680868564973,807,0.0458601209686777,0,0.0458601209686777,354,0.0458601209686777,0,0.0458601209686777,888,5.33545044006795,0,5.33545044006795,366,2.6677252200339,0,2.6677252200339,1097,152.276207394737,50.8121422185399,101.464065176197,858,109.466564514908,28.2695770384426,81.1969874764649
Coprococcus_catus_GD_7_AND_Lactobacillus_mucosae_LM1,655,0.011395594499224,0.011395594499224,0,433,0.0113955945036436,0.0113955945036436,0,689,0.0176979199548328,0.0176979199548328,0,826,0.0170496892332967,0.0158951085600942,0.00115458067320255,674,0.0060938346245225,0.0060938346245225,0,434,0.00609383462137198,0.00609383462137198,0,656,0.00378425131348109,0.00378425131348109,0,441,0.00378425130760096,0.00378425130760096,0,684,0.0334469861922482,0.0334469861922482,0,446,0.0243728064474197,0.0243728064474197,0,1015,82.7417679587399,45.5399950767952,37.2017728819447,897,56.5355029920148,25.2353072362109,31.3001957558039
Coprococcus_catus_GD_7_AND_Lactobacillus_reuteri_SD2112_ATCC_55730,481,0.0115857302328706,0,0.0115857302328706,278,0.0115857302328705,0,0.0115857302328705,481,0.0179932101110329,0,0.0179932101110329,683,0.0177496676259021,0.0145964749300081,0.00315319269589399,481,0.00619551038086437,0,0.00619551038086437,675,0.00614558229550005,0.00299238959960606,0.00315319269589399,502,0.0038473916186851,0,0.0038473916186851,271,0.00384739161868509,0,0.00384739161868509,715,0.0334469861908829,0.0334469861913405,-4.57580339653339e-13,446,0.0243728064474197,0.0243728064474197,0,863,116.344990962819,48.6234318256545,67.7215591371642,730,88.9113313770457,21.2672526984721,67.6440786785736
Coprococcus_catus_GD_7_AND_Megasphaera_elsdenii_DSM_20460,800,0.0292193126693267,0,0.0292193126693267,553,0.029219312669327,0,0.029219312669327,776,0.0453790327922178,0,0.0453790327922178,493,0.0453790327922178,0,0.0453790327922178,761,0.015625131194351,0,0.015625131194351,516,0.015625131194351,0,0.015625131194351,744,0.00970315520973976,0,0.00970315520973976,514,0.00970315520973997,0,0.00970315520973997,879,6.72802626621699,0,6.72802626621699,511,6.72802626621442,0,6.72802626621442,1148,115.304339083799,51.6418923900704,63.6624466937281,982,88.0307578865574,32.3955399003411,55.6352179862164
Coprococcus_catus_GD_7_AND_Parabacteroides_distasonis_ATCC_8503,1202,0.043227359806958,0.0113955945063834,0.0318317653005746,960,0.0432273598042182,0.0113955945036436,0.0318317653005746,1206,0.0495296852523486,0.017697919951774,0.0318317653005746,968,0.0477268738606706,0.015895108560096,0.0318317653005746,1201,0.0379255999250971,0.0060938346245225,0.0318317653005746,945,0.0322720228723767,0.00609383462137198,0.0261781882510047,1186,0.0356160165997369,0.0037842512991623,0.0318317653005746,967,0.0356160166081756,0.00378425130760094,0.0318317653005746,1207,0.0553430063704347,0.0334469861910625,0.0218960201793722,446,0.0243728064474197,0.0243728064474197,0,1191,109.280195920569,45.7956067864248,63.4845891341437,1044,86.5450436658419,35.4643083486266,51.0807353172153
Coprococcus_catus_GD_7_AND_Parabacteroides_johnsonii_DSM_18315,666,0.0736648057456932,0,0.0736648057456932,796,0.0432328080292126,0.0113955945036436,0.031837213525569,702,0.0575938825715284,0,0.0575938825715284,806,0.047732322085664,0.015895108560095,0.031837213525569,698,0.0236680868564973,0,0.0236680868564973,381,0.0236680868564973,0,0.0236680868564973,733,0.0458601209686777,0,0.0458601209686777,810,0.03562146483317,0.00378425130760096,0.031837213525569,1039,0.0521848066092047,0.0334469861924756,0.0187378204167291,840,0.0333414270180279,0.0243728064474197,0.0089686205706082,1041,97.0994401356731,44.4713982888308,52.6280418468423,881,65.1720649129373,28.3645813919555,36.8074835209818
Coprococcus_catus_GD_7_AND_Phascolarctobacterium_succinatutens_YIT_12067,974,0.0567079773028189,0.0113955945063834,0.0453123827964355,798,0.0114180011564304,0.0100526742099135,0.00136532694651687,642,0.0575938825715284,0,0.0575938825715284,801,0.0171589807167054,0.0158951085600941,0.00126387215661121,629,0.0236680868564973,0,0.0236680868564973,801,0.00613522063945536,0.00361340507709073,0.00252181556236463,977,0.0271122945197689,0.0037842513063217,0.0233280432134472,810,0.00480962311498106,0.00378425130760101,0.00102537180738005,677,0.0334469861925224,0.0334469861925224,0,822,0.0249183999542876,0.0247009850362002,0.000217414918087381,974,73.2996717993945,56.6306852739061,16.6689865254884,848,50.4122616496383,40.8921236975004,9.5201379521379
Coprococcus_catus_GD_7_AND_Prevotella_ruminicola_23,1128,0.0432273597997985,0.0113955944992239,0.0318317653005746,925,0.0432273598042182,0.0113955945036436,0.0318317653005746,1112,0.0495296852410884,0.0176979199405138,0.0318317653005746,940,0.0371152286288953,0.00528346332832065,0.0318317653005746,1112,0.0379255999250972,0.00609383462452259,0.0318317653005746,927,0.0322720228723767,0.00609383462137198,0.0261781882510047,1114,0.0356160166140557,0.00378425131348109,0.0318317653005746,946,0.0356160166081756,0.00378425130760094,0.0318317653005746,1177,0.0393089911875685,0.0174129710081963,0.0218960201793722,446,0.0243728064474197,0.0243728064474197,0,1138,126.003997907646,49.8759561764583,76.1280417311873,992,94.3384779506547,33.9563504112985,60.3821275393562
Coprococcus_catus_GD_7_AND_Pseudoflavonifractor_capillosus_strain_ATCC_29799,491,0.011585730235656,0,0.011585730235656,691,0.0114885798073484,0.005822613454123,0.00566596635322545,516,0.0179932101141427,0,0.0179932101141427,441,0.015895108560095,0.015895108560095,0,482,0.00619551038086434,0,0.00619551038086434,658,0.00618681992507681,0.000520853571851359,0.00566596635322545,458,0.00384739161868509,0,0.00384739161868509,287,0.00384739161868508,0,0.00384739161868508,889,0.0521848066119554,0.0334469861952263,0.0187378204167291,715,0.0433985479757532,0.0246607275590241,0.0187378204167291,854,88.9192566340876,50.0179054812382,38.9013511528494,736,56.4176711956766,36.966995619252,19.4506755764247
Coprococcus_catus_GD_7_AND_Roseburia_intestinalis_L1_82,894,0.0515904264958341,0.0113955945069846,0.0401948319888494,695,0.05159042649518,0.0113955945036436,0.0401948319915364,894,0.0551081476259481,0.017697919955115,0.0374102276708331,704,0.0548227365042622,0.0158951085600942,0.038927627944168,535,0.0236680868564973,0,0.0236680868564973,297,0.00619551037766077,0,0.00619551037766077,864,0.0244776406105547,0.0037842512991623,0.0206933893113924,297,0.0038473916186851,0,0.0038473916186851,734,0.0334469861921338,0.0334469861921338,0,700,0.0284608382946666,0.00195177251908331,0.0265090657755833,880,113.736505758319,50.5689750702272,63.1675306880914,749,46.3622045404558,32.593747364842,13.7684571756139
Coprococcus_catus_GD_7_AND_Roseburia_inulinivorans_DSM_16841,875,0.0525596731105391,0.0113955945069847,0.0411640786035544,691,0.0167024604831048,0.0113955945036436,0.00530686597946118,890,0.0560102470923995,0.0176979199540189,0.0383123271383806,697,0.0194365209856776,0.015895108560095,0.00354141242558262,525,0.0236680868564973,0,0.0236680868564973,684,0.0134809276450295,0.00609383462137198,0.00738709302365753,875,0.0249766350489315,0.00378425131348109,0.0211923837354504,691,0.0126963980223517,0.00378425130760096,0.00891214671475072,657,0.033446986192009,0.033446986192009,0,713,0.0321945833119799,0.0243728064474197,0.00782177686456013,877,107.648906833218,42.6973478975874,64.9515589356308,756,80.1355936359627,37.815110919412,42.3204827165508
Coprococcus_catus_GD_7_AND_Ruminococcus_bromii_L2_63,866,0.0528970039875325,0.011395594520702,0.0415014094668304,703,0.0528970039847023,0.0113955945036436,0.0415014094810587,865,0.056324208468535,0.017697919940514,0.0386262885280209,722,0.0560881221240623,0.0158951085600944,0.0401930135639679,500,0.0236680868564973,0,0.0236680868564973,305,0.0236680868564973,0,0.0236680868564973,883,0.0251503021282782,0.00378425131094198,0.0213660508173362,726,0.0133228134780671,0.00378425130760096,0.00953856217046612,646,0.0334469861923756,0.0334469861923756,0,733,0.0286439130518306,0.0238669922714747,0.00477692078035594,881,80.6503333864452,48.6521596560049,31.9981737304403,767,57.6720058017323,40.9601418712124,16.7118639305199
Coprococcus_catus_GD_7_AND_Ruminococcus_callidus_ATCC_2776001,672,0.0599137978549396,0,0.0599137978549396,841,0.0241961738681061,0.0113955945036436,0.0128005793644625,1017,0.0566486978795287,0.0176979199540104,0.0389507779255183,846,0.028695687924558,0.0158951085600955,0.0128005793644625,994,0.0232796651633097,0.00609383462499967,0.01718583053831,832,0.0232796651633097,0.00609383462137198,0.0171858305419377,648,0.0287358737252518,0,0.0287358737252518,857,0.0142001992738579,0.00378425130760094,0.0104159479662569,645,0.0338784484089593,0,0.0338784484089593,452,0.0338784484093433,0,0.0338784484093433,1007,77.6431948940409,44.3841866467829,33.259008247258,900,44.2302188037237,27.6452010846097,16.5850177191141
Coprococcus_catus_GD_7_AND_Ruminococcus_torques_ATCC_27756,884,0.0516887590258226,0.0113955945063836,0.040293164519439,696,0.0516887590255672,0.0113955945036436,0.0402931645219236,884,0.0551996679071829,0.0176979199548328,0.03750174795235,706,0.05491796895003,0.0158951085600955,0.0390228603899344,513,0.0236680868564973,0,0.0236680868564973,312,0.00619551037766116,0,0.00619551037766116,862,0.0245282648637747,0.00378425130632175,0.0207440135574529,306,0.00384739161868509,0,0.00384739161868509,668,0.0334469861924119,0.0334469861924119,0,730,0.0319998497301119,0.0241856309844943,0.00781421874561763,882,92.6155298908508,48.5043119507036,44.1112179401472,760,63.8006113039248,34.2251865196896,29.5754247842352
Coprococcus_catus_GD_7_AND_Shigella_flexneri_2002017,983,0.185783282412536,0,0.185783282412536,521,0.185783282412536,0,0.185783282412536,982,0.106931496562196,0,0.106931496562196,946,0.0591717406265468,0.0158951085600903,0.0432766320664565,974,0.0596911214264911,0,0.0596911214264911,533,0.0596911214264911,0,0.0596911214264911,935,0.0578298124806704,0,0.0578298124806704,533,0.0578298124806704,0,0.0578298124806704,1024,6.72802626621454,0,6.72802626621454,533,6.72802626621454,0,6.72802626621454,1275,151.28307867876,38.1146139179655,113.168464760794,1014,91.8384730678711,22.4412162449317,69.3972568229394
Coprococcus_catus_GD_7_AND_Streptococcus_salivarius_JIM8777,646,0.0113955945036436,0.0113955945036436,0,810,0.0113955945036436,0.00356392538431279,0.00783166911933083,647,0.0176979199476734,0.0176979199476734,0,428,0.017697919951774,0,0.017697919951774,694,0.00609383461020338,0.00609383461020338,0,421,0.00609383462137198,0,0.00609383462137198,660,0.0037842513063217,0.0037842513063217,0,432,0.00378425130760096,0,0.00378425130760096,1031,0.0335028758262037,0.0141948745904916,0.0193080012357121,446,0.0243728064474197,0.0243728064474197,0,1019,86.737473924556,46.2556279570676,40.4818459674885,894,57.9501665679535,39.0882066960046,18.8619598719488
Coprococcus_catus_GD_7_AND_Subdoligranulum_variabile_DSM_15176,527,0.0115857302340465,0,0.0115857302340465,683,0.011442287799806,0.00859707856311867,0.00284520923668731,530,0.0179932101134239,0,0.0179932101134239,694,0.0177446132479364,0.0148994040112491,0.00284520923668728,492,0.00619551037766116,0,0.00619551037766116,277,0.00619551037766117,0,0.00619551037766117,492,0.00384739161868508,0,0.00384739161868508,271,0.00384739161868509,0,0.00384739161868509,890,0.0618990785593656,0.0334469861923637,0.0284520923670019,699,0.060543962013977,0.0243728064474197,0.0361711555665572,866,101.078938376026,44.3293945438965,56.7495438321294,746,81.0979929962622,34.5906231015022,46.50736989476
Coprococcus_catus_GD_7_AND_Veillonella_atypica_ACS_049_V_Sch6,746,0.0113955945063834,0.0113955945063834,0,939,0.0113955945036436,0.010053672914863,0.00134192158878061,742,0.0176979199548328,0.0176979199548328,0,937,0.017697919951774,0.0158951085600946,0.00180281139167936,821,0.00609383462137198,0,0.00609383462137198,434,0.00609383462137198,0.00609383462137198,0,757,0.0037842512991623,0.0037842512991623,0,535,0.00381309069653592,0,0.00381309069653592,1170,0.118560874815113,0.0158856652954069,0.102675209519706,930,0.118560874816858,0.0158856652971522,0.102675209519706,1181,98.9219823638527,46.5243468093212,52.3976355545315,1018,58.0301250134357,33.2338618861971,24.7962631272387
Desulfovibrio_desulfuricans_subsp_desulfuricans_DSM_642_AND_Desulfovibrio_piger_ATCC_29098,811,0.085345361582234,0.085345361582234,0,496,0.0853453615821207,0.0853453615821207,0,824,0.0894339866706336,0.0894339866706336,0,500,0.0894339866702827,0.0894339866702827,0,824,0.0596911214264911,0.0596911214264911,0,496,0.0596911214264911,0.0596911214264911,0,799,0.043310256408502,0.043310256408502,0,497,0.0433102564111099,0.0433102564111099,0,791,0.091352082069448,0.091352082069448,0,501,0.0913520820692581,0.0913520820692581,0,1032,93.8460784728524,58.7060118599131,35.1400666129393,860,43.8594505017995,11.2953508335969,32.5640996682026
Desulfovibrio_desulfuricans_subsp_desulfuricans_DSM_642_AND_Dialister_invisus_DSM_15470,768,0.085345361582913,0.085345361582913,0,496,0.0853453615821194,0.0853453615821194,0,769,0.0894339866698294,0.0894339866698294,0,500,0.089433986670288,0.089433986670288,0,1141,0.0596911214264911,0.0440659902240603,0.0156251312024309,496,0.0596911214264911,0.0596911214264911,0,765,0.0433102564082181,0.0433102564082181,0,552,0.0433102564111037,0.0433102564111037,0,736,0.0913520820698328,0.0913520820698328,0,501,0.0913520820692562,0.0913520820692562,0,1103,73.8603762440642,66.054084996723,7.80629124734117,958,14.3104332481988,11.2953508335969,3.01508241460193
Desulfovibrio_desulfuricans_subsp_desulfuricans_DSM_642_AND_Dorea_longicatena_DSM_13814,794,0.0853453615869727,0.0853453615811965,5.77620138621035e-12,496,0.0853453615821157,0.0853453615821157,0,804,0.0894339866710523,0.0894339866710523,0,500,0.0894339866702823,0.0894339866702823,0,790,0.0596911214264911,0.0596911214264911,0,496,0.0596911214264911,0.0596911214264911,0,791,0.0433102564115826,0.0433102564115826,0,497,0.0433102564111096,0.0433102564111096,0,799,0.0913520820704111,0.0913520820704111,0,501,0.0913520820692557,0.0913520820692557,0,948,108.156018275023,66.0540849967231,42.1019332782996,799,48.561566776076,11.2953508335969,37.2662159424791
Desulfovibrio_desulfuricans_subsp_desulfuricans_DSM_642_AND_Enterobacter_cloacae_EcWSU1,944,0.185783282412536,0.185783282412536,0,990,0.185783282412536,0.0710092424868078,0.114774039925728,1376,0.133664370702745,0.106931496562196,0.026732874140549,1000,0.107214862331416,0.087931443059756,0.0192834192716604,946,0.0596911214264911,0.0596911214264911,0,529,0.0596911214264911,0,0.0596911214264911,1343,0.072287265600838,0.0578298124806704,0.0144574531201676,1005,0.0686573765834475,0.0433102564111086,0.0253471201723389,1446,8.41003283276818,6.72802626621454,1.68200656655364,1015,6.76157960206035,0.134213343383228,6.62736625867712,1304,198.000648763038,47.9271879739317,150.073460789106,1059,134.088771337029,11.2953508335969,122.793420503432
Desulfovibrio_desulfuricans_subsp_desulfuricans_DSM_642_AND_Enterococcus_faecium_TX1330,814,0.085345361580938,0.085345361580938,0,496,0.085345361582118,0.085345361582118,0,802,0.0894339866696535,0.0894339866696535,0,500,0.0894339866702869,0.0894339866702869,0,784,0.0596911214264911,0.0596911214264911,0,496,0.0596911214264911,0.0596911214264911,0,800,0.0433102564120856,0.0433102564120856,0,497,0.043310256411109,0.043310256411109,0,819,0.0913520820701606,0.0913520820701606,0,501,0.0913520820692549,0.0913520820692549,0,939,116.62632004358,58.2237863267462,58.402533716834,777,48.3642686664358,11.2953508335968,37.068917832839
Desulfovibrio_desulfuricans_subsp_desulfuricans_DSM_642_AND_Escherichia_coli_str_K_12_substr_MG1655,1092,0.185783282412536,0.185783282412536,0,813,0.110123083623687,0.0604123311040768,0.04971075251961,1077,0.106931496562196,0.106931496562196,0,820,0.103309838689724,0.0894339866702852,0.0138758520194385,1076,0.0596911214264911,0.0596911214264911,0,496,0.0596911214264911,0.0596911214264911,0,1084,0.0578298124806704,0.0578298124806704,0,817,0.0554868281496931,0.0465100266390878,0.00897680151060526,1183,6.72802626621454,6.72802626621454,0,877,0.320836872391739,0.134213343383228,0.18662352900851,1224,188.772736069384,66.0540849967231,122.718651072661,926,108.392645526428,11.2953508335968,97.0972946928308
Desulfovibrio_desulfuricans_subsp_desulfuricans_DSM_642_AND_Eubacterium_rectale_M104_1,827,0.0853453615817561,0.0853453615817561,0,505,0.0853453615821272,0.0853453615821272,0,813,0.089433986670638,0.089433986670638,0,509,0.0894339866702837,0.0894339866702837,0,808,0.0596911214264911,0.0596911214264911,0,505,0.0596911214264911,0.0596911214264911,0,812,0.043310256411255,0.043310256411255,0,506,0.0433102564111072,0.0433102564111072,0,837,0.0913520820678444,0.0913520820678444,0,501,0.0913520820692475,0.0913520820692475,0,945,129.289070676373,66.0540849967232,63.2349856796501,774,57.1678575486303,11.2953508335969,45.8725067150335
Desulfovibrio_desulfuricans_subsp_desulfuricans_DSM_642_AND_Faecalibacterium_prausnitzii_L2_6,1002,0.0969310918183149,0.0853453615826589,0.011585730235656,505,0.0853453615821158,0.0853453615821158,0,970,0.103309838689799,0.089433986670647,0.0138758520191516,509,0.089433986670287,0.089433986670287,0,786,0.0596911214264911,0.0596911214264911,0,505,0.0596911214264911,0.0596911214264911,0,982,0.0471576480282692,0.0433102564108847,0.00384739161738448,506,0.0433102564111058,0.0433102564111058,0,969,0.110089902485989,0.0913520820692596,0.0187378204167291,509,0.0913520820692503,0.0913520820692503,0,949,125.601892523267,66.0540849967232,59.5478075265436,773,50.9938891846259,11.2953508335969,39.698538351029
Desulfovibrio_desulfuricans_subsp_desulfuricans_DSM_642_AND_Fusobacterium_varium_ATCC_27725,1133,0.0969310918177084,0.0853453615820524,0.011585730235656,496,0.0853453615821197,0.0853453615821197,0,1178,0.103309838689708,0.0894339866702075,0.0138758520195002,500,0.089433986670291,0.089433986670291,0,885,0.0596911214264911,0.0596911214264911,0,496,0.0596911214264911,0.0596911214264911,0,1159,0.0471576480359562,0.0433102564112929,0.00384739162466334,497,0.0433102564111054,0.0433102564111054,0,1172,0.257573564244229,0.0913520820689535,0.166221482175275,501,0.0913520820692506,0.0913520820692506,0,1080,120.648263521741,66.054084996723,54.5941785250184,920,67.161618950555,11.2953508335969,55.8662681169582
Desulfovibrio_desulfuricans_subsp_desulfuricans_DSM_642_AND_Haemophilus_parainfluenzae_T3T1,1241,0.0855432167043521,0.056323904027998,0.0292193126763542,1033,0.0853765014329172,0.0807777574786561,0.00459874395426111,1225,0.0897412654259291,0.0443622326337129,0.0453790327922161,500,0.0894339866702928,0.0894339866702928,0,1228,0.0596911214264911,0.0440659902240623,0.0156251312024289,496,0.0596911214264911,0.0596911214264911,0,1223,0.0433759601798392,0.0336728049733797,0.00970315520645948,1030,0.0433759601790317,0.0336728049692921,0.00970315520973962,1285,0.0915236310530997,0.0661892167847576,0.0253344142683421,1062,0.0915236310591987,0.0661892167908566,0.0253344142683421,1204,145.843938116396,52.5689085231635,93.2750295932328,1050,86.799291220091,11.2953508335969,75.5039403864942
Desulfovibrio_desulfuricans_subsp_desulfuricans_DSM_642_AND_Helicobacter_pylori_26695,820,0.0853453615817539,0.0853453615817539,0,496,0.0853453615821158,0.0853453615821158,0,817,0.089433986670517,0.089433986670517,0,500,0.0894339866702801,0.0894339866702801,0,801,0.0596911214264911,0.0596911214264911,0,496,0.0596911214264911,0.0596911214264911,0,815,0.04331025640958,0.04331025640958,0,497,0.0433102564111064,0.0433102564111064,0,766,0.0913520820691674,0.0913520820691674,0,501,0.0913520820692488,0.0913520820692488,0,1015,101.603035173292,66.0540849967233,35.5489501765687,874,40.5113852716476,11.2953508335969,29.2160344380507
Desulfovibrio_desulfuricans_subsp_desulfuricans_DSM_642_AND_Klebsiella_pneumoniae_pneumoniae_MGH78578,996,0.185783282412536,0.185783282412536,0,824,0.110123083623687,0.0604123311040768,0.04971075251961,983,0.106931496562196,0.106931496562196,0,829,0.103309838689724,0.0894339866702858,0.0138758520194381,981,0.0596911214264911,0.0596911214264911,0,496,0.0596911214264911,0.0596911214264911,0,983,0.0578298124806704,0.0578298124806704,0,831,0.0548245354515976,0.0433102564111079,0.0115142790404897,1066,6.72802626621454,6.72802626621454,0,848,2.75907730210323,0.0913520820692527,2.66772522003398,1139,160.17007703611,58.7060118599131,101.464065176197,887,90.5465056656865,11.2953508335969,79.2511548320896
Desulfovibrio_desulfuricans_subsp_desulfuricans_DSM_642_AND_Lactobacillus_mucosae_LM1,787,0.0853453615812945,0.0853453615829977,-1.70319000193972e-12,496,0.0853453615821272,0.0853453615821272,0,785,0.0894339866709016,0.0894339866709016,0,500,0.0894339866702826,0.0894339866702826,0,788,0.0596911214264911,0.0596911214264911,0,496,0.0596911214264911,0.0596911214264911,0,773,0.0433102564116292,0.0433102564116292,0,497,0.0433102564111077,0.0433102564111077,0,735,0.091352082070751,0.091352082070751,0,501,0.091352082069248,0.091352082069248,0,1070,107.909745371983,66.0540849967233,41.8556603752597,938,43.7857151608905,11.2953508335969,32.4903643272937
Desulfovibrio_desulfuricans_subsp_desulfuricans_DSM_642_AND_Lactobacillus_reuteri_SD2112_ATCC_55730,815,0.0853453615821886,0.0853453615821886,0,496,0.0853453615821181,0.0853453615821181,0,850,0.0894339866644291,0.0894339866644291,0,500,0.0894339866702817,0.0894339866702817,0,811,0.0596911214264911,0.0596911214264911,0,496,0.0596911214264911,0.0596911214264911,0,811,0.0433102564100948,0.0433102564100948,0,492,0.0433102564111071,0.0433102564111071,0,861,0.0913520820679191,0.0913520820679191,0,501,0.0913520820692492,0.0913520820692492,0,917,116.642587607168,66.0540849967232,50.588502610445,767,74.8346617762787,11.2953508335969,63.5393109426818
Desulfovibrio_desulfuricans_subsp_desulfuricans_DSM_642_AND_Megasphaera_elsdenii_DSM_20460,1233,0.185783282412536,0.156563969736181,0.0292193126763542,496,0.0853453615821105,0.0853453615821105,0,1204,0.129621012962226,0.0842419801621655,0.0453790328000609,500,0.0894339866702863,0.0894339866702863,0,1186,0.0596911214264911,0.0440659902240617,0.0156251312024295,496,0.0596911214264911,0.0596911214264911,0,1218,0.0626813900839003,0.0529782348774405,0.00970315520645983,497,0.0433102564111077,0.0433102564111077,0,1343,10.0920393993215,3.36401313310757,6.72802626621394,988,6.81937834828367,0.0913520820692517,6.72802626621442,1173,129.320569386852,66.0540849967231,63.2664843901286,1009,68.8915374596505,11.2953508335969,57.5961866260536
Desulfovibrio_desulfuricans_subsp_desulfuricans_DSM_642_AND_Parabacteroides_distasonis_ATCC_8503,1318,0.117177126881888,0.0853453615813135,0.0318317653005746,496,0.0853453615821142,0.0853453615821142,0,1322,0.121265751970226,0.0894339866696513,0.0318317653005746,500,0.0894339866702852,0.0894339866702852,0,1306,0.0596911214264911,0.0278593561259165,0.0318317653005746,1008,0.0596911214264911,0.0278593561259165,0.0318317653005746,1320,0.0737456951309577,0.0419139298303831,0.0318317653005746,492,0.0433102564111081,0.0433102564111081,0,1315,0.113248102248569,0.0913520820691967,0.0218960201793722,501,0.0913520820692473,0.0913520820692473,0,1259,130.293669424712,66.0540849967232,64.2395844279884,1074,61.3949608470147,11.2953508335969,50.0996100134179
Desulfovibrio_desulfuricans_subsp_desulfuricans_DSM_642_AND_Parabacteroides_johnsonii_DSM_18315,1141,0.125169934769683,0.0853453615820302,0.0398245731876533,496,0.0853453615821137,0.0853453615821137,0,1115,0.103309838690098,0.0894339866720925,0.0138758520180053,500,0.0894339866702828,0.0894339866702828,0,791,0.0596911214264911,0.0596911214264911,0,496,0.0596911214264911,0.0596911214264911,0,1128,0.0548245354517062,0.0433102564116327,0.0115142790400735,868,0.0548245354515976,0.0433102564111079,0.0115142790404898,1153,0.110089902487456,0.0913520820707265,0.0187378204167291,501,0.0913520820692494,0.0913520820692494,0,1114,118.068799834616,66.0540849967232,52.0147148378926,903,47.1608014314339,11.2953508335969,35.865450597837
Desulfovibrio_desulfuricans_subsp_desulfuricans_DSM_642_AND_Phascolarctobacterium_succinatutens_YIT_12067,717,0.0853453615823439,0.0853453615823439,0,496,0.0853453615821272,0.0853453615821272,0,729,0.0894339866711489,0.0894339866711489,0,500,0.0894339866702828,0.0894339866702828,0,748,0.0596911214264911,0.0596911214264911,0,496,0.0596911214264911,0.0596911214264911,0,751,0.0433102564110485,0.0433102564110485,0,497,0.0433102564111083,0.0433102564111083,0,739,0.0913520820698389,0.0913520820698389,0,501,0.091352082069251,0.091352082069251,0,1028,82.2133705174487,66.0447572620578,16.1686132553908,875,22.0833518130826,11.2953508335969,10.7880009794857
Desulfovibrio_desulfuricans_subsp_desulfuricans_DSM_642_AND_Prevotella_ruminicola_23,787,0.0853453615821756,0.0853453615821756,0,516,0.0853453615821154,0.0853453615821154,0,781,0.0894339866701861,0.0894339866701861,0,553,0.0894339866702844,0.0894339866702844,0,841,0.0596911214264911,0.0596911214264911,0,496,0.0596911214264911,0.0596911214264911,0,759,0.0433102564118358,0.0433102564118358,0,546,0.0433102564111065,0.0433102564111065,0,820,0.0913520820695518,0.0913520820695518,0,501,0.091352082069257,0.091352082069257,0,1171,135.902657226795,60.2134412895901,75.6892159372054,1019,65.5814141631873,11.2953508335969,54.2860633295904
Desulfovibrio_desulfuricans_subsp_desulfuricans_DSM_642_AND_Pseudoflavonifractor_capillosus_strain_ATCC_29799,957,0.0969310918141864,0.0853453615813158,0.0115857302328706,496,0.0853453615821247,0.0853453615821247,0,954,0.10330983868987,0.0894339866709941,0.0138758520188763,500,0.0894339866702851,0.0894339866702851,0,753,0.0596911214264911,0.0596911214264911,0,496,0.0596911214264911,0.0596911214264911,0,951,0.0471576480302983,0.0433102564129138,0.00384739161738448,497,0.0433102564111078,0.0433102564111078,0,950,0.110089902486129,0.0913520820693998,0.0187378204167291,781,0.109742174366543,0.0910043539498137,0.0187378204167291,905,90.8738985085994,66.0540849967233,24.8198135118761,772,30.7460264100215,11.2953508335969,19.4506755764247
Desulfovibrio_desulfuricans_subsp_desulfuricans_DSM_642_AND_Roseburia_intestinalis_L1_82,811,0.0853453615823925,0.0853453615823925,0,496,0.0853453615821158,0.0853453615821158,0,782,0.0894339866704207,0.0894339866704207,0,500,0.0894339866702838,0.0894339866702838,0,792,0.0596911214264911,0.0596911214264911,0,496,0.0596911214264911,0.0596911214264911,0,802,0.0433102564122552,0.0433102564122552,0,497,0.0433102564111071,0.0433102564111071,0,759,0.0913520820690487,0.0913520820690487,0,501,0.091352082069257,0.091352082069257,0,925,127.896419682003,66.0540849967231,61.8423346852798,782,25.0638080092105,11.2953508335969,13.7684571756137
Desulfovibrio_desulfuricans_subsp_desulfuricans_DSM_642_AND_Roseburia_inulinivorans_DSM_16841,768,0.085345361577729,0.085345361577729,0,496,0.0853453615821223,0.0853453615821223,0,784,0.0894339866716165,0.0894339866716165,0,500,0.0894339866702824,0.0894339866702824,0,742,0.0596911214264911,0.0596911214264911,0,496,0.0596911214264911,0.0596911214264911,0,756,0.0433102564113847,0.0433102564113847,0,497,0.0433102564111068,0.0433102564111068,0,803,0.0913520820692891,0.0913520820692891,0,512,0.0913520820692537,0.0913520820692537,0,939,127.95720037128,66.0433461756129,61.9138541956676,795,65.2622817551827,11.2953508335969,53.9669309215858
Desulfovibrio_desulfuricans_subsp_desulfuricans_DSM_642_AND_Ruminococcus_bromii_L2_63,761,0.0853453615833068,0.0853453615833068,0,496,0.0853453615821223,0.0853453615821223,0,768,0.0894339866696518,0.0894339866696518,0,500,0.0894339866702863,0.0894339866702863,0,753,0.0596911214264911,0.0596911214264911,0,505,0.0596911214264913,0.0596911214264913,0,752,0.0433102564178149,0.0433102564178149,0,506,0.0433102564111071,0.0433102564111071,0,769,0.0913520820699146,0.0913520820699146,0,517,0.0913520820692504,0.0913520820692504,0,924,82.6844540040401,66.0540849967232,16.630369007317,793,28.0072147641168,11.2953508335969,16.7118639305198
Desulfovibrio_desulfuricans_subsp_desulfuricans_DSM_642_AND_Ruminococcus_callidus_ATCC_2776001,713,0.0853453615825618,0.0853453615825618,0,496,0.0853453615821172,0.0853453615821172,0,710,0.0894339866711433,0.0894339866711433,0,500,0.0894339866702832,0.0894339866702832,0,716,0.0596911214264911,0.0596911214264911,0,496,0.0596911214264911,0.0596911214264911,0,729,0.0433102564150449,0.0433102564150449,0,497,0.0433102564111067,0.0433102564111067,0,716,0.0913520820697134,0.0913520820697134,0,501,0.0913520820692541,0.0913520820692541,0,1049,95.8386313432693,65.6185624766684,30.2200688666009,935,32.3101491149073,11.2953508335969,21.0147982813104
Desulfovibrio_desulfuricans_subsp_desulfuricans_DSM_642_AND_Ruminococcus_torques_ATCC_27756,717,0.0853453615824344,0.0853453615824344,0,496,0.0853453615821113,0.0853453615821113,0,726,0.0894339866714986,0.0894339866714986,0,500,0.0894339866702811,0.0894339866702811,0,715,0.0596911214264911,0.0596911214264911,0,496,0.0596911214264911,0.0596911214264911,0,751,0.0433102564108924,0.0433102564108924,0,497,0.0433102564111089,0.0433102564111089,0,770,0.0913520820691649,0.0913520820691649,0,518,0.0913520820692463,0.0913520820692463,0,926,104.613756887943,66.0540849967231,38.5596718912197,795,48.3283388857421,11.2953508335969,37.0329880521452
Desulfovibrio_desulfuricans_subsp_desulfuricans_DSM_642_AND_Shigella_flexneri_2002017,1036,0.185783282412536,0.185783282412536,0,995,0.185783282412536,0.0853453615821132,0.100437920830422,1417,0.133664370702745,0.106931496562196,0.026732874140549,1004,0.106700318466649,0.0894339866702844,0.017266331796365,1015,0.0596911214264911,0,0.0596911214264911,528,0.0596911214264911,0,0.0596911214264911,1488,0.072287265600838,0.0578298124806704,0.0144574531201676,1004,0.0686573765834477,0.0433102564111093,0.0253471201723384,1493,8.41003283276818,6.72802626621454,1.68200656655364,1014,6.76157960206035,0.134213343383228,6.62736625867712,1321,170.550621414568,57.9438661285624,112.606755286006,1049,76.9797284906813,11.2953508335969,65.6843776570844
Desulfovibrio_desulfuricans_subsp_desulfuricans_DSM_642_AND_Streptococcus_salivarius_JIM8777,775,0.0853453615818999,0.0853453615818999,0,503,0.0853453615821215,0.0853453615821215,0,771,0.0894339866715172,0.0894339866715172,0,500,0.0894339866702851,0.0894339866702851,0,760,0.0596911214264911,0.0596911214264911,0,496,0.0596911214264911,0.0596911214264911,0,773,0.0433102564107474,0.0433102564107474,0,497,0.0433102564111073,0.0433102564111073,0,779,0.0913520820674431,0.0913520820674431,0,501,0.0913520820692523,0.0913520820692523,0,1107,103.521093372137,58.7060118599132,44.8150815122234,935,41.1720718417458,11.2953508335969,29.876721008149
Desulfovibrio_desulfuricans_subsp_desulfuricans_DSM_642_AND_Subdoligranulum_variabile_DSM_15176,812,0.0853453615827225,0.0853453615827225,0,496,0.0853453615821147,0.0853453615821147,0,794,0.0894339866708948,0.0894339866708948,0,500,0.0894339866702825,0.0894339866702825,0,791,0.0596911214264911,0.0596911214264911,0,496,0.0596911214264911,0.0596911214264911,0,775,0.0433102564114307,0.0433102564114307,0,497,0.0433102564111066,0.0433102564111066,0,794,0.0913520820689939,0.0913520820693069,-3.12979129477449e-13,501,0.0913520820692584,0.0913520820692584,0,921,116.439179027243,66.0540849967233,50.3850940305195,774,60.486830023747,11.2953508335969,49.1914791901501
Desulfovibrio_desulfuricans_subsp_desulfuricans_DSM_642_AND_Veillonella_atypica_ACS_049_V_Sch6,1274,0.0857768796794297,0.0844349580906491,0.00134192158878061,1009,0.0857774096958188,0.0844354881070382,0.00134192158878061,1271,0.0951250589171999,0.0774271389623671,0.0176979199548328,1003,0.0897080456177857,0.0888557856027114,0.000852260015074294,855,0.0596911214264911,0.0596911214264911,0,496,0.0596911214264911,0.0596911214264911,0,1276,0.0445271478650447,0.040742896558723,0.0037842513063217,1002,0.0445379277270689,0.040724837030533,0.00381309069653592,1249,0.124369071437834,0.0216938619181285,0.102675209519706,991,0.124369071436012,0.0216938619163066,0.102675209519706,1234,120.72322123123,66.0540849967231,54.6691362345073,1053,47.7228583360469,11.2953508335969,36.42750750245
Desulfovibrio_piger_ATCC_29098_AND_Dialister_invisus_DSM_15470,994,0.00212380389855588,0.00122803161955911,0.000895772278996774,428,0.00122803161955462,0.00122803161955462,0,991,0.0156245755075487,0.00122803161939758,0.0143965438881511,428,0.00122803161955463,0.00122803161955463,0,1008,0.0168531628219964,0.00122803161956748,0.0156251312024289,428,0.00122803161955463,0.00122803161955463,0,994,0.00782765452254135,0.00122803161965662,0.00659962290288473,427,0.00122803161955463,0.00122803161955463,0,985,0.0230869558794079,0.0221003324428777,0.000986623436530169,657,0.0221173090174676,0.0221003324428959,1.69765745717174e-05,981,43.2790857875846,35.1400666129393,8.13901917464528,828,38.1551490275412,35.1400666129393,3.0150824146019
Desulfovibrio_piger_ATCC_29098_AND_Dorea_longicatena_DSM_13814,871,0.0585661901579514,0.0554690238783054,0.00309716627964606,302,0.0115857302328706,0,0.0115857302328706,858,0.0575938825715284,0.0396006724573856,0.0179932101141428,656,0.00404321606683605,0.00122803161955462,0.00281518444728143,630,0.0236680868564973,0.0236680868564973,0,656,0.00404321606683605,0.00122803161955462,0.00281518444728143,859,0.0295707938191666,0.0267556093717724,0.00281518444739421,300,0.0038473916186851,0,0.0038473916186851,848,0.0596956402330143,0.0315437957593795,0.0281518444736348,666,0.0305011900024356,0.0221003324428959,0.00840085755953968,827,74.7451305651204,31.4340326050271,43.3110979600932,661,53.9435722330868,19.1907382733627,34.7528339597241
Desulfovibrio_piger_ATCC_29098_AND_Enterobacter_cloacae_EcWSU1,927,0.185783282412536,0,0.185783282412536,518,0.185783282412536,0,0.185783282412536,982,0.106931496562196,0,0.106931496562196,879,0.0539195032875612,0.00122803161955463,0.0526914716680066,999,0.0596911214264911,0,0.0596911214264911,524,0.0596911214264911,0,0.0596911214264911,950,0.0578298124806704,0,0.0578298124806704,530,0.0578298124806704,0,0.0578298124806704,1042,6.72802626621454,0,6.72802626621454,534,6.72802626621454,0,6.72802626621454,1148,168.067924134966,17.5700333064696,150.497890828497,927,140.146397592013,19.1907382733626,120.955659318651
Desulfovibrio_piger_ATCC_29098_AND_Enterococcus_faecium_TX1330,862,0.0557516955497817,0.0554690238783054,0.000282671671476278,282,0.0115857302328705,0,0.0115857302328705,878,0.0575938825715284,0.0489767442591116,0.00861713831241681,285,0.0179932101110329,0,0.0179932101110329,680,0.0236680868564973,0.0236680868564973,0,283,0.00619551037766122,0,0.00619551037766122,663,0.0267556093715181,0.0267556093715181,0,283,0.0038473916186851,0,0.0038473916186851,647,0.0315437957587567,0.0315437957587567,0,634,0.0221199787648204,0.00389840442079706,0.0182215743440233,780,75.9725670233036,17.5700333064697,58.402533716834,644,55.6772861021598,25.2349134283447,30.4423726738151
Desulfovibrio_piger_ATCC_29098_AND_Escherichia_coli_str_K_12_substr_MG1655,912,0.0736648057456932,0,0.0736648057456932,342,0.0736648057456932,0,0.0736648057456932,919,0.0575938825715284,0,0.0575938825715284,343,0.0575938825715284,0,0.0575938825715284,860,0.0236680868564973,0,0.0236680868564973,745,0.00619551037766117,0.00122803161955461,0.00496747875810656,909,0.0458601209686777,0,0.0458601209686777,337,0.0458601209686777,0,0.0458601209686777,978,5.33545044006795,0,5.33545044006795,767,0.314385181565457,0.0221003324428957,0.292284849122561,1124,157.47600513318,34.7573540605199,122.71865107266,793,116.302371806661,19.1907382733626,97.111633533298
Desulfovibrio_piger_ATCC_29098_AND_Eubacterium_rectale_M104_1,872,0.038957530729964,0.00122803161956006,0.0377294991104039,634,0.00405010312660216,0.00122803161955463,0.00282207150704754,878,0.0389575307303186,0.00122803161963727,0.0377294991106814,634,0.00405010312660216,0.00122803161955463,0.00282207150704754,583,0.0236680868564973,0,0.0236680868564973,634,0.00405010312660216,0.00122803161955463,0.00282207150704754,864,0.0268883976577337,0.00122803161958144,0.0256603660381523,633,0.00384739161868509,0.00122803161955463,0.00261935999913045,863,0.0587696593905889,0.0221003324428376,0.0366693269477513,644,0.0221199787648204,0.00231948327722427,0.0198004954875961,808,98.3823119377907,35.1400666129393,63.2422453248514,640,63.8588099132152,25.2349134283447,38.6238964848705
Desulfovibrio_piger_ATCC_29098_AND_Faecalibacterium_prausnitzii_L2_6,804,0.012813761852398,0.00122803161952743,0.0115857302328705,631,0.0115857302328705,0.00122803161955469,0.0103576986133159,814,0.0192212417480585,0.00122803161935806,0.0179932101287004,288,0.0179932101110328,0,0.0179932101110328,794,0.00742354199724164,0.00122803161958047,0.00619551037766117,630,0.00619551037766117,0.00122803161955462,0.00496747875810655,779,0.00507542323820147,0.00122803161951638,0.00384739161868509,627,0.00384739161868509,0.00122803161955463,0.00261935999913046,890,2.66973963354351,0.00201441351191092,2.6677252200316,640,0.0221199787648204,0.000438915872393148,0.0216810628924272,837,94.6878741394829,35.1400666129393,59.5478075265436,647,69.0012393652117,29.3027010141827,39.698538351029
Desulfovibrio_piger_ATCC_29098_AND_Fusobacterium_varium_ATCC_27725,1017,0.0670547541285191,0.0554690238783054,0.0115857302502137,384,0.0115857302328705,0,0.0115857302328705,1018,0.0575938825715284,0.0521086737225806,0.00548520884894788,742,0.00671324046866207,0.00122803161955462,0.00548520884910745,730,0.0236680868564973,0.0236680868564973,0,394,0.00619551037766116,0,0.00619551037766116,996,0.0306030010109041,0.0267556093716831,0.00384739163922103,391,0.00384739161868504,0,0.00384739161868504,976,0.0497653701064056,0.0315437957622607,0.0182215743441449,738,0.0221199787648204,0.00971294877620177,0.0124070299886186,963,100.30953221133,35.1400666129392,65.1694655983909,784,76.6686576450367,25.2349134283447,51.433744216692
Desulfovibrio_piger_ATCC_29098_AND_Haemophilus_parainfluenzae_T3T1,1129,0.0307224376333909,0.00150312496406179,0.0292193126693291,912,0.00582677557381587,0.00122803161955462,0.00459874395426124,1101,0.0470342979355549,0.00165526514333873,0.0453790327922161,530,0.0453790327922178,0,0.0453790327922178,1116,0.0170002699647935,0.00137513876236463,0.0156251312024289,909,0.00582677557381566,0.00122803161955463,0.00459874395426103,1111,0.0110225398826101,0.00131938467287044,0.00970315520973962,556,0.0097031552097397,0,0.0097031552097397,1147,0.0476732645995346,0.0223388503311925,0.0253344142683421,925,0.0377481433385961,0.0220562829367334,0.0156918604018627,1078,120.131508329939,22.3364322983264,97.795076031613,919,83.5907466774128,31.8565526791403,51.7341939982725
Desulfovibrio_piger_ATCC_29098_AND_Helicobacter_pylori_26695,689,0.0557849810555591,0,0.0557849810555591,386,0.0557849810554141,0,0.0557849810554141,943,0.0575938825715284,0.00122803161949878,0.0563658509520296,377,0.0575938825715284,0,0.0575938825715284,676,0.0236680868564973,0,0.0236680868564973,392,0.00619551037766115,0,0.00619551037766115,673,0.0267556093727306,0,0.0267556093727306,392,0.00384739161868507,0,0.00384739161868507,897,0.031543795759086,0.0133222214150626,0.0182215743440233,624,0.0221199787648204,0.0221003324428959,1.9646321924468e-05,907,67.2466292704391,35.1400666129393,32.1065626574998,741,44.3294539131326,16.2279048368545,28.1015490762781
Desulfovibrio_piger_ATCC_29098_AND_Klebsiella_pneumoniae_pneumoniae_MGH78578,1088,0.0736648057456932,0.0554690238783054,0.0181957818673878,701,0.0736648057456932,0.00122803161955463,0.0724367741261385,1091,0.0575938825715284,0.0554690238783054,0.00212485869322303,353,0.0575938825715284,0,0.0575938825715284,843,0.0236680868564973,0.0236680868564973,0,404,0.0236680868564973,0,0.0236680868564973,809,0.0458601209686777,0,0.0458601209686777,706,0.0458601209686777,0.00122803161955466,0.044632089349123,890,5.33545044006795,0,5.33545044006795,366,2.66772522003398,0,2.66772522003398,1029,119.034098482667,17.5700333064697,101.464065176197,755,92.3423818427643,24.4815649995885,67.8608168431759
Desulfovibrio_piger_ATCC_29098_AND_Lactobacillus_mucosae_LM1,947,0.00239137852252328,0.00123679784932265,0.00115458067320063,773,0.00238261229275718,0.00122803161955462,0.00115458067320256,947,0.00239137852252506,0.00123679784932266,0.0011545806732024,776,0.00238261229275717,0.00122803161955462,0.00115458067320255,944,0.00239137852254491,0.00123679784935916,0.00115458067318575,773,0.00238261229275718,0.00122803161955462,0.00115458067320255,960,0.00239137852257029,0.00123679784938453,0.00115458067318576,777,0.00238261229275718,0.00122803161955463,0.00115458067320255,980,0.0247178629748087,0.0221200564600778,0.00259780651473094,785,0.0222314118384648,0.019633605323759,0.00259780651470578,931,70.3293151981307,25.9709716916129,44.3583435065177,805,62.5558778087509,34.0005805979188,28.5552972108321
Desulfovibrio_piger_ATCC_29098_AND_Lactobacillus_reuteri_SD2112_ATCC_55730,808,0.0128137618551817,0.00122803161952559,0.0115857302356561,270,0.0115857302328705,0,0.0115857302328705,808,0.0192212417336973,0.00122803161955463,0.0179932101141427,617,0.00438122431544861,0.00122803161955462,0.00315319269589399,807,0.00742354200041899,0.00122803161955462,0.00619551038086437,616,0.00438122431544861,0.00122803161955463,0.00315319269589399,821,0.00507542323696592,0.00122803161958143,0.0038473916173845,611,0.0038473916186851,0.00122803161955462,0.00261935999913048,885,0.0305489443207592,0.0221003324428604,0.00844861187789877,628,0.0221199787648204,0.00971294877620177,0.0124070299886186,766,85.2915924436337,17.5700333064696,67.7215591371641,630,74.0913708300515,27.7727960145906,46.3185748154609
Desulfovibrio_piger_ATCC_29098_AND_Megasphaera_elsdenii_DSM_20460,1143,0.0846883365546617,0.0554690238783054,0.0292193126763563,545,0.0292193126693291,0,0.0292193126693291,1141,0.0849797052574463,0.0396006724573854,0.0453790328000609,493,0.0453790327922178,0,0.0453790327922178,1081,0.033097707673187,0.017472576478836,0.015625131194351,516,0.015625131194351,0,0.015625131194351,1098,0.051715884559138,0.0420127293503832,0.00970315520875484,514,0.00970315520973997,0,0.00970315520973997,1187,7.28271650499135,0.554690238783054,6.7280262662083,511,6.72802626621472,0,6.72802626621472,1059,95.6593724883743,35.1400666129393,60.519305875435,881,74.3310555256376,19.1907382733627,55.140317252275
Desulfovibrio_piger_ATCC_29098_AND_Parabacteroides_distasonis_ATCC_8503,882,0.185783282412536,0,0.185783282412536,551,0.0318317653005746,0,0.0318317653005746,881,0.145252274036523,0,0.145252274036523,551,0.0318317653005746,0,0.0318317653005746,893,0.0596911214264911,0,0.0596911214264911,535,0.0318317653005746,0,0.0318317653005746,883,0.115659624961341,0,0.115659624961341,546,0.0318317653005746,0,0.0318317653005746,1179,0.309092133577586,0.0315437957590713,0.277548337818514,921,0.0367380591868773,0.019949230900571,0.0167888282863063,1126,102.924889075984,35.1400666129393,67.7848224630452,934,69.4401991367995,34.5410174786233,34.8991816581763
Desulfovibrio_piger_ATCC_29098_AND_Parabacteroides_johnsonii_DSM_18315,704,0.0736648057456932,0,0.0736648057456932,743,0.0323279547561388,0.00122803161955435,0.0310999231365845,993,0.0575938825715284,0.00122803161980481,0.0563658509517236,736,0.0323279547561389,0.00122803161955462,0.0310999231365843,687,0.0236680868564973,0,0.0236680868564973,381,0.0236680868564973,0,0.0236680868564973,701,0.0458601209686777,0,0.0458601209686777,747,0.0323279547561388,0.00122803161955436,0.0310999231365845,1020,5.33545044006795,0.0182215743440233,5.31722886572393,466,0.0330579001981467,0,0.0330579001981467,970,89.9082277541191,35.1400666129393,54.7681611411798,769,50.4490235464222,19.1907382733626,31.2582852730596
Desulfovibrio_piger_ATCC_29098_AND_Phascolarctobacterium_succinatutens_YIT_12067,905,0.00549537253984862,0.00122803161960678,0.00426734092024185,741,0.00259043278053708,0.00122803161955463,0.00136240116098246,906,0.00549537254016315,0.00122803161980481,0.00426734092035834,741,0.00261344448496142,0.00122803161955463,0.0013854128654068,906,0.00549537254016315,0.00122803161980481,0.00426734092035834,742,0.00320813199884246,0.00122803161955462,0.00198010037928783,906,0.00548876071964957,0.00122803161960128,0.00426072910004829,740,0.00225335139062874,0.00122803161955463,0.00102531977107412,913,0.0316778303741406,0.00955785160932018,0.0221199787648204,647,0.0221199787648204,0.0221003324428959,1.96463219244925e-05,882,52.8235667633052,35.1400666129393,17.6835001503658,741,35.7335350392109,35.1400666129393,0.593468426271609
Desulfovibrio_piger_ATCC_29098_AND_Prevotella_ruminicola_23,799,0.0807761635991503,0,0.0807761635991503,520,0.0318317653005746,0,0.0318317653005746,835,0.0848647080117349,0,0.0848647080117349,527,0.0318317653005746,0,0.0318317653005746,790,0.0596911214264911,0,0.0596911214264911,532,0.0318317653005746,0,0.0318317653005746,806,0.0387418878517534,0,0.0387418878517534,532,0.0318317653005746,0,0.0318317653005746,1130,0.0374574659350732,0.0183433808422246,0.0191140850928486,647,0.0221173305616589,0.0221004909837846,1.68395778743466e-05,1086,99.4991858396438,21.3856790105544,78.1135068290894,884,68.2408312266031,10.777167964385,57.4636632622181
Desulfovibrio_piger_ATCC_29098_AND_Pseudoflavonifractor_capillosus_strain_ATCC_29799,815,0.0128137618524528,0.00122803161958142,0.0115857302328714,633,0.00689399797278008,0.00122803161955463,0.00566596635322545,832,0.0192212417306103,0.00122803161957743,0.0179932101110329,634,0.00689399797278013,0.00122803161955462,0.00566596635322551,803,0.00742354199713416,0.0012280316194721,0.00619551037766206,634,0.00619551037766117,0.00122803161955462,0.00496747875810655,800,0.0050754232382621,0.00122803161957681,0.00384739161868529,626,0.00384739161868508,0.00122803161955463,0.00261935999913046,814,0.0575246523217952,0.0221003324428376,0.0354243198789576,645,0.0221199787648204,0.0018604095142463,0.0202595692505741,771,56.471384459319,17.5700333064697,38.9013511528493,633,53.2789941747053,33.8283185982807,19.4506755764247
Desulfovibrio_piger_ATCC_29098_AND_Roseburia_intestinalis_L1_82,821,0.0557510057101608,0.0554690238783054,0.000281981831855432,633,0.0499183911168151,0.00122803161955462,0.0486903594972605,828,0.0575938825715284,0.049172310218727,0.00842157235280143,634,0.0524383629660039,0.00122803161955462,0.0512103313464493,550,0.0236680868564973,0,0.0236680868564973,297,0.00619551037766119,0,0.00619551037766119,656,0.0267556093706718,0.0267556093706718,0,297,0.0038473916186851,0,0.0038473916186851,666,0.0315437957591813,0.0315437957591813,0,636,0.0305283260996267,0.0221003324428959,0.0084279936567308,797,100.965149755941,35.1400666129393,65.8250831430014,646,46.2271796958457,34.5934091881194,11.6337705077264
Desulfovibrio_piger_ATCC_29098_AND_Roseburia_inulinivorans_DSM_16841,817,0.0110061343949848,0.00122803161955463,0.00977810277543014,288,0.00977810277583949,0,0.00977810277583949,818,0.0110061343955155,0.00122803161955173,0.00977810277596373,288,0.00977810277583949,0,0.00977810277583949,791,0.011006134396307,0.00122803161954291,0.00977810277676411,293,0.00977810277583902,0,0.00977810277583902,805,0.0110061343952323,0.00122803161953541,0.0097781027756969,288,0.00977810277583907,0,0.00977810277583907,827,0.0307315563135144,0.0221003324427817,0.00863122387073271,651,0.0307315563139362,0.0221003324428958,0.00863122387104042,809,101.540431982206,35.1400666129393,66.4003653692667,656,74.7631732072595,28.4733557047742,46.2898175024853
Desulfovibrio_piger_ATCC_29098_AND_Ruminococcus_bromii_L2_63,842,0.0515011251251005,0.00122803161958142,0.0502730935055191,649,0.0515011251282238,0.00122803161955462,0.0502730935086692,815,0.0541030114509911,0.00122803161955463,0.0528749798314365,655,0.0541030114507232,0.00122803161955462,0.0528749798311685,542,0.0236680868564973,0,0.0236680868564973,305,0.0236680868564973,0,0.0236680868564973,832,0.0247511632548061,0.00122803161958144,0.0235231316352247,665,0.0107665937900207,0.00122803161955463,0.00953856217046612,841,0.0308022873588556,0.022100332442878,0.00870195491597766,669,0.0268772532232518,0.0221003324428959,0.00477692078035594,810,51.7284501266055,35.1400666129393,16.5883835136662,659,51.7211429332602,35.0092790027404,16.7118639305199
Desulfovibrio_piger_ATCC_29098_AND_Ruminococcus_callidus_ATCC_2776001,948,0.0447567706848871,0.00122803161953006,0.043528739065357,789,0.0140286109840171,0.00122803161955462,0.0128005793644625,947,0.0447567706855213,0.00122803161958143,0.0435287390659399,788,0.0140286109840171,0.00122803161955462,0.0128005793644625,941,0.023299818635106,0.00122803161950061,0.0220717870156054,783,0.0232998186351068,0.00122803161955438,0.0220717870155525,684,0.0287358737253443,0,0.0287358737253443,792,0.0116439795858114,0.00122803161955464,0.0104159479662568,685,0.0338784484094051,0,0.0338784484094051,444,0.0338784484093445,0,0.0338784484093445,922,57.5238404848901,35.1400666129393,22.3837738719508,805,39.0467422210505,29.5508894884596,9.49585273259089
Desulfovibrio_piger_ATCC_29098_AND_Ruminococcus_torques_ATCC_27756,838,0.0557516955497672,0.0554690238783054,0.000282671671461846,633,0.0500375070831628,0.00122803161955462,0.0488094754636082,842,0.0575938825715284,0.0489767442618505,0.00861713830967797,639,0.0525636437848013,0.00122803161955462,0.0513356121652467,541,0.0236680868564973,0,0.0236680868564973,312,0.00619551037766116,0,0.00619551037766116,627,0.026755609371907,0.026755609371907,0,649,0.00384739161868509,0.00122803161955462,0.00261935999913047,823,0.0307416887982558,0.0239299276315407,0.00681176116671511,666,0.0221199787648204,0.00228175246911691,0.0198382262957035,790,74.1428223055841,34.1536226177189,39.9891996878652,655,55.647779231231,25.2349134283447,30.4128658028863
Desulfovibrio_piger_ATCC_29098_AND_Shigella_flexneri_2002017,999,0.185783282412536,0,0.185783282412536,521,0.185783282412536,0,0.185783282412536,992,0.106931496562196,0,0.106931496562196,880,0.0539195032875616,0.00122803161955563,0.0526914716680059,998,0.0596911214264911,0,0.0596911214264911,524,0.0596911214264911,0,0.0596911214264911,968,0.0578298124806704,0,0.0578298124806704,528,0.0578298124806704,0,0.0578298124806704,1082,6.72802626621454,0,6.72802626621454,533,6.72802626621454,0,6.72802626621454,1205,133.376649916704,20.20818515591,113.168464760794,920,79.8380508338516,19.1907382733627,60.6473125604889
Desulfovibrio_piger_ATCC_29098_AND_Streptococcus_salivarius_JIM8777,968,0.0126236261260049,0.00122803161962152,0.0113955945063834,769,0.0114157479754408,0.00122803161955467,0.0101877163558861,980,0.0189259515744768,0.00122803161964399,0.0176979199548328,769,0.0177180734235712,0.00122803161955462,0.0164900418040165,971,0.00732186624410403,0.00122803161958144,0.00609383462452259,763,0.00611398809316915,0.00122803161955462,0.00488595647361453,970,0.00501228292590313,0.00122803161958143,0.0037842513063217,772,0.00380440477939813,0.00122803161955463,0.0025763731598435,730,0.0335440841048702,0,0.0335440841048702,572,0.0221160322487076,0.0221003324428958,1.56998058117701e-05,961,65.0167876210884,35.1400666129394,29.876721008149,806,65.0167876210883,35.1400666129393,29.876721008149
Desulfovibrio_piger_ATCC_29098_AND_Subdoligranulum_variabile_DSM_15176,850,0.0128137618552375,0.00122803161958143,0.011585730235656,623,0.00407324085624194,0.00122803161955462,0.00284520923668731,851,0.0192212417301943,0.00122803161916148,0.0179932101110328,629,0.00407324085624183,0.00122803161955463,0.0028452092366872,810,0.00742354199721578,0.00122803161955462,0.00619551037766116,274,0.00619551037766117,0,0.00619551037766117,830,0.00507542323820322,0.00122803161951815,0.00384739161868507,618,0.00384739161868509,0.00122803161955462,0.00261935999913047,867,0.0590703055558071,0.0221003324428958,0.0369699731129113,632,0.0590703055553898,0.0221003324428957,0.0369699731124941,791,89.0456179296124,35.1400666129394,53.905551316673,641,67.1748075929967,19.1907382733627,47.984069319634
Desulfovibrio_piger_ATCC_29098_AND_Veillonella_atypica_ACS_049_V_Sch6,1130,0.00256995320836204,0.00122803161958143,0.00134192158878061,886,0.00256995320833523,0.00122803161955462,0.00134192158878061,1115,0.0140286109841572,0.00122803161969474,0.0128005793644625,882,0.0140286109840171,0.00122803161955463,0.0128005793644625,1123,0.00732186624402158,0.00122803161949899,0.00609383462452259,374,0.00122803161955462,0.00122803161955462,0,1122,0.00501228293306253,0.00122803161958144,0.00378425131348109,872,0.00382403905354083,0.00122803161955464,0.00259600743398619,1152,0.11765695342914,0.0149817439094342,0.102675209519706,862,0.11765695342786,0.0149817439081542,0.102675209519706,1096,87.1825493465947,35.1400666129393,52.0424827336554,919,53.1199128027413,29.4538612749082,23.6660515278331
Dialister_invisus_DSM_15470_AND_Dorea_longicatena_DSM_13814,876,0.0121263204439592,0.000895772279302118,0.0112305481646571,302,0.0115857302328705,0,0.0115857302328705,893,0.0266813899596007,0.0143965438881659,0.0122848460714348,354,0.00281518444728149,0,0.00281518444728149,662,0.0156251311943505,0.0156251311943505,0,354,0.0028151844472815,0,0.0028151844472815,901,0.00783020243284883,0.00659962290398989,0.00123057952885894,352,0.00384739161868499,0,0.00384739161868499,918,0.0197244438511464,0.000986623434417235,0.0187378204167291,789,0.0106858624522166,0.00098662343429772,0.00969923901791888,892,55.2728994356833,3.45522270646594,51.8176767292174,766,42.5167198028985,3.01508241460189,39.5016373882966
Dialister_invisus_DSM_15470_AND_Enterobacter_cloacae_EcWSU1,941,0.185783282412536,0,0.185783282412536,518,0.185783282412536,0,0.185783282412536,1321,0.114129768506272,0.0143965438881513,0.0997332246181203,585,0.053465748281098,0,0.053465748281098,1303,0.0596911214264911,0.00321188718953902,0.0564792342369521,529,0.0596911214264911,0,0.0596911214264911,1304,0.0611296239318231,0.00659962290230547,0.0545300010295176,525,0.0578298124806704,0,0.0578298124806704,1362,6.72851957793148,0.000986623433870664,6.72753295449761,1009,6.72812241845349,0.000384608955787149,6.7277378094977,1254,153.507506105388,3.00961527689138,150.497890828497,1020,132.565013987809,3.01508241460195,129.549931573207
Dialister_invisus_DSM_15470_AND_Enterococcus_faecium_TX1330,899,0.012126320442427,0.000895772280870065,0.0112305481615569,282,0.0115857302328706,0,0.0115857302328706,901,0.0266813899567025,0.0143965438873673,0.0122848460693353,338,0.0179932101110329,0,0.0179932101110329,645,0.0156251311943508,0.0156251311943508,0,283,0.00619551037766119,0,0.00619551037766119,898,0.00783020243455105,0.00659962290424621,0.00123057953030484,335,0.0038473916186851,0,0.0038473916186851,903,0.0183638868642422,0.00098662343476623,0.0173772634294759,751,0.0183610963418083,0.000967277316629269,0.017393819025179,883,64.4167555073425,6.01422179050853,58.4025337168339,744,41.8302114305285,2.89518895263916,38.9350224778893
Dialister_invisus_DSM_15470_AND_Escherichia_coli_str_K_12_substr_MG1655,1226,0.0742053959541124,0.000895772278985127,0.0733096236751273,342,0.0736648057456932,0,0.0736648057456932,1241,0.0662820624176647,0.0143965438881403,0.0518855185295244,400,0.0575938825715284,0,0.0575938825715284,1240,0.0330977076780623,0.0156251312024295,0.0174725764756328,460,0.00619551037766116,0,0.00619551037766116,1237,0.049842931784228,0.00659962290372344,0.0432433088805045,341,0.0458601209686777,0,0.0458601209686777,1304,5.33604585810044,0.000986623434178255,5.33505923466627,890,0.29266945807829,0.00038460895572876,0.292284849122561,1223,130.857670247306,8.13901917464529,122.71865107266,898,105.280624975152,3.0150824146019,102.26554256055
Dialister_invisus_DSM_15470_AND_Eubacterium_rectale_M104_1,910,0.0386252713896492,0.000895772278967837,0.0377294991106814,340,0.00282207150704756,0,0.00282207150704756,897,0.0509171821483955,0.0131876830377141,0.0377294991106814,340,0.00282207150704756,0,0.00282207150704756,861,0.0330977076731869,0.0156251311943508,0.0174725764788361,287,0.00282207150704752,0,0.00282207150704752,519,0.0267590267925159,0,0.0267590267925159,340,0.00282207150704754,0,0.00282207150704754,874,0.0197244438511463,0.00098662343441722,0.0187378204167291,770,0.0192904294940977,0.000552609077368532,0.0187378204167291,862,64.0455093312681,3.34264295650759,60.7028663747605,736,50.8954955849137,2.98170417385028,47.9137914110634
Dialister_invisus_DSM_15470_AND_Faecalibacterium_prausnitzii_L2_6,862,0.0121263204412445,0.000895772278910177,0.0112305481623343,339,0.0115857302328706,0,0.0115857302328706,861,0.0266813899571757,0.0143965438881511,0.0122848460690246,334,0.0179932101110328,0,0.0179932101110328,679,0.0156251311943505,0.0156251311943505,0,282,0.00619551037766116,0,0.00619551037766116,851,0.0078302024329002,0.00659962290366629,0.00123057952923391,333,0.00384739161868507,0,0.00384739161868507,861,0.019724443851847,0.000986623435117874,0.0187378204167291,759,0.0192904294940976,0.000552609077368525,0.0187378204167291,888,64.5311926592307,5.6678426904635,58.8633499687672,743,40.1963679688857,0.497829617856636,39.698538351029
Dialister_invisus_DSM_15470_AND_Fusobacterium_varium_ATCC_27725,1071,0.0242987783396833,0.0210658570866354,0.00323292125304783,443,0.0115857302328706,0,0.0115857302328706,1029,0.0340094820792177,0.0265393864233867,0.00747009565583095,450,0.00548520884910745,0,0.00548520884910745,783,0.0156251311943505,0.0156251311943505,0,446,0.00619551037766116,0,0.00619551037766116,785,0.00970315520973957,0.00970315520973957,0,391,0.00384739161868515,0,0.00384739161868515,1053,0.0200866113273883,0.0129299178432378,0.00715669348415047,864,0.0182770511022877,0.00038460895572876,0.0178924421465589,589,71.9413300705791,0,71.9413300705791,879,56.3538526603207,0.48758454338703,55.8662681169337
Dialister_invisus_DSM_15470_AND_Haemophilus_parainfluenzae_T3T1,1167,0.0292193126693291,0.000895772278985133,0.028323540390344,615,0.00459874395426096,0,0.00459874395426096,786,0.0453790328000592,0,0.0453790328000592,589,0.0453790327922178,0,0.0453790327922178,776,0.01562513120243,0,0.01562513120243,613,0.00459874395426128,0,0.00459874395426128,779,0.00970315520645948,0,0.00970315520645948,611,0.00970315520973962,0,0.00970315520973962,1190,0.0263210377024439,0.000986623434101774,0.0253344142683421,1046,0.0257190232240709,0.00038460895572876,0.0253344142683421,1134,101.413259290043,3.61818325843028,97.795076031613,1009,81.4992871276799,2.96996709655127,78.5293200311286
Dialister_invisus_DSM_15470_AND_Helicobacter_pylori_26695,572,0.0557849810564336,0,0.0557849810564336,382,0.0557849810554152,0,0.0557849810554152,991,0.0581561859503605,0.000931751576874448,0.0572244343734861,377,0.0575938825715284,0,0.0575938825715284,996,0.0330977076731867,0.0156251311943505,0.0174725764788362,392,0.00619551037766119,0,0.00619551037766119,576,0.0267556093726956,0,0.0267556093726956,444,0.0038473916186851,0,0.0038473916186851,968,0.0183638868641573,0.000986623434177887,0.0173772634299794,759,0.0182579296534903,0.000252043883722325,0.0180058857697679,976,55.7278571143662,7.56801312811656,48.1598439862497,840,35.1216450721016,3.01508241460189,32.1065626574998
Dialister_invisus_DSM_15470_AND_Klebsiella_pneumoniae_pneumoniae_MGH78578,1165,0.074205395954102,0.000895772278967847,0.0733096236751341,405,0.0736648057456932,0,0.0736648057456932,1171,0.0662820624177895,0.0143965438883471,0.0518855185294424,410,0.0575938825715284,0,0.0575938825715284,1113,0.0330977076731871,0.0156251311943511,0.017472576478836,401,0.0236680868564973,0,0.0236680868564973,1170,0.0498429317839636,0.00659962290328536,0.0432433088806782,354,0.0458601209686777,0,0.0458601209686777,1245,5.33604585810129,0.000986623435573464,5.33505923466571,842,2.66795732794847,0.000384608955728762,2.66757271899274,1120,109.603084350842,8.13901917464523,101.464065176197,854,84.2120698910669,3.01508241460195,81.1969874764649
Dialister_invisus_DSM_15470_AND_Lactobacillus_mucosae_LM1,998,0.0119420136758083,0.000895772278910196,0.0110462413968981,472,0.00115458067320255,0,0.00115458067320255,1008,0.0264797808997037,0.0143965438900418,0.0120832370096619,473,0.00115458067320255,0,0.00115458067320255,659,0.0156251311943443,0.0156251311943443,0,472,0.00115458067320256,0,0.00115458067320256,988,0.0078100071472917,0.00659962290229443,0.00121038424499727,482,0.00115458067320255,0,0.00115458067320255,648,0.0231113411973524,0,0.0231113411973524,433,0.00259780651470574,0,0.00259780651470574,992,51.5165983512804,6.37574700284676,45.1408513484336,886,35.2061875408059,1.66482593107617,33.5413616097297
Dialister_invisus_DSM_15470_AND_Lactobacillus_reuteri_SD2112_ATCC_55730,871,0.0121263204412132,0.000895772278858272,0.011230548162355,270,0.0115857302328705,0,0.0115857302328705,876,0.0266813899576494,0.0143965438889354,0.012284846068714,321,0.00315319269589399,0,0.00315319269589399,646,0.0156251311943505,0.0156251311943505,0,269,0.00315319269589399,0,0.00315319269589399,869,0.00783020243286478,0.00659962290145232,0.00123057953141246,316,0.0038473916186851,0,0.0038473916186851,874,0.0183638868641463,0.000986623434101543,0.0173772634300447,647,0.0130071386669727,0.000206750974446914,0.0128003876925257,845,71.4092297077902,4.89723758436398,66.5119921234262,728,68.0442451631791,0.322686026014946,67.7215591371642
Dialister_invisus_DSM_15470_AND_Megasphaera_elsdenii_DSM_20460,1139,0.0292193126693296,0.000649396678728621,0.028569915990601,545,0.0292193126693291,0,0.0292193126693291,766,0.0453790328000592,0,0.0453790328000592,493,0.0453790327922178,0,0.0453790327922178,738,0.015625131194351,0,0.015625131194351,516,0.0156251311943505,0,0.0156251311943505,725,0.00970315518810252,0,0.00970315518810252,568,0.00970315520973992,0,0.00970315520973992,901,6.72802626620878,0,6.72802626620878,511,6.72802626621442,0,6.72802626621442,1105,69.7263081718301,2.14803606897862,67.5782721028514,966,59.8479954173371,0.0955801475317205,59.7524152698053
Dialister_invisus_DSM_15470_AND_Parabacteroides_distasonis_ATCC_8503,1197,0.185783282412536,0.000895772279918085,0.184887510132617,551,0.0318317653005746,0,0.0318317653005746,824,0.145252274036523,0,0.145252274036523,551,0.0318317653005746,0,0.0318317653005746,807,0.0596911214264911,0,0.0596911214264911,535,0.0318317653005746,0,0.0318317653005746,826,0.115659624961736,0,0.115659624961736,546,0.0318317653005746,0,0.0318317653005746,1191,0.0228826436137894,0.00098662343441724,0.0218960201793722,1031,0.0209420437832634,0.000986623434297727,0.0199554203489656,1177,72.409188775303,4.02780171702858,68.3813870582744,1038,55.1523242241671,3.01508241460193,52.1372418095652
Dialister_invisus_DSM_15470_AND_Parabacteroides_johnsonii_DSM_18315,1044,0.040730518629452,0.000895772278575868,0.0398347463508762,442,0.031837213525569,0,0.031837213525569,1056,0.0542312902391184,0.0143965438882421,0.0398347463508763,436,0.031837213525569,0,0.031837213525569,1055,0.033097707673187,0.015625131194351,0.017472576478836,381,0.0236680868564973,0,0.0236680868564973,1073,0.0464343692555384,0.00659962290408235,0.039834746351456,444,0.0318372135255688,0,0.0318372135255688,1053,0.0197244438501234,0.000986623433394318,0.0187378204167291,889,0.0197244438510269,0.000986623434297735,0.0187378204167291,1036,62.5880631737082,7.33951093163309,55.2485522420751,877,39.8474505759854,3.01508241460193,36.8323681613835
Dialister_invisus_DSM_15470_AND_Phascolarctobacterium_succinatutens_YIT_12067,954,0.00512627214948317,0.000858931229208636,0.00426734092027453,440,0.00136240116098246,0,0.00136240116098246,949,0.00838992803890972,0.00412258711884731,0.00426734092006242,440,0.0013854128654068,0,0.0013854128654068,941,0.00931047390686342,0.00504426545868524,0.00426620844817818,772,0.00253220716486017,0.000288593686987883,0.00224361347787228,967,0.00948727863049516,0.00525938266627616,0.00422789596421901,592,0.00102672712296534,1.07119439261441e-05,0.00101601517903919,931,0.000667840893452961,0.000450340991973748,0.000217499901479213,866,0.000659691477095031,0.000442276559007651,0.00021741491808738,940,19.394789351466,6.11107171895651,13.2837176325095,839,16.2988000471114,3.01508241460193,13.2837176325095
Dialister_invisus_DSM_15470_AND_Prevotella_ruminicola_23,732,0.0807761635986552,0,0.0807761635986552,571,0.0318317653005746,0,0.0318317653005746,759,0.0848647080113647,0,0.0848647080113647,527,0.0318317653005746,0,0.0318317653005746,1144,0.0596911214264911,0.00279238782560105,0.0568987336008901,584,0.0318317653005746,0,0.0318317653005746,780,0.0387418878507845,0,0.0387418878507845,584,0.0318317653005746,0,0.0318317653005746,777,0.0191140850928486,0,0.0191140850928486,504,0.0191140850928486,0,0.0191140850928486,1120,85.46824001099,7.34957993946032,78.1186600715297,980,63.3972099539582,3.01508241460192,60.3821275393563
Dialister_invisus_DSM_15470_AND_Pseudoflavonifractor_capillosus_strain_ATCC_29799,832,0.0121263204407609,0.000895772278108865,0.0112305481626521,289,0.0056659663532254,0,0.0056659663532254,861,0.0266813899576489,0.0143965438889352,0.0122848460687137,343,0.00566596635322544,0,0.00566596635322544,638,0.0156251311957471,0.0156251311957471,0,290,0.00566596635322545,0,0.00566596635322545,853,0.00783020243455574,0.0065996229042543,0.00123057953030145,338,0.00384739161868509,0,0.00384739161868509,878,0.0197244438507879,0.000986623434058793,0.0187378204167291,769,0.0197244438510269,0.000986623434297736,0.0187378204167291,850,45.9639990987661,7.06264794591671,38.9013511528494,738,22.4657579910266,3.01508241460192,19.4506755764247
Dialister_invisus_DSM_15470_AND_Roseburia_intestinalis_L1_82,513,0.0497863390496512,0,0.0497863390496512,287,0.0497863390497903,0,0.0497863390497903,490,0.0523063108986684,0,0.0523063108986684,342,0.0523063108989799,0,0.0523063108989799,883,0.0330977076731867,0.0156251311943505,0.0174725764788362,349,0.00619551037766119,0,0.00619551037766119,486,0.0238785388914108,0,0.0238785388914108,349,0.0038473916186851,0,0.0038473916186851,464,0.0281518444728159,0,0.0281518444728159,291,0.0281518444728159,0,0.0281518444728159,857,66.6416519491963,1.28519477352888,65.3564571756675,746,16.5525601939353,2.78410301832166,13.7684571756137
Dialister_invisus_DSM_15470_AND_Roseburia_inulinivorans_DSM_16841,867,0.0106738750554824,0.000895772278985102,0.00977810277649732,342,0.00977810277583911,0,0.00977810277583911,902,0.0241746466638621,0.0143965438881654,0.00977810277569677,342,0.00977810277583927,0,0.00977810277583927,881,0.0254032339720514,0.015625131195821,0.00977810277623033,293,0.00977810277583908,0,0.00977810277583908,894,0.0163777256781523,0.00659962290245536,0.00977810277569694,342,0.00977810277583911,0,0.00977810277583911,513,0.0288306899507328,0,0.0288306899507328,313,0.028830689951163,0,0.028830689951163,871,69.9932817822456,3.45522270646595,66.5380590757796,761,57.8511295481157,3.01508241460193,54.8360471335138
Dialister_invisus_DSM_15470_AND_Ruminococcus_bromii_L2_63,479,0.0514046990891865,0,0.0514046990891865,349,0.0514046990892572,0,0.0514046990892572,496,0.0540065854117762,0,0.0540065854117762,353,0.054006585411758,0,0.054006585411758,892,0.0330977076731833,0.0156251311943449,0.0174725764788384,358,0.0236680868564973,0,0.0236680868564973,477,0.0246547372192084,0,0.0246547372192084,365,0.00953856217046612,0,0.00953856217046612,491,0.0290669513259819,0,0.0290669513259819,784,0.0106858624522166,0.000986623434297748,0.00969923901791887,884,34.9959454108488,1.81917838351635,33.1767670273325,758,19.0991126349417,2.38724870442179,16.7118639305199
Dialister_invisus_DSM_15470_AND_Ruminococcus_callidus_ATCC_2776001,982,0.0444245113455706,0.00089577227898511,0.0435287390665855,438,0.0128005793644625,0,0.0128005793644625,1026,0.0556991622382913,0.0121704231724787,0.0435287390658127,491,0.0128005793644625,0,0.0128005793644625,979,0.0328109617412161,0.0156251312024289,0.0171858305387872,485,0.0232796651633097,0,0.0232796651633097,598,0.0287358737258744,0,0.0287358737258744,497,0.0104159479662566,0,0.0104159479662566,588,0.0338784484093437,0,0.0338784484093437,444,0.0338784484093436,0,0.0338784484093436,987,39.5743218742348,6.85279109071094,32.7215307835239,894,25.7138367026146,3.01508241460192,22.6987542880127
Dialister_invisus_DSM_15470_AND_Ruminococcus_torques_ATCC_27756,483,0.0499081362167326,0,0.0499081362167326,343,0.0499081362176103,0,0.0499081362176103,508,0.0524342729192117,0,0.0524342729192117,344,0.0524342729192473,0,0.0524342729192473,877,0.0330977076731867,0.0156251311943505,0.0174725764788362,312,0.00619551037766116,0,0.00619551037766116,475,0.02393695528322,0,0.02393695528322,358,0.00384739161868508,0,0.00384739161868508,879,0.0197244438512994,0.000986623434570257,0.0187378204167291,779,0.0197244438510268,0.000986623434297722,0.0187378204167291,863,47.8880039210763,2.04682598881966,45.8411779322567,756,41.128242752772,2.23095881435785,38.8972839384142
Dialister_invisus_DSM_15470_AND_Shigella_flexneri_2002017,962,0.185783282412536,0,0.185783282412536,522,0.185783282412536,0,0.185783282412536,1327,0.114129768506265,0.0143965438881374,0.0997332246181272,531,0.053465748281098,0,0.053465748281098,957,0.0596911214264911,0,0.0596911214264911,523,0.0596911214264911,0,0.0596911214264911,1322,0.0611296239332736,0.00659962290520643,0.0545300010280672,528,0.0578298124806704,0,0.0578298124806704,1398,6.72851957793185,0.000986623434613188,6.72753295449724,533,6.72802626621443,0,6.72802626621443,1296,119.700144014889,6.90141179351484,112.798732221374,1015,73.155530361663,3.01508241460195,70.140447947061
Dialister_invisus_DSM_15470_AND_Streptococcus_salivarius_JIM8777,1025,0.0119420136765233,0.000895772280086079,0.0110462413964372,418,0.0113955945036436,0,0.0113955945036436,1028,0.0264797808994696,0.0143965438896635,0.0120832370098061,473,0.017697919951774,0,0.017697919951774,698,0.0156251311943511,0.0156251311943511,0,412,0.00609383462137198,0,0.00609383462137198,1031,0.00781000714782606,0.00659962290317041,0.00121038424465565,477,0.00378425130760094,0,0.00378425130760094,1054,0.0202946246700098,0.000986623434297748,0.0193080012357121,784,0.0176864062548172,0.000130932452005563,0.0175554738028117,1023,47.8172256771755,3.45522270646594,44.3620029707095,891,32.0141344771348,3.0150824146019,28.9990520625329
Dialister_invisus_DSM_15470_AND_Subdoligranulum_variabile_DSM_15176,887,0.0121263204367964,0.000895772278985152,0.0112305481578112,281,0.00284520923668721,0,0.00284520923668721,892,0.0266813899599047,0.0143965438884698,0.0122848460714348,335,0.00284520923668724,0,0.00284520923668724,692,0.015625131194351,0.015625131194351,0,327,0.00619551037766117,0,0.00619551037766117,884,0.00783020244108385,0.00659962290312139,0.00123057953796245,324,0.00384739161868509,0,0.00384739161868509,537,0.0569041847336455,0,0.0569041847336455,282,0.0569041847337447,0,0.0569041847337447,870,63.4419352780791,3.45070589675745,59.9912293813217,745,57.7428825847952,3.01508241460193,54.7278001701932
Dialister_invisus_DSM_15470_AND_Veillonella_atypica_ACS_049_V_Sch6,1150,0.00222610871393827,0.000884187125157667,0.00134192158878061,58,0,0,0,1166,0.0196551988114816,0.00685461944701913,0.0128005793644625,588,0.0128005793644625,0,0.0128005793644625,774,0.0156251311749851,0.0156251311749851,0,58,0,0,0,1156,0.00780361140387319,0.00658913804231293,0.00121447336156026,579,0.00381309069653591,0,0.00381309069653591,805,0.102675209519706,0,0.102675209519706,519,0.102675209519706,0,0.102675209519706,1189,61.6779115306582,3.45522270646598,58.2226888241923,1008,40.1711007267957,3.01508241460192,37.1560183121938
Dorea_longicatena_DSM_13814_AND_Enterobacter_cloacae_EcWSU1,953,0.185783282412536,0,0.185783282412536,518,0.185783282412536,0,0.185783282412536,955,0.106931496562196,0,0.106931496562196,816,0.0545059527976028,0.00281518444728155,0.0516907683503212,942,0.0596911214264911,0,0.0596911214264911,524,0.0596911214264911,0,0.0596911214264911,908,0.0578298124806704,0,0.0578298124806704,530,0.0578298124806704,0,0.0578298124806704,1061,6.72802626621454,0,6.72802626621454,534,6.72802626621454,0,6.72802626621454,1095,183.099570737915,32.6016799094185,150.497890828497,858,129.704402909917,21.8410930460864,107.86330986383
Dorea_longicatena_DSM_13814_AND_Enterococcus_faecium_TX1330,529,0.0115857302356561,0,0.0115857302356561,302,0.0115857302328704,0.0115857302328704,0,530,0.0179932101141428,0,0.0179932101141428,559,0.0179932101110329,0.00281518444728152,0.0151780256637514,527,0.00619551038086437,0,0.00619551038086437,277,0.00619551037766119,0,0.00619551037766119,503,0.0038473916173845,0,0.0038473916173845,300,0.0038473916186851,0.0038473916186851,0,747,0.0187378204167291,0.000516246072705801,0.0182215743440233,575,0.0187378204167291,0.00840085755953968,0.0103369628571894,709,93.409015390783,35.006481673949,58.402533716834,573,58.9691486272413,39.5016373882966,19.4675112389447
Dorea_longicatena_DSM_13814_AND_Escherichia_coli_str_K_12_substr_MG1655,877,0.0736648057456932,0,0.0736648057456932,628,0.0736648057456932,0.011585730232877,0.0620790755128162,881,0.0575938825715284,0,0.0575938825715284,343,0.0575938825715284,0,0.0575938825715284,884,0.0236680868564973,0,0.0236680868564973,404,0.00619551037766116,0,0.00619551037766116,848,0.0458601209686777,0,0.0458601209686777,341,0.0458601209686777,0,0.0458601209686777,1147,5.33545044006795,0.1591860676277,5.17626437244025,420,0.292284849122561,0,0.292284849122561,1078,174.422802897291,51.7041518246319,122.718651072659,707,111.999111805837,32.0123717538787,79.9867400519587
Dorea_longicatena_DSM_13814_AND_Eubacterium_rectale_M104_1,750,0.0493152293432235,0.0115857302328703,0.0377294991103532,566,0.0115857302328706,0.00876365872582288,0.00282207150704769,741,0.0552135714373842,0.0174840723273462,0.037729499110038,287,0.0028220715070476,0,0.0028220715070476,745,0.0236680868564973,0.00619551038086432,0.017472576475633,287,0.0028220715070476,0,0.0028220715070476,531,0.0267590267927516,0,0.0267590267927516,307,0.0038473916186851,0.0038473916186851,0,524,0.0187378204167291,0,0.0187378204167291,578,0.0187378204167291,0.00840085755953967,0.0103369628571894,705,106.31592814425,43.0736828193989,63.2422453248514,568,65.984406276948,39.3656332708017,26.6187730061463
Dorea_longicatena_DSM_13814_AND_Faecalibacterium_prausnitzii_L2_6,524,0.0115857302328705,0,0.0115857302328705,309,0.0115857302328706,0.0115857302328706,0,529,0.0179932101110329,0,0.0179932101110329,558,0.0179932101110329,0.00281518444728151,0.0151780256637513,520,0.00619551037766116,0,0.00619551037766116,558,0.00619551037766118,0.00281518444728155,0.00338032593037963,520,0.00384739161868508,0,0.00384739161868508,307,0.0038473916186851,0.0038473916186851,0,561,0.0187378204167291,0.0187378204167291,0,580,0.0187378204167291,0.000516246072705801,0.0182215743440233,714,108.427924532725,48.8801170061812,59.5478075265436,571,74.6765611694786,38.009683933514,36.6668772359646
Dorea_longicatena_DSM_13814_AND_Fusobacterium_varium_ATCC_27725,878,0.0115857302283772,0.00610052137927274,0.00548520884910443,601,0.0115857302328706,2.74109338897512e-05,0.0115583192989808,863,0.0179932101110328,0.0125080012615502,0.00548520884948258,675,0.00830039329638905,0.0028151844472815,0.00548520884910755,645,0.00619551038086434,0,0.00619551038086434,672,0.00619551037766118,0.00281518444728147,0.00338032593037971,668,0.00384739161010565,0,0.00384739161010565,300,0.0038473916186851,0.0038473916186851,0,933,0.0618084135588713,0.0563036889454893,0.00550472461338209,674,0.0187378204167291,0.00840085755953968,0.0103369628571894,860,101.180306650023,34.6090682356744,66.5712384143486,714,78.4393870633449,38.9492512649252,39.4901357984197
Dorea_longicatena_DSM_13814_AND_Haemophilus_parainfluenzae_T3T1,825,0.0292193126763542,0,0.0292193126763542,842,0.0143610292804334,0.00976228532617228,0.00459874395426108,830,0.0453790328000592,0,0.0453790328000592,530,0.0453790327922178,0,0.0453790327922178,823,0.0156251312024295,0,0.0156251312024295,559,0.00459874395426121,0,0.00459874395426121,819,0.00970315520645948,0,0.00970315520645948,556,0.00970315520973962,0,0.00970315520973962,1058,0.0440722346850712,0.0187378204167291,0.0253344142683421,876,0.0337352718278818,0.00840085755953968,0.0253344142683421,979,133.232450830241,35.4373747986283,97.795076031613,836,87.6677252176182,36.5161500013283,51.1515752162899
Dorea_longicatena_DSM_13814_AND_Helicobacter_pylori_26695,817,0.0586001655010145,0.00281518444591563,0.0557849810550988,382,0.0557849810554144,0,0.0557849810554144,633,0.0575938825715284,0,0.0575938825715284,657,0.0575938825715284,0.00281518444728164,0.0547786981242468,774,0.0236680868564973,0.00619551038086437,0.0174725764756329,392,0.00619551037766115,0,0.00619551037766115,812,0.0295707938183647,0.00281518444724059,0.0267556093711241,392,0.00384739161868507,0,0.00384739161868507,822,0.0582630819405671,0.0400415075965438,0.0182215743440233,663,0.0285981779817053,0.010376603637682,0.0182215743440233,806,85.7315424907715,37.5716985045218,48.1598439862496,673,43.0309326931047,36.6631559355376,6.36777675756709
Dorea_longicatena_DSM_13814_AND_Klebsiella_pneumoniae_pneumoniae_MGH78578,985,0.0736648057456932,0.0115857302356558,0.0620790755100374,636,0.0736648057456932,0.0115857302328706,0.0620790755128226,991,0.0575938825715284,0.0179932101141423,0.0396006724573862,353,0.0575938825715266,0,0.0575938825715266,961,0.0236680868564973,0.00619551038086432,0.017472576475633,401,0.0236680868564973,0,0.0236680868564973,786,0.0458601209686777,0,0.0458601209686777,637,0.0458601209686777,0.00384739161868499,0.0420127293499927,879,5.33545044006795,0,5.33545044006795,366,2.66772522003391,0,2.66772522003391,943,140.832620692036,39.3685555158389,101.464065176197,689,99.1981143350255,31.3372974918497,67.8608168431758
Dorea_longicatena_DSM_13814_AND_Lactobacillus_mucosae_LM1,502,0.0115857302356558,0.0115857302356558,0,302,0.0115857302328706,0.0115857302328706,0,488,0.0179932101110327,0.0179932101110327,0,705,0.00396976512048405,0.0028151844472815,0.00115458067320255,485,0.00619551038086437,0.00619551038086437,0,699,0.00396976512048412,0.00281518444728157,0.00115458067320255,488,0.00384739161920421,0.00384739161920421,0,300,0.0038473916186851,0.0038473916186851,0,853,0.00891165064058819,0.00631384412597043,0.00259780651461776,712,0.00891165064060548,0.00631384412589974,0.00259780651470574,843,82.1571367818798,39.1878730737448,42.969263708135,737,62.8120045891774,39.5016373882967,23.3103672008808
Dorea_longicatena_DSM_13814_AND_Lactobacillus_reuteri_SD2112_ATCC_55730,521,0.0115857302356561,0,0.0115857302356561,270,0.0115857302328705,0,0.0115857302328705,540,0.0179932101141427,0,0.0179932101141427,548,0.00596837714317554,0.00281518444728155,0.00315319269589399,516,0.00619551038086454,0,0.00619551038086454,547,0.00596837714317556,0.00281518444728157,0.00315319269589399,503,0.00384739161868521,0,0.00384739161868521,300,0.0038473916186851,0.0038473916186851,0,542,0.0124070299885133,0,0.0124070299885133,277,0.0124070299886186,0,0.0124070299886186,680,100.718617548575,32.9970584114103,67.7215591371642,562,74.6388961461101,31.6533899708875,42.9855061752226
Dorea_longicatena_DSM_13814_AND_Megasphaera_elsdenii_DSM_20460,822,0.0292193126693312,0,0.0292193126693312,544,0.0292193126693291,0,0.0292193126693291,800,0.0453790327922161,0,0.0453790327922161,493,0.0453790327922161,0,0.0453790327922161,782,0.0156251312024295,0,0.0156251312024295,516,0.0156251311943516,0,0.0156251311943516,791,0.00970315520973957,0,0.00970315520973957,514,0.00970315520973997,0,0.00970315520973997,920,6.72802626620878,0,6.72802626620878,511,6.72802626621442,0,6.72802626621442,948,112.461340388587,51.9420345131518,60.5193058754352,812,71.7886988940985,31.6533899708875,40.135308923211
Dorea_longicatena_DSM_13814_AND_Parabacteroides_distasonis_ATCC_8503,1036,0.0434174955362307,0.0115857302356561,0.0318317653005746,832,0.0351470848671565,0.00331531956658192,0.0318317653005746,1008,0.0498249754116075,0.0179932101110329,0.0318317653005746,833,0.0346469497478562,0.00281518444728157,0.0318317653005746,997,0.0380272756814389,0.00619551038086428,0.0318317653005746,818,0.0346469497478562,0.00281518444728155,0.0318317653005746,1040,0.0356791569192597,0.00384739161868507,0.0318317653005746,826,0.0351470848671566,0.00331531956658193,0.0318317653005746,812,0.0218960201793722,0,0.0218960201793722,854,0.0211593779908685,0.00437054970456221,0.0167888282863063,1012,107.98731025586,45.1853696465876,62.8019406092724,872,89.2672336810468,39.5016373882966,49.7655962927501
Dorea_longicatena_DSM_13814_AND_Parabacteroides_johnsonii_DSM_18315,854,0.0434229437588449,0.0115857302328706,0.0318372135259743,670,0.0434229437584395,0.0115857302328706,0.031837213525569,862,0.0498304236396823,0.0179932101141423,0.03183721352554,667,0.0346523979728505,0.00281518444728152,0.0318372135255689,899,0.0236680868564973,0.0060474978887915,0.0176205889677058,381,0.0236680868564973,0,0.0236680868564973,900,0.0356846051431563,0.0038473916173846,0.0318372135257717,673,0.035684605144254,0.00384739161868499,0.031837213525569,859,0.0187378204167291,0.00840085755959571,0.0103369628571334,700,0.0187378204167291,0.00840085755953967,0.0103369628571894,869,98.6524557583544,48.7279485080946,49.9245072502597,692,47.415956541443,31.6533899708875,15.7625665705555
Dorea_longicatena_DSM_13814_AND_Phascolarctobacterium_succinatutens_YIT_12067,805,0.0157858847315862,0.0115857302328705,0.00420015449871571,302,0.0115857302328706,0.0115857302328706,0,820,0.0221933646092867,0.0179932101110329,0.00420015449825378,671,0.00420595403564732,0.00281518444728161,0.00139076958836571,816,0.0103956648761964,0.00619551037766119,0.00420015449853518,673,0.00533700000964615,0.00281518444728152,0.00252181556236463,804,0.00804754611745083,0.0038473916186851,0.00420015449876573,672,0.00487276342606504,0.00384739161868499,0.00102537180738005,499,0.0187378204167291,0.0187378204167291,0,692,0.00886055322575975,0.00864313830767236,0.00021741491808738,810,65.7790460422684,49.7166759534461,16.0623700888223,676,41.9053178063338,39.5016373882966,2.4036804180372
Dorea_longicatena_DSM_13814_AND_Prevotella_ruminicola_23,999,0.0434174955362307,0.0115857302356561,0.0318317653005746,783,0.032141085083897,0.000309319783322328,0.0318317653005746,1001,0.0498249754147174,0.0179932101141428,0.0318317653005746,797,0.0321369060605045,0.000305140759929844,0.0318317653005746,985,0.0380272756782358,0.00619551037766119,0.0318317653005746,802,0.0321369060605015,0.0003051407599269,0.0318317653005746,1015,0.0356791569179591,0.00384739161738444,0.0318317653005746,793,0.0319843519135979,0.000152586613023273,0.0318317653005746,1016,0.0214947643046528,0.00238067921180423,0.0191140850928486,789,0.0214947643046528,0.00238067921180423,0.0191140850928486,959,120.15823297002,42.0395728984902,78.1186600715297,808,65.7938019501187,17.7572185314868,48.0365834186319
Dorea_longicatena_DSM_13814_AND_Pseudoflavonifractor_capillosus_strain_ATCC_29799,508,0.0115857302502137,0,0.0115857302502137,566,0.0115857302328706,0.00591976387964511,0.00566596635322545,508,0.0179932101141427,0,0.0179932101141427,568,0.00848115080050702,0.00281518444728153,0.00566596635322548,503,0.00619551039542203,0,0.00619551039542203,568,0.0061955103776611,0.00281518444728161,0.00338032593037949,490,0.00384739161738448,0,0.00384739161738448,300,0.0038473916186851,0.0038473916186851,0,725,0.0187378204167291,0.00840085755953967,0.0103369628571894,311,0.0187378204167291,0,0.0187378204167291,696,77.9797020261417,40.5364190726497,37.443282953492,571,58.9523129647212,39.5016373882966,19.4506755764247
Dorea_longicatena_DSM_13814_AND_Roseburia_intestinalis_L1_82,735,0.0526015234977302,0.00281518444793182,0.0497863390497983,287,0.0497863390497902,0,0.0497863390497902,746,0.0551214953474273,0.0028151844474135,0.0523063109000138,568,0.0551214953462611,0.00281518444728158,0.0523063108989796,741,0.0236680868564973,0.00619551037766115,0.0174725764788361,575,0.00619551037766117,0.00281518444728168,0.00338032593037949,733,0.0266937233382904,0.00281518444752936,0.023878538890761,301,0.0038473916186851,0.0038473916186851,0,747,0.0365527020321546,0.00840085755959571,0.0281518444725589,584,0.0357901420284552,0.00763829755563938,0.0281518444728158,692,104.049740401909,42.1414659070436,61.9082744948658,583,49.5761853218534,38.9398126997024,10.6363726221509
Dorea_longicatena_DSM_13814_AND_Roseburia_inulinivorans_DSM_16841,713,0.0213638330112236,0.0115857302356561,0.00977810277556747,567,0.0213638330087097,0.0115857302328706,0.00977810277583911,719,0.0277713128467002,0.0179932100704697,0.00977810277623053,568,0.0125932872231207,0.00281518444728155,0.00977810277583911,718,0.0159736131587693,0.00619551038086437,0.00977810277790498,573,0.0125932872231207,0.0028151844472816,0.00977810277583911,713,0.013625494392886,0.00384739161738439,0.00977810277550162,565,0.0136254943945242,0.0038473916186851,0.00977810277583911,735,0.0475685103675719,0.0187378204167291,0.0288306899508428,601,0.0372315475107016,0.00840085755953968,0.0288306899511619,712,103.841995759912,45.8164512480309,58.0255445118816,589,75.4151524918883,27.5981258494396,47.8170266424488
Dorea_longicatena_DSM_13814_AND_Ruminococcus_bromii_L2_63,725,0.0542198835367708,0.00281518444731745,0.0514046990894533,296,0.051404699089258,0,0.051404699089258,710,0.0568217698597707,0.00281518444703736,0.0540065854127333,581,0.0568217698590391,0.00281518444728157,0.0540065854117575,509,0.0236680868564973,0,0.0236680868564973,586,0.0236680868564973,0.00281518444728152,0.0208529024092158,720,0.0274699216672023,0.00281518444734803,0.0246547372198543,590,0.0133859537891512,0.0038473916186851,0.00953856217046612,705,0.0374678088872644,0.00840085755959571,0.0290669513276687,330,0.00840085755953968,0.00840085755953968,0,703,69.4694051688769,42.7019748663703,26.7674303025066,590,56.0664804036354,39.3546164731155,16.7118639305199
Dorea_longicatena_DSM_13814_AND_Ruminococcus_callidus_ATCC_2776001,862,0.055114469302333,0.0115857302356561,0.0435287390666769,720,0.0243863095973328,0.0115857302328703,0.0128005793644625,855,0.0569439880388386,0.0179932101141428,0.0389507779246958,720,0.0156157638117441,0.00281518444728157,0.0128005793644625,855,0.0233813409195989,0.00619551037766119,0.0171858305419377,716,0.0233258657166657,0.00281518444728157,0.0205106812693841,851,0.0315510581724854,0.00281518444745179,0.0287358737250336,723,0.0142633395849428,0.0038473916186851,0.0104159479662577,845,0.0422793059689528,0.00840085755953968,0.0338784484094132,728,0.0422793059688827,0.00840085755953968,0.033878448409343,842,73.0029756854499,45.5138808246462,27.4890948608037,738,43.9640281490976,31.6533899708875,12.31063817821
Dorea_longicatena_DSM_13814_AND_Ruminococcus_torques_ATCC_27756,745,0.0527233206647527,0.00281518444717404,0.0499081362175787,289,0.0499081362176117,0,0.0499081362176117,724,0.0552494573663675,0.00281518444720217,0.0524342729191653,572,0.0552494573665264,0.00281518444728152,0.0524342729192449,521,0.0236680868564973,0,0.0236680868564973,585,0.00619551037766118,0.00281518444728153,0.00338032593037964,715,0.0267521397325571,0.00281518444741378,0.0239369552851434,306,0.00384739161868508,0,0.00384739161868508,529,0.0187378204167291,0,0.0187378204167291,600,0.0187378204167291,0.00243589791960469,0.0163019224971244,712,79.519178748579,38.5117797124716,41.0073990361075,595,57.6829727477076,37.966022891551,19.7169498561565
Dorea_longicatena_DSM_13814_AND_Shigella_flexneri_2002017,969,0.185783282412536,0,0.185783282412536,522,0.185783282412536,0,0.185783282412536,993,0.106931496562196,0,0.106931496562196,818,0.0545059527976038,0.00281518444728417,0.0516907683503196,959,0.0596911214264911,0,0.0596911214264911,528,0.0596911214264911,0,0.0596911214264911,963,0.0578298124806704,0,0.0578298124806704,533,0.0578298124806704,0,0.0578298124806704,1058,6.72802626621454,0,6.72802626621454,533,6.72802626621454,0,6.72802626621454,1141,153.7100890718,40.5416243110057,113.168464760794,849,72.783886555426,23.5053480895386,49.2785384658874
Dorea_longicatena_DSM_13814_AND_Streptococcus_salivarius_JIM8777,556,0.011585730235656,0.011585730235656,0,303,0.0115857302328706,0.0115857302328706,0,555,0.0179932101141427,0.0179932101141427,0,694,0.01774412050513,0.00281518444728156,0.0149289360578485,556,0.00619551038086428,0.00619551038086428,0,687,0.00614003517472801,0.00281518444728159,0.00332485072744642,540,0.00384739161868507,0.00384739161868507,0,301,0.00384739161868504,0.00384739161868504,0,672,0.0193080012357121,0,0.0193080012357121,712,0.0192598234370302,0.00158326430795008,0.0176765591290802,882,83.8782389967069,46.3434135904937,37.5348254062133,738,69.3783583964456,39.5016373882966,29.876721008149
Dorea_longicatena_DSM_13814_AND_Subdoligranulum_variabile_DSM_15176,542,0.0115857302356559,0.0115857302356559,0,559,0.0115857302328706,0.00874052099618335,0.00284520923668723,537,0.0179932101110329,0.0179932101110329,0,277,0.00284520923668722,0,0.00284520923668722,510,0.00619551037766116,0,0.00619551037766116,547,0.00619551037766118,0.00281518444728154,0.00338032593037964,542,0.00384739161738444,0.00384739161738444,0,302,0.0038473916186851,0.0038473916186851,0,550,0.0569041847338476,0,0.0569041847338476,290,0.0569041847337453,0,0.0569041847337453,687,95.5828352426053,38.2310266546783,57.351808587927,572,58.6727488733568,13.2404099812907,45.4323388920661
Dorea_longicatena_DSM_13814_AND_Veillonella_atypica_ACS_049_V_Sch6,619,0.0115857302356561,0.0115857302356561,0,302,0.0115857302328706,0.0115857302328706,0,582,0.0179932101110327,0.0179932101110327,0,814,0.0140561626930176,0.0012555833285551,0.0128005793644625,590,0.00619551038086419,0.00619551038086419,0,302,0.00281518444728153,0.00281518444728153,0,589,0.0038473916173845,0.0038473916173845,0,300,0.0038473916186851,0.0038473916186851,0,1065,0.116045944217879,0.0133707346981735,0.102675209519706,810,0.111076067079246,0.00840085755953968,0.102675209519706,1046,102.969529854981,51.9420345131518,51.0274953418294,853,62.4675002222403,36.4156101206939,26.0518901015463
Enterobacter_cloacae_EcWSU1_AND_Enterococcus_faecium_TX1330,951,0.185783282412536,0.185783282412536,0,518,0.185783282412536,0.185783282412536,0,946,0.106931496562196,0.106931496562196,0,781,0.0714589583921309,0.053465748281098,0.0179932101110329,959,0.0596911214264911,0.0596911214264911,0,529,0.0596911214264911,0.0596911214264911,0,922,0.0578298124806704,0.0578298124806704,0,569,0.0578298124806704,0.0578298124806704,0,1019,6.72802626621454,6.72802626621454,0,545,6.72802626621454,6.72802626621454,0,1056,188.309350900727,149.560387832666,38.7489630680611,837,143.259910321863,123.792399082918,19.4675112389447
Enterobacter_cloacae_EcWSU1_AND_Escherichia_coli_str_K_12_substr_MG1655,1190,0.185783282412536,0.185783282412536,0,518,0.185783282412536,0.185783282412536,0,1149,0.106931496562196,0.106931496562196,0,837,0.0713958587365439,0.0228702396959562,0.0485256190405877,1175,0.0596911214264911,0.0596911214264911,0,529,0.0596911214264911,0.0596911214264911,0,1133,0.0578298124806704,0.0578298124806704,0,530,0.0578298124806704,0.0578298124806704,0,1280,6.72802626621454,6.72802626621454,0,534,6.72802626621454,6.72802626621454,0,1379,252.991116743536,149.951481878515,103.039634865021,960,186.366286873877,110.106397232218,76.2598896416595
Enterobacter_cloacae_EcWSU1_AND_Eubacterium_rectale_M104_1,942,0.185783282412536,0.185783282412536,0,527,0.185783282412536,0.185783282412536,0,990,0.106931496562196,0.106931496562196,0,793,0.0545084975511733,0.0516864260441258,0.00282207150704751,951,0.0596911214264911,0.0596911214264911,0,538,0.0596911214264911,0.0596911214264911,0,942,0.0578298124806704,0.0578298124806704,0,539,0.0578298124806704,0.0578298124806704,0,1048,6.72802626621454,6.72802626621454,0,534,6.72802626621454,6.72802626621454,0,1095,208.094085908329,150.487303628417,57.6067822799121,837,150.512481414275,121.129645778016,29.3828356362587
Enterobacter_cloacae_EcWSU1_AND_Faecalibacterium_prausnitzii_L2_6,961,0.185783282412536,0.185783282412536,0,527,0.185783282412536,0.185783282412536,0,959,0.106931496562196,0.106931496562196,0,789,0.0601142001940766,0.0421209900830437,0.0179932101110328,960,0.0596911214264911,0.0596911214264911,0,538,0.0596911214264911,0.0596911214264911,0,933,0.0578298124806704,0.0578298124806704,0,534,0.0578298124806704,0.0578298124806704,0,1061,6.72802626621454,6.72802626621454,0,542,6.72802626621454,6.72802626621454,0,1105,195.650096482011,150.497890828497,45.1522056535139,848,159.866253278912,123.191659989521,36.6745932893913
Enterobacter_cloacae_EcWSU1_AND_Fusobacterium_varium_ATCC_27725,1028,0.185783282412536,0.185783282412536,0,518,0.185783282412536,0.185783282412536,0,1006,0.106931496562196,0.106931496562196,0,904,0.0589509571302054,0.053465748281098,0.00548520884910749,1028,0.0596911214264911,0.0596911214264911,0,529,0.0596911214264911,0.0596911214264911,0,1051,0.0578298124806704,0.0578298124806704,0,530,0.0578298124806704,0.0578298124806704,0,1064,6.72802626621454,6.72802626621454,0,534,6.72802626621454,6.72802626621454,0,1183,194.149162473643,150.041444313813,44.10771815983,980,161.11226809594,127.119939388314,33.9923287076261
Enterobacter_cloacae_EcWSU1_AND_Haemophilus_parainfluenzae_T3T1,1413,0.185783282412536,0.16753879607875,0.0182444863337851,1051,0.185783282412536,0.18118453845829,0.00459874395424525,1435,0.11827625476025,0.0728972219680338,0.0453790327922161,1028,0.0648105064791524,0.0194314736869346,0.0453790327922178,1423,0.0596911214264911,0.0440659902321407,0.0156251311943505,529,0.0596911214264911,0.0596911214264911,0,1407,0.0602556012822852,0.0505524460758258,0.00970315520645948,1055,0.0602556012831053,0.0505524460733657,0.00970315520973962,1488,7.8493639772503,3.36401313310727,4.48535084414303,534,6.72802626621454,6.72802626621454,0,1356,200.037471279476,145.515865684472,54.5216055950036,1093,144.201417838248,114.581103005695,29.6203148325529
Enterobacter_cloacae_EcWSU1_AND_Helicobacter_pylori_26695,951,0.185783282412536,0.185783282412536,0,518,0.185783282412536,0.185783282412536,0,975,0.106931496562196,0.106931496562196,0,878,0.0713958587365439,0.0228702396959562,0.0485256190405877,928,0.0596911214264911,0.0596911214264911,0,529,0.0596911214264911,0.0596911214264911,0,943,0.0578298124806704,0.0578298124806704,0,530,0.0578298124806704,0.0578298124806704,0,1059,6.72802626621454,6.72802626621454,0,534,6.72802626621454,6.72802626621454,0,1151,181.421527082306,149.839340462036,31.5821866202704,577,129.586246933861,129.586246933861,0
Enterobacter_cloacae_EcWSU1_AND_Klebsiella_pneumoniae_pneumoniae_MGH78578,1151,0.185783282412536,0.185783282412536,0,518,0.185783282412536,0.185783282412536,0,1171,0.106931496562196,0.106931496562196,0,844,0.0713958587365439,0.0228702396959562,0.0485256190405877,1127,0.0596911214264911,0.0596911214264911,0,529,0.0596911214264911,0.0596911214264911,0,1113,0.0578298124806704,0.0578298124806704,0,530,0.0578298124806704,0.0578298124806704,0,1201,6.72802626621454,6.72802626621454,0,534,6.72802626621454,6.72802626621454,0,1304,231.246066815186,150.497890828497,80.7481759866893,934,163.885258489786,110.35756003356,53.5276984562266
Enterobacter_cloacae_EcWSU1_AND_Lactobacillus_mucosae_LM1,908,0.185783282412536,0.185783282412536,0,518,0.185783282412536,0.185783282412536,0,914,0.106931496562196,0.106931496562196,0,528,0.053465748281098,0.053465748281098,0,887,0.0596911214264911,0.0596911214264911,0,529,0.0596911214264911,0.0596911214264911,0,894,0.0578298124806704,0.0578298124806704,0,540,0.0578298124806704,0.0578298124806704,0,955,6.72802626621454,6.72802626621454,0,534,6.72802626621454,6.72802626621454,0,1220,177.597533941789,146.618143168588,30.9793907732002,988,150.920547953446,125.532117829983,25.3884301234626
Enterobacter_cloacae_EcWSU1_AND_Lactobacillus_reuteri_SD2112_ATCC_55730,972,0.185783282412536,0.185783282412536,0,518,0.185783282412536,0.185783282412536,0,939,0.106931496562196,0.106931496562196,0,773,0.0566189409769919,0.053465748281098,0.00315319269589399,940,0.0596911214264911,0.0596911214264911,0,529,0.0596911214264911,0.0596911214264911,0,969,0.0578298124806704,0.0578298124806704,0,530,0.0578298124806704,0.0578298124806704,0,1020,6.72802626621454,6.72802626621454,0,534,6.72802626621437,6.72802626621437,0,1077,192.095730456976,148.268238240135,43.8274922168413,820,152.648367622365,124.216185549751,28.4321820726143
Enterobacter_cloacae_EcWSU1_AND_Megasphaera_elsdenii_DSM_20460,1417,0.185783282412536,0.156563969754539,0.0292193126579968,518,0.185783282412536,0.185783282412536,0,1426,0.129621012962226,0.0842419801621655,0.0453790328000609,993,0.0712181276443497,0.0475482884933474,0.0236698391510023,1374,0.0596911214264911,0.0440659902240617,0.0156251312024295,529,0.0596911214264911,0.0596911214264911,0,1366,0.0626813900812932,0.0529782348800475,0.00970315520124572,1017,0.0626813900855404,0.0529782348758004,0.00970315520973997,1532,10.0920393993187,3.36401313311039,6.7280262662083,1023,10.0920393993218,3.36401313310733,6.72802626621442,1319,210.514749564116,150.497890828497,60.0168587356189,1069,157.122139329226,117.813140512466,39.3089988167606
Enterobacter_cloacae_EcWSU1_AND_Parabacteroides_distasonis_ATCC_8503,1471,0.185783282412536,0.153951517111961,0.0318317653005746,518,0.185783282412536,0.185783282412536,0,1501,0.122847379212483,0.0910156139119086,0.0318317653005746,1050,0.0658318618718716,0.0493437104175067,0.0164881514543649,1447,0.0596911214264911,0.0278593561259165,0.0318317653005746,529,0.0596911214264911,0.0596911214264911,0,1450,0.0737456951309577,0.0419139298303831,0.0318317653005746,1052,0.0737456951309577,0.0419139298303831,0.0318317653005746,1510,6.73897427630423,6.71707825612486,0.0218960201793722,1082,6.72802626621454,6.71123743792824,0.0167888282863063,1391,200.264578870402,150.497890828497,49.7666880419049,1129,158.039530145633,115.194867454702,42.8446626909307
Enterobacter_cloacae_EcWSU1_AND_Parabacteroides_johnsonii_DSM_18315,981,0.185783282412536,0.185783282412536,0,518,0.185783282412536,0.185783282412536,0,978,0.106931496562196,0.106931496562196,0,888,0.0631310963075127,0.0369730312253178,0.0261580650821949,997,0.0596911214264911,0.0596911214264911,0,529,0.0596911214264911,0.0596911214264911,0,945,0.0578298124806704,0.0578298124806704,0,530,0.0578298124806704,0.0578298124806704,0,1013,6.72802626621454,6.72802626621454,0,555,6.72802626621454,6.72802626621454,0,1219,186.109011118883,150.497890828497,35.6111202903862,964,141.340199812957,104.753706395696,36.586493417261
Enterobacter_cloacae_EcWSU1_AND_Phascolarctobacterium_succinatutens_YIT_12067,917,0.185783282412536,0.185783282412536,0,518,0.185783282412536,0.185783282412536,0,895,0.106931496562196,0.106931496562196,0,899,0.0539776553148313,0.0525922424494245,0.00138541286540682,947,0.0596911214264911,0.0596911214264911,0,524,0.0596911214264911,0.0596911214264911,0,893,0.0578298124806704,0.0578298124806704,0,525,0.0578298124806704,0.0578298124806704,0,988,6.72802626621454,6.72802626621454,0,534,6.72802626621454,6.72802626621454,0,1163,156.112862756397,140.416526446083,15.6963363103146,577,129.586246933861,129.586246933861,0
Enterobacter_cloacae_EcWSU1_AND_Prevotella_ruminicola_23,1402,0.185783282412536,0.171019628191327,0.0147636542212085,538,0.185783282412536,0.185783282412536,0,1367,0.122847379212483,0.0910156139119086,0.0318317653005746,1023,0.0652215872133651,0.0495471353036756,0.0156744519096895,981,0.0596911214264911,0.0596911214264911,0,524,0.0596911214264911,0.0596911214264911,0,1386,0.0737456951309577,0.0419139298303831,0.0318317653005746,1029,0.0737456951309577,0.0419139298303831,0.0318317653005746,1523,6.73897427630423,6.71707825612486,0.0218960201793722,1020,6.73758330876097,6.71846922366812,0.0191140850928486,1324,203.438040830779,143.564979931327,59.8730608994511,1059,148.172611853824,115.184374689674,32.9882371641509
Enterobacter_cloacae_EcWSU1_AND_Pseudoflavonifractor_capillosus_strain_ATCC_29799,889,0.185783282412536,0.185783282412536,0,518,0.185783282412536,0.185783282412536,0,959,0.106931496562196,0.106931496562196,0,796,0.0555593104974851,0.0498933441442597,0.00566596635322545,885,0.0596911214264911,0.0596911214264911,0,524,0.0596911214264911,0.0596911214264911,0,918,0.0578298124806704,0.0578298124806704,0,530,0.0578298124806704,0.0578298124806704,0,969,6.72802626621454,6.72802626621454,0,534,6.72802626621454,6.72802626621454,0,1060,169.948566404922,150.497890828497,19.4506755764247,838,142.755918561157,127.607084562029,15.1488339991282
Enterobacter_cloacae_EcWSU1_AND_Roseburia_intestinalis_L1_82,957,0.185783282412536,0.185783282412536,0,518,0.185783282412536,0.185783282412536,0,965,0.106931496562196,0.106931496562196,0,792,0.0713958587365439,0.0228702396959562,0.0485256190405877,975,0.0596911214264911,0.0596911214264911,0,524,0.0596911214264911,0.0596911214264911,0,948,0.0578298124806704,0.0578298124806704,0,525,0.0578298124806704,0.0578298124806704,0,1028,6.72802626621454,6.72802626621454,0,534,6.72802626621454,6.72802626621454,0,1063,208.831947709385,150.497890828497,58.3340568808881,851,140.02119786865,127.885927529756,12.1352703388935
Enterobacter_cloacae_EcWSU1_AND_Roseburia_inulinivorans_DSM_16841,907,0.185783282412536,0.185783282412536,0,518,0.185783282412536,0.185783282412536,0,900,0.106931496562196,0.106931496562196,0,798,0.0570787359416758,0.0473006331658341,0.00977810277584163,945,0.0596911214264911,0.0596911214264911,0,529,0.0596911214264911,0.0596911214264911,0,912,0.0578298124806704,0.0578298124806704,0,530,0.0578298124806704,0.0578298124806704,0,1050,6.72802626621454,6.72802626621454,0,534,6.72802626621454,6.72802626621454,0,1076,193.571731794356,150.497890828497,43.0738409658595,861,158.698247419579,110.892611913661,47.8056355059173
Enterobacter_cloacae_EcWSU1_AND_Ruminococcus_bromii_L2_63,932,0.185783282412536,0.185783282412536,0,518,0.185783282412536,0.185783282412536,0,892,0.106931496562196,0.106931496562196,0,807,0.0713958587365439,0.0228702396959562,0.0485256190405877,936,0.0596911214264911,0.0596911214264911,0,538,0.0596911214264911,0.0596911214264911,0,901,0.0578298124806704,0.0578298124806704,0,539,0.0578298124806704,0.0578298124806704,0,989,6.72802626621454,6.72802626621454,0,552,6.72802626621454,6.72802626621454,0,1082,167.086274342163,150.497890828497,16.5883835136662,862,141.896490279281,125.184626348761,16.7118639305199
Enterobacter_cloacae_EcWSU1_AND_Ruminococcus_callidus_ATCC_2776001,904,0.185783282412536,0.185783282412536,0,518,0.185783282412536,0.185783282412536,0,924,0.106931496562196,0.106931496562196,0,933,0.0580608731017188,0.0452602937372563,0.0128005793644625,905,0.0596911214264911,0.0596911214264911,0,529,0.0596911214264911,0.0596911214264911,0,901,0.0578298124806704,0.0578298124806704,0,530,0.0578298124806704,0.0578298124806704,0,944,6.72802626621454,6.72802626621454,0,534,6.72802626621454,6.72802626621454,0,1219,170.78341903271,149.748360939211,21.0350580934989,997,133.485476772742,117.703608507902,15.7818682648406
Enterobacter_cloacae_EcWSU1_AND_Ruminococcus_torques_ATCC_27756,936,0.185783282412536,0.185783282412536,0,518,0.185783282412536,0.185783282412536,0,955,0.106931496562196,0.106931496562196,0,797,0.0713958587365439,0.0228702396959562,0.0485256190405877,938,0.0596911214264911,0.0596911214264911,0,524,0.0596911214264911,0.0596911214264911,0,923,0.0578298124806704,0.0578298124806704,0,530,0.0578298124806704,0.0578298124806704,0,1015,6.72802626621454,6.72802626621454,0,534,6.72802626621454,6.72802626621454,0,1086,182.043356474934,150.497890828497,31.5454656464375,860,143.300051360995,122.051238363328,21.248812997667
Enterobacter_cloacae_EcWSU1_AND_Shigella_flexneri_2002017,1128,0.185783282412536,0.185783282412536,0,518,0.185783282412536,0.185783282412536,0,1142,0.106931496562196,0,0.106931496562196,524,0.053465748281098,0.053465748281098,0,1502,0.0596911214264911,0.0573515796042673,0.00233954182222385,529,0.0596911214264911,0.0596911214264911,0,1120,0.0578298124806704,0.0578298124806704,0,528,0.0578298124806704,0,0.0578298124806704,1250,6.72802626621454,6.72802626621454,0,534,6.72802626621454,6.72802626621454,0,1450,204.291946261639,92.0958225905894,112.19612367105,1085,148.529536108329,105.410883344741,43.1186527635875
Enterobacter_cloacae_EcWSU1_AND_Streptococcus_salivarius_JIM8777,961,0.185783282412536,0.185783282412536,0,518,0.185783282412536,0.185783282412536,0,939,0.106931496562196,0.106931496562196,0,918,0.0598189100348177,0.0421209900830437,0.017697919951774,892,0.0596911214264911,0.0596911214264911,0,537,0.0596911214264911,0.0596911214264911,0,913,0.0578298124806704,0.0578298124806704,0,533,0.0578298124806704,0.0578298124806704,0,1034,6.72802626621454,6.72802626621454,0,534,6.72802626621454,6.72802626621454,0,1220,180.30000388141,150.497890828497,29.8021130529137,998,156.341766585651,129.500257798374,26.8415087872771
Enterobacter_cloacae_EcWSU1_AND_Subdoligranulum_variabile_DSM_15176,971,0.185783282412536,0.185783282412536,0,518,0.185783282412536,0.185783282412536,0,976,0.106931496562196,0.106931496562196,0,778,0.0545170468918377,0.0516718376551505,0.0028452092366872,960,0.0596911214264911,0.0596911214264911,0,529,0.0596911214264911,0.0596911214264911,0,955,0.0578298124806704,0.0578298124806704,0,525,0.0578298124806704,0.0578298124806704,0,1050,6.72802626621454,6.72802626621454,0,534,6.72802626621454,6.72802626621454,0,1074,193.941899371021,147.586860137698,46.3550392333229,831,143.96372153111,114.8562976079,29.1074239232102
Enterobacter_cloacae_EcWSU1_AND_Veillonella_atypica_ACS_049_V_Sch6,1041,0.185783282412536,0.185783282412536,0,518,0.185783282412536,0.185783282412536,0,1011,0.106931496562196,0.106931496562196,0,1035,0.0580608731017188,0.0452602937372563,0.0128005793644625,1029,0.0596911214264911,0.0596911214264911,0,529,0.0596911214264911,0.0596911214264911,0,1005,0.0578298124806704,0.0578298124806704,0,530,0.0578298124806704,0.0578298124806704,0,1077,6.72802626621454,6.72802626621454,0,534,6.72802626621454,6.72802626621454,0,1378,188.724728940794,150.497890828497,38.2268381122973,1105,148.765165390455,128.856225834651,19.9089395558043
Enterococcus_faecium_TX1330_AND_Escherichia_coli_str_K_12_substr_MG1655,1060,0.0736648057456932,0.0115857302328706,0.0620790755128226,342,0.0736648057456932,0,0.0736648057456932,1038,0.0575938825715284,0.0179932101141428,0.0396006724573856,343,0.0575938825715284,0,0.0575938825715284,1023,0.0236680868564973,0.0061955103776621,0.0174725764788352,409,0.00619551037766116,0,0.00619551037766116,1082,0.0458601209686777,0.0038473916186851,0.0420127293499926,350,0.0458601209686777,0,0.0458601209686777,1167,5.33545044006795,2.66772522003156,2.66772522003639,677,0.293247045740424,0.000962196617862877,0.292284849122561,1018,180.697141147371,57.9784900747103,122.71865107266,696,109.174268789361,20.9475321652656,88.2267366240954
Enterococcus_faecium_TX1330_AND_Eubacterium_rectale_M104_1,749,0.049315229344276,0.0115857302328703,0.0377294991114057,290,0.0115857302328705,0.0115857302328705,0,733,0.0552563444258874,0.0175268453157214,0.037729499110166,293,0.0179932101110329,0.0179932101110329,0,762,0.0236680868564973,0.00619551038086437,0.0174725764756329,288,0.00619551037766116,0.00619551037766116,0,760,0.0267590267914112,0.00384739161738439,0.0229116351740268,288,0.0038473916186851,0.0038473916186851,0,582,0.0187378204167291,0.0187378204167291,0,298,0.0187378204167291,0,0.0187378204167291,685,115.213592362317,52.2630710829251,62.950521279392,550,67.0753533740927,22.7266344195972,44.3487189544955
Enterococcus_faecium_TX1330_AND_Faecalibacterium_prausnitzii_L2_6,555,0.0115857302356561,0.0115857302356561,0,285,0.0115857302328706,0.0115857302328706,0,564,0.0179932101068634,0.0179932101068634,0,293,0.0179932101110329,0.0179932101110329,0,737,0.00619551038086435,0.00290553347836618,0.00328997690249817,288,0.00619551037766116,0.00619551037766116,0,518,0.0038473916173845,0.0038473916173845,0,288,0.00384739161868508,0.00384739161868508,0,566,0.0187378204167291,0.0187378204167291,0,520,0.0187378204167291,0.0182215743440233,0.000516246072705801,710,117.738105520006,58.4025337168339,59.335571803172,550,76.5631903305207,36.8646519794917,39.698538351029
Enterococcus_faecium_TX1330_AND_Fusobacterium_varium_ATCC_27725,600,0.0115857302356561,0.0115857302356561,0,388,0.0115857302328705,0,0.0115857302328705,597,0.0179932101110329,0.0179932101110329,0,285,0.0179932101110329,0.0179932101110329,0,576,0.00619551038086437,0.00619551038086437,0,283,0.00619551037766119,0.00619551037766119,0,569,0.0038473916186851,0.0038473916186851,0,278,0.0038473916186853,0.0038473916186853,0,565,0.0182215743440233,0.0182215743440233,0,647,0.0182215743440233,0.00841495340732337,0.00980662093669996,828,103.879300180284,58.402533716834,45.4767664634498,696,75.1913390954223,34.5526475994728,40.6386914959495
Enterococcus_faecium_TX1330_AND_Haemophilus_parainfluenzae_T3T1,834,0.0292193126763552,0,0.0292193126763552,812,0.0143610292804336,0.0097622853261721,0.00459874395426153,836,0.0453790328000609,0,0.0453790328000609,530,0.0453790327922178,0,0.0453790327922178,830,0.0156251312024289,0,0.0156251312024289,813,0.00897080942522408,0.00437206547096281,0.00459874395426127,831,0.00970315520645948,0,0.00970315520645948,564,0.00970315520973962,0,0.00970315520973962,853,0.0253344142683421,0,0.0253344142683421,590,0.0253344142683421,0,0.0253344142683421,973,141.609699438302,50.6575392754055,90.9521601628964,822,92.2361368407678,20.9475321652655,71.2886046755022
Enterococcus_faecium_TX1330_AND_Helicobacter_pylori_26695,720,0.0557849810565725,2.10374092440884e-13,0.0557849810563621,382,0.0557849810554146,0,0.0557849810554146,894,0.0575938825715284,0.00861713829419022,0.0489767442773382,377,0.0575938825715284,0,0.0575938825715284,819,0.0236680868564973,0.00619551038086419,0.0174725764756331,277,0.00619551037766119,0.00619551037766119,0,708,0.026755609373959,0,0.026755609373959,637,0.00384739161868529,0.00161701554632122,0.00223037607236407,546,0.0182215743440233,0.0182215743440233,0,290,0.0182215743440233,0.0182215743440233,0,800,90.5090963743337,58.4025337168339,32.1065626574998,649,53.0484983174389,27.8744945826785,25.1740037347604
Enterococcus_faecium_TX1330_AND_Klebsiella_pneumoniae_pneumoniae_MGH78578,994,0.0736648057456932,0.0115857302356561,0.0620790755100371,348,0.0736648057456932,0,0.0736648057456932,969,0.0575938825715284,0.0179932101141423,0.0396006724573862,353,0.0575938825715284,0,0.0575938825715284,774,0.0236680868564973,0,0.0236680868564973,401,0.0236680868564973,0,0.0236680868564973,966,0.0458601209686777,0.00384739161738439,0.0420127293512933,362,0.0458601209686791,0,0.0458601209686791,896,5.33545044006795,0,5.33545044006795,366,2.66772522003398,0,2.66772522003398,956,140.399087654087,38.9350224778893,101.464065176197,666,100.461177981201,19.4176840749355,81.0434939062652
Enterococcus_faecium_TX1330_AND_Lactobacillus_mucosae_LM1,473,0.0115857302356561,0.0115857302356561,0,286,0.0115857302328706,0.0115857302328706,0,469,0.0179932101141428,0.0179932101141428,0,285,0.0179932101110329,0.0179932101110329,0,473,0.00619551038086437,0.00619551038086437,0,289,0.00619551037766119,0.00619551037766119,0,483,0.0038473916173845,0.0038473916173845,0,280,0.00384739161868508,0.00384739161868508,0,846,0.0188772112263062,0.0162794047116004,0.00259780651470575,684,0.0188772112263062,0.0162794047116005,0.00259780651470573,832,91.8214185649958,54.2534014385261,37.5680171264697,719,62.8784526914743,38.9350224778893,23.943430213585
Enterococcus_faecium_TX1330_AND_Lactobacillus_reuteri_SD2112_ATCC_55730,542,0.0115857302356562,0,0.0115857302356562,270,0.0115857302328706,0,0.0115857302328706,555,0.017993210114143,0,0.017993210114143,520,0.0179932101110329,0.0148400174151389,0.00315319269589399,512,0.00619551038086437,0,0.00619551038086437,517,0.00619551037766125,0.00304231768176726,0.00315319269589399,542,0.00384739161738454,0,0.00384739161738454,277,0.0038473916186851,0.0038473916186851,0,742,0.0182215743440233,0.00581454435532195,0.0124070299887014,290,0.0182215743440233,0.0182215743440233,0,683,106.457161113267,58.4025337168339,48.0546273964335,542,68.4677760473491,1.82204569653509,66.645730350814
Enterococcus_faecium_TX1330_AND_Megasphaera_elsdenii_DSM_20460,817,0.029219312669327,0,0.029219312669327,544,0.029219312669327,0,0.029219312669327,831,0.0453790328367755,0,0.0453790328367755,493,0.0453790327922178,0,0.0453790327922178,785,0.015625131194351,0,0.015625131194351,516,0.0156251311943505,0,0.0156251311943505,799,0.00970315520645948,0,0.00970315520645948,514,0.00970315520973997,0,0.00970315520973997,931,6.72802626621441,0,6.72802626621441,511,6.72802626621442,0,6.72802626621442,934,118.921839592269,58.4025337168339,60.5193058754352,792,79.7820472769424,20.9254551338081,58.8565921431343
Enterococcus_faecium_TX1330_AND_Parabacteroides_distasonis_ATCC_8503,1080,0.0434174955362304,0.0115857302356558,0.0318317653005746,805,0.0353064782842056,0.00347471298363102,0.0318317653005746,1048,0.0498249754147174,0.0179932101141428,0.0318317653005746,809,0.0387478982833154,0.00691613298274079,0.0318317653005746,1018,0.0380272756814388,0.00619551038086419,0.0318317653005746,793,0.0353064782842056,0.00347471298363101,0.0318317653005746,1070,0.035679156917959,0.00384739161738439,0.0318317653005746,801,0.0353064782842056,0.003474712983631,0.0318317653005746,849,0.0218960201793722,0,0.0218960201793722,827,0.0199747646726352,0.00640474118021057,0.0135700234924247,1026,125.106717720055,58.402533716834,66.7041840032205,859,68.5897135601767,38.9350224778893,29.6546910822874
Enterococcus_faecium_TX1330_AND_Parabacteroides_johnsonii_DSM_18315,910,0.0434229437612248,0.0115857302356558,0.031837213525569,649,0.0434229437584395,0.0115857302328705,0.031837213525569,893,0.0498304236397118,0.0179932101141428,0.031837213525569,648,0.0498304236366018,0.0179932101110329,0.0318372135255689,869,0.0236680868564973,0.0060474978887915,0.0176205889677058,381,0.0236680868564973,0,0.0236680868564973,896,0.0356846051429534,0.00384739161738448,0.031837213525569,656,0.0356846051442543,0.0038473916186853,0.031837213525569,893,0.0187378204167291,0.0182215743440233,0.000516246072705801,411,0.0187378204167291,0,0.0187378204167291,847,109.805807763867,58.402533716834,51.4032740470326,690,57.5662487578991,20.9797553406382,36.5864934172609
Enterococcus_faecium_TX1330_AND_Phascolarctobacterium_succinatutens_YIT_12067,810,0.0157858847312917,0.0115857302328706,0.00420015449842105,277,0.0115857302328706,0.0115857302328706,0,802,0.0221933646094548,0.0179932101110329,0.00420015449842192,643,0.0179932101110326,0.016791556021234,0.00120165408979855,812,0.0103956648762586,0.00619551037766101,0.00420015449859763,643,0.00619551037766114,0.00368652382220801,0.00250898655545313,822,0.00804754611733643,0.0038473916186853,0.00420015449865112,644,0.0048566392425762,0.0038473916186851,0.0010092476238911,532,0.0187378204167291,0.0187378204167291,0,492,0.0187378204167291,0.0187324613611306,5.35905559847408e-06,788,75.4035509319177,58.402533716834,17.0010172150838,656,44.1592032145467,38.9350224778893,5.22418073665734
Enterococcus_faecium_TX1330_AND_Prevotella_ruminicola_23,968,0.0434174955334452,0.0115857302328706,0.0318317653005746,758,0.0321410850838974,0.000309319783322755,0.0318317653005746,968,0.0498249754147174,0.0179932101141428,0.0318317653005746,766,0.0321369060605025,0.0003051407599279,0.0318317653005746,974,0.038027275681439,0.00619551038086437,0.0318317653005746,767,0.0321369060605025,0.000305140759927833,0.0318317653005746,998,0.035679156917959,0.00384739161738439,0.0318317653005746,770,0.0321369060605035,0.000305140759928901,0.0318317653005746,1026,0.0203558463785661,0.00913795904597976,0.0112178873325864,762,0.0200866113273883,0.00715669348415047,0.0129299178432378,942,122.10944697277,57.122993027486,64.9864539452838,796,69.7380989663556,9.97089713096523,59.7672018353904
Enterococcus_faecium_TX1330_AND_Pseudoflavonifractor_capillosus_strain_ATCC_29799,506,0.011585730235656,0,0.011585730235656,277,0.0115857302328706,0.0115857302328706,0,504,0.0179932101141427,0,0.0179932101141427,545,0.0179932101110328,0.0123272437578074,0.00566596635322545,475,0.00619551038086437,0.00619551038086437,0,277,0.00619551037766119,0.00619551037766119,0,474,0.00384739161738439,0.00384739161738439,0,283,0.00384739161868508,0.00384739161868508,0,517,0.0187378204167291,0,0.0187378204167291,306,0.0187378204167291,0,0.0187378204167291,682,77.8532092932592,58.4025337168344,19.4506755764247,551,58.385698054314,38.9350224778893,19.4506755764247
Enterococcus_faecium_TX1330_AND_Roseburia_intestinalis_L1_82,724,0.0498146131837109,0.0115857302356561,0.0382288829480549,544,0.0498146131797504,0.0115857302328706,0.0382288829468798,732,0.0523502220195873,0.0179932101110324,0.0343570119085549,542,0.0523502220164359,0.0179932101110329,0.034357011905403,524,0.0236680868564973,0,0.0236680868564973,280,0.00619551037766119,0.00619551037766119,0,725,0.0238879281717687,0.00384739161738448,0.0200405365543842,277,0.0038473916186851,0.0038473916186851,0,767,0.0281975727596317,0.0187378204167291,0.00945975234290259,549,0.0281546232726242,0.00113865307279319,0.027015970199831,705,119.935561209357,58.402533716834,61.5330274925231,561,51.9866468253151,38.2181896497016,13.7684571756135
Enterococcus_faecium_TX1330_AND_Roseburia_inulinivorans_DSM_16841,729,0.0213638330046078,0.0115857302283773,0.00977810277623053,539,0.0213638330087097,0.0115857302328706,0.00977810277583911,711,0.0277713128909069,0.0179932101141428,0.00977810277676411,546,0.027771312886872,0.0179932101110329,0.00977810277583911,743,0.0159736131433374,0.0061955103663065,0.00977810277703091,545,0.0159736131535003,0.00619551037766119,0.00977810277583911,760,0.0136254943952156,0.00384739161738439,0.00977810277783125,540,0.0136254943945239,0.0038473916186851,0.00977810277583883,550,0.0288306899511181,0,0.0288306899511181,306,0.0288306899511625,0,0.0288306899511625,686,124.213172586078,58.402533716834,65.8106388692437,571,79.3038397926006,31.4743270576842,47.8295127349164
Enterococcus_faecium_TX1330_AND_Ruminococcus_bromii_L2_63,491,0.0514046990892934,0,0.0514046990892934,296,0.0514046990892595,0,0.0514046990892595,514,0.0540065854116438,0,0.0540065854116438,301,0.0540065854117576,0,0.0540065854117576,722,0.0236680868564973,0.00619551037766119,0.0174725764788361,564,0.0236680868564973,0.00619551037766119,0.0174725764788361,563,0.0246547372191109,0,0.0246547372191109,571,0.0132161949966144,0.0038473916186851,0.0093688033779293,515,0.029066951327383,0,0.029066951327383,579,0.0229984951243793,0.0182215743440233,0.00477692078035594,718,74.9909172305002,58.402533716834,16.5883835136662,576,51.5979672057263,38.8242590077043,12.773708198022
Enterococcus_faecium_TX1330_AND_Ruminococcus_callidus_ATCC_2776001,860,0.0551144693014684,0.0115857302356558,0.0435287390658127,694,0.0243863095973331,0.0115857302328706,0.0128005793644625,879,0.0569439880388386,0.0179932101141423,0.0389507779246963,696,0.0307937894754954,0.0179932101110329,0.0128005793644625,877,0.0233813409195988,0.0061955103776591,0.0171858305419397,690,0.0233813409195989,0.00619551037766119,0.0171858305419377,702,0.0287358737245265,-3.94630619456529e-13,0.0287358737249211,699,0.0142633395849421,0.0038473916186851,0.010415947966257,631,0.0338784484091272,0,0.0338784484091272,444,0.0338784484093439,0,0.0338784484093439,835,80.7863075887847,58.402533716834,22.3837738719508,718,45.2659146233874,28.2303102954491,17.0356043279383
Enterococcus_faecium_TX1330_AND_Ruminococcus_torques_ATCC_27756,540,0.0499081362176242,0,0.0499081362176242,289,0.0499081362176117,0,0.0499081362176117,551,0.0524342729189597,0,0.0524342729189597,295,0.052434272919247,0,0.052434272919247,552,0.0236680868564973,0,0.0236680868564973,277,0.00619551037766119,0.00619551037766119,0,762,0.0239369552863733,0.0038473916173845,0.0200895636689888,311,0.00384739161868508,0,0.00384739161868508,537,0.0187378204167291,0,0.0187378204167291,316,0.0187378204167291,0.0187378204167291,0,708,93.1485486676719,58.402533716834,34.7460149508379,573,58.3834041320626,38.6664542759058,19.7169498561568
Enterococcus_faecium_TX1330_AND_Shigella_flexneri_2002017,1040,0.185783282412536,0,0.185783282412536,521,0.185783282412536,0,0.185783282412536,981,0.106931496562196,0,0.106931496562196,788,0.0714589583921309,0.0179932101110329,0.053465748281098,980,0.0596911214264911,0,0.0596911214264911,524,0.0596911214264911,0,0.0596911214264911,1016,0.0578298124806704,0,0.0578298124806704,573,0.0578298124806694,0,0.0578298124806694,1091,6.72802626621454,0,6.72802626621454,541,6.72802626621454,0,6.72802626621454,1106,155.026546625265,41.8580818644706,113.168464760794,829,81.7740106740577,13.6899092756272,68.0841013984305
Enterococcus_faecium_TX1330_AND_Streptococcus_salivarius_JIM8777,526,0.0115857302328705,0.0115857302328705,0,287,0.0115857302328706,0.0115857302328706,0,526,0.0179932101110329,0.0179932101110329,0,292,0.0179932101110329,0.0179932101110329,0,518,0.00619551038086437,0.00619551038086437,0,287,0.00619551037766119,0.00619551037766119,0,524,0.0038473916173845,0.0038473916173845,0,287,0.0038473916186851,0.0038473916186851,0,718,0.0193080012357121,0,0.0193080012357121,673,0.0190933786431154,0.00705313027650192,0.0120402483666135,866,88.279254724983,58.402533716834,29.876721008149,707,68.7965449148682,38.9350224778893,29.8615224369789
Enterococcus_faecium_TX1330_AND_Subdoligranulum_variabile_DSM_15176,570,0.011585730235656,0,0.011585730235656,277,0.0115857302328706,0.0115857302328706,0,571,0.0179932101116318,0,0.0179932101116318,285,0.0179932101110329,0.0179932101110329,0,572,0.00619551038086437,0,0.00619551038086437,280,0.00619551037766119,0.00619551037766119,0,525,0.00384739161738439,0.00384739161738439,0,276,0.00384739161868509,0,0.00384739161868509,545,0.0569041847338092,0,0.0569041847338092,282,0.0569041847337432,0,0.0569041847337432,681,110.617442892932,57.4782708714904,53.1391720214411,557,62.6899959431624,38.2601000615757,24.4298958815867
Enterococcus_faecium_TX1330_AND_Veillonella_atypica_ACS_049_V_Sch6,609,0.0115857302328706,0.0115857302328706,0,280,0.0115857302328706,0.0115857302328706,0,595,0.0179932101110329,0.0179932101110329,0,283,0.0179932101110329,0.0179932101110329,0,604,0.00619551038086437,0.00619551038086437,0,277,0.00619551037766119,0.00619551037766119,0,600,0.0038473916186851,0.0038473916186851,0,277,0.0038473916186851,0.0038473916186851,0,1068,0.11607865434759,0.013403444827884,0.102675209519706,783,0.116078654346597,0.0134034448268914,0.102675209519706,1000,110.445016450489,58.402533716834,52.0424827336554,841,61.9860932243321,35.9169845373437,26.0691086869884
Escherichia_coli_str_K_12_substr_MG1655_AND_Eubacterium_rectale_M104_1,1113,0.0736648057456932,0.0359353066355266,0.0377294991101665,350,0.0736648057456932,0.0736648057456932,0,1089,0.0575938825715284,0.0198643834600756,0.0377294991114528,351,0.0575938825715284,0.0575938825715284,0,799,0.0236680868564973,0,0.0236680868564973,412,0.00619551037766116,0.00619551037766116,0,885,0.0458601209686777,0.0458601209686777,0,345,0.0458601209686777,0.0458601209686777,0,1183,5.33545044006795,4.95819558781535,0.377254852252603,685,0.31102266953929,0.292284849122561,0.0187378204167291,1048,185.960896397512,122.71865107266,63.2422453248515,700,123.840409267229,96.7153565222932,27.1250527449363
Escherichia_coli_str_K_12_substr_MG1655_AND_Faecalibacterium_prausnitzii_L2_6,872,0.0736648057456932,0.0736648057456932,0,350,0.0736648057456932,0.0736648057456932,0,1086,0.0575938825715284,0.0398392095415869,0.0177546730299415,351,0.0575938825715284,0.0575938825715284,0,1043,0.0236680868564973,0.0188627426123215,0.00480534424417578,412,0.00619551037766116,0.00619551037766116,0,850,0.0458601209686777,0.0458601209686777,0,593,0.0458601209686777,0.0420127293499926,0.00384739161868509,1168,5.33545044006795,4.42511253764815,0.9103379024198,702,0.31102266953929,0.292284849122561,0.0187378204167291,1036,182.266458599204,122.71865107266,59.5478075265437,701,129.136955611608,100.99376054314,28.1431950684687
Escherichia_coli_str_K_12_substr_MG1655_AND_Fusobacterium_varium_ATCC_27725,1181,0.0736648057456932,0.0620790755245951,0.0115857302210981,713,0.0736648057456932,0.0620790755128226,0.0115857302328706,1251,0.0575938825715284,0.0396006724719434,0.017993210099585,343,0.0575938825715284,0.0575938825715284,0,1238,0.0236680868564973,0.0174725764756329,0.00619551038086437,405,0.00619551037766116,0.00619551037766116,0,1222,0.0458601209686777,0.0420127293679177,0.00384739160075996,337,0.0458601209686777,0.0458601209686777,0,1320,5.33545044006795,2.66772522002911,2.66772522003884,785,0.295869275530301,0.286062654593596,0.00980662093670503,1161,178.4379655904,122.71865107266,55.7193145177394,844,130.151723130634,99.2410097566274,30.9107133740064
Escherichia_coli_str_K_12_substr_MG1655_AND_Haemophilus_parainfluenzae_T3T1,1369,0.0912983881863915,0.0620790755100373,0.0292193126763542,880,0.0764401047932559,0.0718413608389949,0.00459874395426103,1351,0.0849797052574453,0.0396006724573861,0.0453790328000592,856,0.0782968468190517,0.0439914872751173,0.0343053595439343,1348,0.0330977076780619,0.0174725764756331,0.0156251312024289,930,0.00694261479963036,0.0057046430045729,0.00123797179505746,1309,0.0497921887490606,0.0400890335426011,0.00970315520645948,337,0.0458601209686777,0.0458601209686777,0,1473,7.153076064177,2.66772522003398,4.48535084414303,974,0.2979553725536,0.272620958285258,0.0253344142683421,1295,220.501339783294,122.706263751681,97.7950760316131,962,128.440077692832,89.5732454970047,38.8668321958271
Escherichia_coli_str_K_12_substr_MG1655_AND_Helicobacter_pylori_26695,913,0.0736648057456932,0.0736648057456932,0,707,0.0736648057456932,0.01787982469028,0.0557849810554132,961,0.0575938825715284,0,0.0575938825715284,343,0.0575938825715284,0.0575938825715284,0,914,0.0236680868564973,0.0236680868564973,0,392,0.00619551037766115,0,0.00619551037766115,1195,0.0458601209686777,0.0434142558820256,0.00244586508665215,341,0.0458601209686777,0.0458601209686777,0,1021,5.33545044006795,0,5.33545044006795,765,0.310506423466584,0.292284849122561,0.0182215743440233,1111,170.253055069034,122.71865107266,47.5344039963738,794,104.604567100558,90.6572987174276,13.9472683831302
Escherichia_coli_str_K_12_substr_MG1655_AND_Klebsiella_pneumoniae_pneumoniae_MGH78578,1045,0.0736648057456932,0,0.0736648057456932,342,0.0736648057456932,0.0736648057456932,0,1075,0.0575938825715284,0.0575938825715284,0,343,0.0575938825715284,0.0575938825715284,0,1022,0.0236680868564973,0,0.0236680868564973,401,0.0236680868564973,0,0.0236680868564973,1074,0.0458601209686777,0,0.0458601209686777,341,0.0458601209686777,0.0458601209686777,0,1144,5.33545044006795,0,5.33545044006795,723,2.66772522003398,0.144540419282848,2.52318480075113,1208,203.447773489562,122.692853670353,80.7549198192089,802,152.833958418812,72.5380686523662,80.2958897664457
Escherichia_coli_str_K_12_substr_MG1655_AND_Lactobacillus_mucosae_LM1,855,0.0736648057456932,0.0736648057456932,0,342,0.0736648057456932,0.0736648057456932,0,858,0.0575938825715284,0.0575938825715284,0,343,0.0575938825715284,0.0575938825715284,0,815,0.0236680868564973,0.0236680868564973,0,405,0.00619551037766116,0.00619551037766116,0,857,0.0458601209686777,0.0458601209686777,0,346,0.0458601209686777,0.0458601209686777,0,934,5.33545044006795,5.33545044006795,0,825,0.292331946951029,0.289734140436323,0.00259780651470574,1189,169.379553080325,122.71865107266,46.660902007665,867,128.515735038396,99.9604378275641,28.5552972108321
Escherichia_coli_str_K_12_substr_MG1655_AND_Lactobacillus_reuteri_SD2112_ATCC_55730,1041,0.0736648057456932,0.0620790755100371,0.0115857302356561,342,0.0736648057456932,0.0736648057456932,0,1042,0.0575938825715284,0.0396006724604991,0.0179932101110294,343,0.0575938825715284,0.0575938825715284,0,1003,0.0236680868564973,0.0235099493315586,0.000158137524938709,644,0.00619551037766122,0.00304231768176724,0.00315319269589399,1010,0.0458601209686777,0.0420127293499926,0.0038473916186851,337,0.0458601209686777,0.0458601209686777,0,1132,5.33545044006795,5.32126107293643,0.0141893671315229,664,0.30469187911118,0.292284849122561,0.0124070299886186,1011,190.018747625546,122.71865107266,67.3000965528858,689,136.429191548517,88.8047954241233,47.6243961243934
Escherichia_coli_str_K_12_substr_MG1655_AND_Megasphaera_elsdenii_DSM_20460,1348,0.0912983881863928,0.0620790755100365,0.0292193126763562,864,0.0912983881821523,0.0620790755128226,0.0292193126693297,1321,0.0849797052574453,0.0396006724573861,0.0453790328000592,813,0.084979705252713,0.0396006724604953,0.0453790327922178,1294,0.0330977076780619,0.0174725764756331,0.0156251312024289,516,0.015625131194351,0,0.015625131194351,1306,0.0517158845577528,0.0420127293512933,0.00970315520645948,830,0.0517158845597335,0.0420127293499919,0.00970315520974152,1423,9.39575148624475,2.66772522003645,6.7280262662083,511,6.72802626621442,0,6.72802626621442,1306,184.157541570065,116.719273068259,67.4382685018067,942,146.18297953218,95.5947979989454,50.5881815332344
Escherichia_coli_str_K_12_substr_MG1655_AND_Parabacteroides_distasonis_ATCC_8503,1373,0.0928749789581139,0.0610432136575392,0.0318317653005746,872,0.0928749789581139,0.0610432136575392,0.0318317653005746,1380,0.0768040557839491,0.0449722904833745,0.0318317653005746,873,0.0768040557839491,0.0449722904833745,0.0318317653005746,1339,0.042878260068918,0.0110464947683433,0.0318317653005746,923,0.0380272756782358,0.00619551037766116,0.0318317653005746,1341,0.0650702941810984,0.0332385288805238,0.0318317653005746,863,0.0650702941810984,0.0332385288805238,0.0318317653005746,1480,5.37002875185031,5.31273157430928,0.0572971775410343,950,0.293705275396464,0.292284849122561,0.00142042627390323,1373,191.151438758336,122.71865107266,68.4327876856759,997,142.517439728689,95.505188658269,47.0122510704198
Escherichia_coli_str_K_12_substr_MG1655_AND_Parabacteroides_johnsonii_DSM_18315,866,0.0736648057456932,0.0736648057456932,0,711,0.0736648057456932,0.0418275922201242,0.031837213525569,905,0.0575938825715284,0.0575938825715284,0,343,0.0575938825715284,0.0575938825715284,0,936,0.0236680868564973,0.0236650092035726,3.07765292471934e-06,381,0.0236680868564973,0,0.0236680868564973,926,0.0458601209686777,0.0458601209686777,0,711,0.0458601209686777,0.0140229074431087,0.031837213525569,969,5.33545044006795,5.33545044006795,0,805,0.293135975442005,0.292284849122561,0.000851126319444064,1194,177.967203314736,122.71865107266,55.2485522420752,828,126.655015582955,90.068522165694,36.5864934172609
Escherichia_coli_str_K_12_substr_MG1655_AND_Phascolarctobacterium_succinatutens_YIT_12067,1178,0.0736648057456932,0.069397464825102,0.00426734092059115,342,0.0736648057456932,0.0736648057456932,0,838,0.057593882571534,0.057593882571534,0,343,0.0575938825715284,0.0575938825715284,0,853,0.0236680868564731,0.0236680868564731,0,404,0.00619551037766116,0.00619551037766116,0,865,0.0458601209686777,0.0458601209686777,0,341,0.0458601209686777,0.0458601209686777,0,966,5.33545044006795,5.33545044006795,0,794,0.292502264040648,0.292284849122561,0.000217414918087381,1112,139.861470961721,122.71865107266,17.1428198890606,811,102.492258537379,102.26554256055,0.226715976828914
Escherichia_coli_str_K_12_substr_MG1655_AND_Prevotella_ruminicola_23,1346,0.0928749789581139,0.0610432136575392,0.0318317653005746,839,0.0928749789581139,0.0610432136575392,0.0318317653005746,1340,0.0768040557839491,0.0449722904833745,0.0318317653005746,847,0.0768040557839491,0.0449722904833745,0.0318317653005746,1328,0.042878260068918,0.0110464947683433,0.0318317653005746,906,0.0380272756782358,0.00619551037766116,0.0318317653005746,1302,0.0650702941810984,0.0332385288805238,0.0318317653005746,844,0.0650702941810984,0.0332385288805238,0.0318317653005746,1403,5.37002875185031,5.31273157430928,0.0572971775410343,901,0.297574299003254,0.286261720216512,0.0113125787867418,1262,200.83731114419,122.71865107266,78.1186600715297,927,119.120462676664,71.0838792580318,48.0365834186319
Escherichia_coli_str_K_12_substr_MG1655_AND_Pseudoflavonifractor_capillosus_strain_ATCC_29799,1062,0.0736648057456932,0.0620790755128226,0.0115857302328705,342,0.0736648057456932,0.0736648057456932,0,1088,0.0575938825715284,0.0396006724573857,0.0179932101141427,343,0.0575938825715284,0.0575938825715284,0,1045,0.0236680868564973,0.0174725764788361,0.00619551037766117,405,0.00619551037766116,0.00619551037766116,0,798,0.0458601209686777,0.0458601209686777,0,341,0.0458601209686777,0.0458601209686777,0,942,5.33545044006795,5.33545044006795,0,694,0.31102266953929,0.292284849122561,0.0187378204167291,1022,161.184075913927,122.706359250207,38.4777166637204,700,118.351493712546,98.9008181361218,19.4506755764247
Escherichia_coli_str_K_12_substr_MG1655_AND_Roseburia_intestinalis_L1_82,794,0.0736648057456932,0,0.0736648057456932,342,0.0736648057456932,0.0736648057456932,0,1057,0.0575938825715284,0.0574546597116215,0.000139222859906948,343,0.0575938825715284,0.0575938825715284,0,796,0.0236680868564973,0,0.0236680868564973,297,0.00619551037766114,0,0.00619551037766114,763,0.0458601209686777,0,0.0458601209686777,341,0.0458601209686777,0.0458601209686777,0,856,5.33545044006795,0,5.33545044006795,687,0.321101554512479,0.292284849122561,0.0288167053899177,999,188.771621728858,122.71865107266,66.0529706561976,713,113.028861474536,99.2604042989222,13.7684571756135
Escherichia_coli_str_K_12_substr_MG1655_AND_Roseburia_inulinivorans_DSM_16841,1059,0.0736648057456932,0.063886702970498,0.00977810277519519,342,0.0736648057456932,0.0736648057456932,0,1051,0.0575938825715284,0.0478157797947642,0.00977810277676426,343,0.0575938825715284,0.0575938825715284,0,1035,0.0236680868564973,0.0138899840802667,0.00977810277623053,670,0.0159736131535001,0.00619551037766116,0.00977810277583894,1076,0.0458601209686777,0.0360820181924472,0.00977810277623053,609,0.0458601209686777,0.0360820181928378,0.00977810277583986,1150,5.33545044006795,5.23766941230938,0.0977810277585699,696,0.294919789768124,0.271996320725758,0.022923469042366,1024,177.554698206174,122.71865107266,54.8360471335137,715,136.535591310597,94.6429497433277,41.8926415672694
Escherichia_coli_str_K_12_substr_MG1655_AND_Ruminococcus_bromii_L2_63,836,0.0736648057456932,0.0736648057456932,0,342,0.0736648057456932,0.0736648057456932,0,840,0.0575938825715284,0.0575938825715284,0,343,0.0575938825715284,0.0575938825715284,0,828,0.0236680868564973,0.0236680868564973,0,690,0.0236680868564973,0.00619551037766116,0.0174725764788361,860,0.0458601209686777,0.0458601209686777,0,349,0.0458601209686777,0.0458601209686777,0,929,5.33545044006795,5.33545044006795,0,707,0.297061769902917,0.292284849122561,0.00477692078035595,1017,155.534087959959,122.718651072661,32.8154368872986,720,107.90105155748,91.1891876269602,16.7118639305198
Escherichia_coli_str_K_12_substr_MG1655_AND_Ruminococcus_callidus_ATCC_2776001,865,0.0736648057456932,0.0736648057456932,0,342,0.0736648057456932,0.0736648057456932,0,823,0.0575938825715284,0.0575938825715284,0,343,0.0575938825715284,0.0575938825715284,0,864,0.0236680868564973,0.0236680868564973,0,813,0.0233813409195989,0.00619551037766116,0.0171858305419377,816,0.0458601209686777,0.0458601209686777,0,341,0.0458601209686777,0.0458601209686777,0,935,5.33545044006795,5.33545044006795,0,838,0.318418446304676,0.271843273976538,0.0465751723281376,1166,158.451916891884,122.707041741611,35.7448751502736,873,117.591081871277,94.9368192132482,22.6542626580286
Escherichia_coli_str_K_12_substr_MG1655_AND_Ruminococcus_torques_ATCC_27756,777,0.0736648057456932,0,0.0736648057456932,342,0.0736648057456932,0.0736648057456932,0,790,0.0575938825715284,0,0.0575938825715284,343,0.0575938825715284,0.0575938825715284,0,804,0.0236680868564973,0,0.0236680868564973,312,0.00619551037766116,0,0.00619551037766116,1067,0.0458601209686777,0.037725485227086,0.00813463574159176,337,0.0458601209686777,0.0458601209686777,0,882,5.33545044006795,0,5.33545044006795,715,0.31102266953929,0.292284849122561,0.0187378204167291,1032,167.38458856636,122.71865107266,44.6659374936998,720,116.588657226584,90.8579787988765,25.7306784277076
Escherichia_coli_str_K_12_substr_MG1655_AND_Shigella_flexneri_2002017,1117,0.185783282412536,0,0.185783282412536,521,0.185783282412536,0,0.185783282412536,1186,0.106931496562196,0,0.106931496562196,839,0.0713958587365439,0.0485256190405877,0.0228702396959562,1152,0.0596911214264911,0,0.0596911214264911,524,0.0596911214264911,0,0.0596911214264911,1223,0.0578298124806704,0,0.0578298124806704,533,0.0578298124806704,0,0.0578298124806704,1303,6.72802626621454,0,6.72802626621454,533,6.72802626621454,0,6.72802626621454,1402,215.419672713156,102.251207952361,113.168464760794,962,135.241874485797,77.7077964685557,57.5340780172418
Escherichia_coli_str_K_12_substr_MG1655_AND_Streptococcus_salivarius_JIM8777,883,0.0736648057456932,0.0736648057456932,0,350,0.0736648057456932,0.0736648057456932,0,856,0.0575938825715284,0.0575938825715284,0,351,0.0575938825715284,0.0575938825715284,0,868,0.0236680868564973,0.0236680868564973,0,418,0.00619551037766116,0.00619551037766116,0,866,0.0458601209686777,0.0458601209686777,0,349,0.0458601209686777,0.0458601209686777,0,934,5.33545044006795,5.33545044006795,0,818,0.309961408251641,0.292284849122561,0.0176765591290802,1172,167.208343442032,122.718651072661,44.4896923693713,866,132.142263568699,102.26554256055,29.876721008149
Escherichia_coli_str_K_12_substr_MG1655_AND_Subdoligranulum_variabile_DSM_15176,868,0.0736648057456932,0.0736648057456932,0,342,0.0736648057456932,0.0736648057456932,0,853,0.0575938825715284,0.0575938825715284,0,343,0.0575938825715284,0.0575938825715284,0,840,0.0236680868564973,0.0236680868564973,0,277,0.00619551037766117,0,0.00619551037766117,1023,0.0458601209686777,0.0420127293499926,0.00384739161868508,346,0.0458601209686777,0.0458601209686777,0,1167,5.33545044006795,3.18184045688835,2.1536099831796,666,0.310366232153942,0.24855781859507,0.0618084135588713,1007,182.530765621765,122.699537806769,59.8312278149959,702,114.722903359607,87.7965042061374,26.9263991534693
Escherichia_coli_str_K_12_substr_MG1655_AND_Veillonella_atypica_ACS_049_V_Sch6,936,0.0736648057456932,0.0736648057456932,0,342,0.0736648057456932,0.0736648057456932,0,947,0.0575938825715284,0.0575938825715284,0,343,0.0575938825715284,0.0575938825715284,0,945,0.0236680868564973,0.0236680868564973,0,404,0.00619551037766116,0.00619551037766116,0,972,0.0458601209686777,0.0458601209686777,0,337,0.0458601209686777,0.0458601209686777,0,1039,5.33545044006795,5.33545044006795,0,911,0.394960058642267,0.292284849122561,0.102675209519706,1341,181.541571560074,122.71865107266,58.8229204874138,989,130.647103372251,96.0353257965294,34.6117775757219
Eubacterium_rectale_M104_1_AND_Faecalibacterium_prausnitzii_L2_6,722,0.064315937974606,0.0527302077243922,0.0115857302502137,289,0.0115857302328705,0,0.0115857302328705,715,0.0575938825715284,0.0396006724573841,0.0179932101141443,289,0.0179932101110328,0,0.0179932101110328,580,0.0236680868564973,0.0236680868564973,0,284,0.00619551037766116,0,0.00619551037766116,721,0.0306064184021672,0.0267590267920616,0.00384739161010564,284,0.00384739161868508,0,0.00384739161868508,522,0.0187378204167291,0,0.0187378204167291,298,0.0187378204167291,0.0187378204167291,0,708,119.750871407773,60.8541907444562,58.8966806633171,546,86.5509533328976,47.9137914110634,38.6371619218342
Eubacterium_rectale_M104_1_AND_Fusobacterium_varium_ATCC_27725,905,0.0643159379598167,0.0527302077241607,0.011585730235656,636,0.0115857302328705,0.000422926080849962,0.0111628041520206,921,0.0575938825715284,0.0552563444268428,0.00233753814468563,645,0.00689279443812145,0.00282207150704759,0.00407072293107386,619,0.0236680868564973,0.0236680868564973,0,644,0.00619551037766116,0.00282207150704759,0.00337343887061357,901,0.0306064184012182,0.0267590267911125,0.0038473916101057,399,0.00384739161868515,0,0.00384739161868515,925,0.118249843700619,0.0564414301417479,0.0618084135588713,658,0.0187378204167291,0.00647399528133169,0.0122638251353974,839,113.709176605607,58.2820692209415,55.4271073846654,685,86.7062353978239,41.4341385423224,45.2720968555015
Eubacterium_rectale_M104_1_AND_Haemophilus_parainfluenzae_T3T1,1046,0.0640187570039645,0.0347994443346349,0.0292193126693296,571,0.0045987439542613,0,0.0045987439542613,1023,0.0727880178711876,0.0274089850711267,0.0453790328000609,538,0.0453790327922162,0,0.0453790327922162,1009,0.0330977076780619,0.0174725764756331,0.0156251312024289,567,0.00459874395426128,0,0.00459874395426128,1021,0.0305077305010397,0.0208045752945799,0.00970315520645983,564,0.00970315520973962,0,0.00970315520973962,871,0.0919748790850441,0,0.0919748790850441,581,0.0253344142683421,0,0.0253344142683421,997,155.63078460635,57.8357085747371,97.7950760316131,823,103.884088203192,32.6224860866437,71.2616021165479
Eubacterium_rectale_M104_1_AND_Helicobacter_pylori_26695,814,0.0586070525622861,0.00282207150688104,0.0557849810554051,642,0.0586075851309957,0.00282207150704759,0.0557855136239481,819,0.0575938825715284,0.0354051869832759,0.0221886955882525,384,0.0575938825715284,0,0.0575938825715284,500,0.0236680868564973,0.0236680868564973,0,399,0.00619551037766115,0,0.00619551037766115,833,0.029577680879175,0.00282207150735304,0.026755609371822,399,0.00384739161868507,0,0.00384739161868507,829,0.0597645108300653,0.0282207150706037,0.0315437957594616,637,0.0197157561870491,0.0187378204167291,0.000977935770319991,781,111.402089311101,63.2422453248514,48.1598439862496,648,58.9860586746682,37.6683046910869,21.3177539835813
Eubacterium_rectale_M104_1_AND_Klebsiella_pneumoniae_pneumoniae_MGH78578,796,0.0736648057456932,0,0.0736648057456932,356,0.0736648057456927,0,0.0736648057456927,997,0.0575938825715284,0.037729499111406,0.0198643834601224,361,0.0575938825715281,0,0.0575938825715281,741,0.0236680868564973,0.0236680868564973,0,409,0.0236680868564973,0,0.0236680868564973,802,0.0458601209686777,0,0.0458601209686777,362,0.0458601209686777,0,0.0458601209686777,1067,5.33545044006795,0.377254852252606,4.95819558781535,366,2.66772522003398,0,2.66772522003398,943,164.706310501049,63.2422453248514,101.464065176197,657,99.9326774335377,37.0713886443687,62.861288789169
Eubacterium_rectale_M104_1_AND_Lactobacillus_mucosae_LM1,859,0.0491250936175801,0.0377294991111967,0.0113955945063834,680,0.00379313377836584,0.00282207150704756,0.000971062271318277,858,0.050530078475658,0.0377294991111955,0.0128005793644625,683,0.0037931337783658,0.00282207150704752,0.00097106227131828,497,0.0236680868564973,0.0236680868564973,0,680,0.00379313377836584,0.00282207150704756,0.000971062271318276,842,0.0271420516456224,0.0233578003380215,0.00378425130760094,685,0.00379313377836579,0.00282207150704751,0.000971062271318282,888,0.0501365759460349,0.0187378204167291,0.0313987555293058,697,0.0200599944015256,0.0186767296021718,0.00138326479935382,833,106.461323676092,62.0189941437222,44.4423295323696,710,67.9422417970264,47.9137914110634,20.028450385963
Eubacterium_rectale_M104_1_AND_Lactobacillus_reuteri_SD2112_ATCC_55730,715,0.0435229805739756,0.0319372503383195,0.0115857302356561,277,0.0115857302328705,0,0.0115857302328705,727,0.0467270613813988,0.0287338512672558,0.017993210114143,521,0.00547407022159895,0.00282207150704759,0.00265199871455136,720,0.0236680868564973,0.0174725764756327,0.00619551038086454,520,0.00547407022159888,0.00282207150704751,0.00265199871455137,759,0.0267590267919764,0.022911635174592,0.00384739161738448,514,0.00384739161868509,0.00282207150704754,0.00102532011163755,718,0.0469585354872562,0.0187378204167291,0.0282207150705271,536,0.0197157561870499,0.0187378204167291,0.000977935770320801,677,126.081084924135,61.4076169952586,64.673467928876,533,92.3949873909754,26.6187730061464,65.7762143848291
Eubacterium_rectale_M104_1_AND_Megasphaera_elsdenii_DSM_20460,1067,0.0669488117875517,0.0377294991111955,0.0292193126763562,554,0.0292193126693291,0,0.0292193126693291,1005,0.0831045180168595,0.0377254852246418,0.0453790327922178,501,0.0453790327922178,0,0.0453790327922178,979,0.033097707673187,0.017472576478836,0.015625131194351,520,0.015625131194351,0,0.015625131194351,1028,0.0474326543205752,0.0377294991108356,0.00970315520973962,522,0.00970315520973962,0,0.00970315520973962,1116,7.10528111844254,0.377254852252594,6.72802626618994,511,6.72802626621442,0,6.72802626621442,919,123.073116616969,61.6413126614885,61.4318039554807,784,85.7501576077172,28.1787567823207,57.5714008253965
Eubacterium_rectale_M104_1_AND_Parabacteroides_distasonis_ATCC_8503,885,0.185783282412536,0,0.185783282412536,559,0.0318317653005746,0,0.0318317653005746,890,0.145252274036523,0,0.145252274036523,559,0.0318317653005746,0,0.0318317653005746,878,0.0596911214264911,0,0.0596911214264911,543,0.0318317653005746,0,0.0318317653005746,860,0.115659624961341,0,0.115659624961341,549,0.0318317653005746,0,0.0318317653005746,855,0.0218960201793722,0,0.0218960201793722,840,0.0204883093756701,0.00768929564854,0.0127990137271301,1018,127.577855326365,59.1964682680902,68.3813870582743,852,98.1250724402244,47.9137914110634,50.2112810291611
Eubacterium_rectale_M104_1_AND_Parabacteroides_johnsonii_DSM_18315,887,0.0736648057456932,0.0377254852256717,0.0359393205200215,657,0.0329649587904887,0.00282207150704652,0.0301428872834422,916,0.0575938825715284,0.0361953497916139,0.0213985327799145,650,0.0329649587904892,0.00282207150704759,0.0301428872834416,570,0.0236680868564973,0.0236680868564973,0,390,0.0236680868564973,0,0.0236680868564973,873,0.0458601209686777,0.0267590267937439,0.0191010941749338,660,0.0329649587904888,0.00282207150704683,0.030142887283442,513,0.0187378204167291,0.0187378204167291,0,411,0.0187378204167291,0,0.0187378204167291,861,117.768310860035,62.5197586179599,55.2485522420753,680,55.879463128011,38.6812164113929,17.1982467166181
Eubacterium_rectale_M104_1_AND_Phascolarctobacterium_succinatutens_YIT_12067,509,0.0377294991107317,0.0377294991107317,0,651,0.00418574361909126,0.00282207150704759,0.00136367211204367,482,0.0377294991113059,0.0377294991113059,0,651,0.00421118626094011,0.00282207150704759,0.00138911475389251,527,0.0236680868564973,0.0236680868564973,0,653,0.00534233287628656,0.00282207150704754,0.00252026136923902,829,0.0271030475604182,0.0239973048153995,0.00310574274501869,654,0.00384411913715242,0.00282207150704772,0.0010220476301047,529,0.0187378204167291,0.0187378204167291,0,298,0.0187378204167291,0.0187378204167291,0,783,73.569013459163,60.7787895271318,12.7902239320312,648,52.2945994181807,47.9137914110634,4.38080800711727
Eubacterium_rectale_M104_1_AND_Prevotella_ruminicola_23,950,0.0835982351065176,0.00282207150696801,0.0807761635995496,527,0.0318317653005746,0,0.0318317653005746,985,0.0876867795188626,0.00282207150699793,0.0848647080118646,535,0.0318317653005746,0,0.0318317653005746,831,0.0596911214264911,0,0.0596911214264911,536,0.0318317653005746,0,0.0318317653005746,999,0.0415639593581232,0.00282207150742959,0.0387418878506936,540,0.0318317653005746,0,0.0318317653005746,813,0.0218960201793722,0,0.0218960201793722,777,0.0203558463785661,0.00913795904597976,0.0112178873325864,947,140.110963214028,61.9923031424982,78.1186600715296,783,81.8571120910489,33.8205286724171,48.0365834186319
Eubacterium_rectale_M104_1_AND_Pseudoflavonifractor_capillosus_strain_ATCC_29799,517,0.0377294991119701,0.0377294991119701,0,550,0.00848803786027292,0.00282207150704752,0.0056659663532254,517,0.0377294991114994,0.0377294991114994,0,551,0.00848803786027298,0.00282207150704759,0.00566596635322539,504,0.0236680868564973,0.0236680868564973,0,545,0.00619551037766116,0.000529544024435674,0.00566596635322549,716,0.030606418409383,0.0267590267919985,0.00384739161738448,547,0.00384739161868508,0.00282207150704762,0.00102532011163746,526,0.0187378204167291,0,0.0187378204167291,306,0.0187378204167291,0,0.0187378204167291,684,94.735906082151,55.8345549293017,38.9013511528493,546,63.3322261337323,47.9137914110634,15.4184347226689
Eubacterium_rectale_M104_1_AND_Roseburia_intestinalis_L1_82,758,0.052693599588689,0.037729499110682,0.014964100478007,548,0.0526084105568368,0.0028220715070476,0.0497863390497892,758,0.0552135714382882,0.0377294991111414,0.0174840723271468,549,0.0551283824060271,0.00282207150704762,0.0523063108989795,532,0.0236680868564973,0.0236680868564973,0,556,0.00619551037766118,0.00282207150704756,0.00337343887061362,563,0.0267590267904575,0.0267590267904575,0,556,0.00384739161868509,0.00282207150704757,0.00102532011163752,721,0.046889664889777,0.0187378204167291,0.0281518444730479,552,0.0286086828035967,0.000456838330780669,0.0281518444728161,702,113.109253469743,58.6590744335678,54.4501790361752,555,54.438381972699,40.6699247970853,13.7684571756137
Eubacterium_rectale_M104_1_AND_Roseburia_inulinivorans_DSM_16841,527,0.0377254852246429,0.0377254852246429,0,547,0.0126001742828868,0.00282207150704762,0.00977810277583916,524,0.037725485229327,0.037725485229327,0,547,0.0126001742828868,0.00282207150704762,0.00977810277583916,530,0.0236680868564973,0.0236680868564973,0,551,0.0126001742828868,0.00282207150704762,0.00977810277583916,729,0.0270031962292463,0.0154624367057559,0.0115407595234904,547,0.0126001742828868,0.00282207150704762,0.00977810277583916,722,0.0475685103682593,0.0187378204167291,0.0288306899515302,574,0.0475685103678917,0.0187378204167291,0.0288306899511625,701,120.195923416609,58.2820692209414,61.9138541956676,566,88.2281919247317,42.331659539607,45.8965323851247
Eubacterium_rectale_M104_1_AND_Ruminococcus_bromii_L2_63,719,0.0542267705966647,0.00282207150732646,0.0514046990893383,564,0.054226770596305,0.00282207150704756,0.0514046990892575,719,0.0568286569207326,0.00282207150711266,0.0540065854136199,568,0.0568286569188054,0.00282207150704754,0.0540065854117578,505,0.0236680868564973,0.0236680868564973,0,568,0.0236680868564973,0.00282207150704674,0.0208460153494505,717,0.0274768087257893,0.0028220715070447,0.0246547372187445,575,0.0121692168373117,0.00282207150704759,0.00934714533026411,707,0.0478047717438332,0.0187378204167291,0.0290669513271041,594,0.0235147411970851,0.0187378204167291,0.00477692078035595,694,84.2128961636846,51.0361291363521,33.1767670273325,571,54.1788921537324,47.8537965234095,6.32509563032282
Eubacterium_rectale_M104_1_AND_Ruminococcus_callidus_ATCC_2776001,857,0.0627358693620922,0.00282207150708352,0.0599137978550087,699,0.0156226508715101,0.00282207150704762,0.0128005793644625,863,0.0570256003504545,0.0229661745848784,0.0340594257655762,698,0.01562265087151,0.00282207150704755,0.0128005793644625,454,0.0236680868564973,0.0236680868564973,0,695,0.0233259787415769,0.00282207150704807,0.0205039072345288,841,0.0315579452325209,0.00282207150708358,0.0287358737254373,704,0.0132380194733045,0.00282207150704759,0.010415947966257,849,0.0526162688264198,0.0187378204167291,0.0338784484096906,718,0.0493916352338523,0.0187378204167291,0.0306538148171232,821,97.1565387821665,62.6804742827656,34.4760644994009,713,53.2397816981282,36.2041773701899,17.0356043279383
Eubacterium_rectale_M104_1_AND_Ruminococcus_torques_ATCC_27756,739,0.0527302077207176,0.037729499110682,0.0150007086100357,551,0.0527302077246566,0.00282207150704756,0.049908136217609,744,0.0552563444235391,0.037729499110682,0.0175268453128571,553,0.0552563444262965,0.00282207150704758,0.0524342729192489,508,0.0236680868564973,0.0236680868564973,0,320,0.00619551037766116,0,0.00619551037766116,527,0.0267590267922395,0.0267590267922395,0,314,0.00384739161868508,0,0.00384739161868508,551,0.0187378204167291,0.0187378204167291,0,314,0.0187378204167291,0.0187378204167291,0,696,96.865650941367,61.874650381774,34.9910005595931,564,65.2975919757611,47.9137914110634,17.3838005646976
Eubacterium_rectale_M104_1_AND_Shigella_flexneri_2002017,1004,0.185783282412536,0,0.185783282412536,529,0.185783282412536,0,0.185783282412536,1006,0.106931496580414,0,0.106931496580414,797,0.0545084975511735,0.00282207150704801,0.0516864260441255,983,0.0596911214264911,0,0.0596911214264911,531,0.0596911214264911,0,0.0596911214264911,996,0.0578298124806704,0,0.0578298124806704,541,0.0578298124806704,0,0.0578298124806704,1080,6.7280262662176,0,6.7280262662176,533,6.72802626621454,0,6.72802626621454,1128,173.766600948912,60.5981361881181,113.168464760794,822,80.3437644268243,10.2239722453072,70.119792181517
Eubacterium_rectale_M104_1_AND_Streptococcus_salivarius_JIM8777,877,0.0491250936177184,0.037729499111335,0.0113955945063834,671,0.0114419080819108,0.00282207150704757,0.00861983657486327,874,0.0554274190657715,0.0377294991109387,0.0176979199548328,670,0.0177442335300412,0.00282207150704774,0.0149221620229935,525,0.0236680868564973,0.0236680868564973,0,666,0.00614014819963921,0.00282207150704752,0.00331807669259169,874,0.0273595787764421,0.0235753274688411,0.00378425130760094,675,0.00383056488586818,0.00282207150704759,0.00100849337882059,673,0.0193080012357121,0,0.0193080012357121,688,0.0190933786431154,0.00705313027650192,0.0120402483666135,835,106.722681296925,63.2422453248514,43.4804359720732,704,77.7905124192124,47.9137914110634,29.876721008149
Eubacterium_rectale_M104_1_AND_Subdoligranulum_variabile_DSM_15176,732,0.0493112154592709,0.0377254852236149,0.011585730235656,284,0.00284520923668724,0,0.00284520923668724,739,0.0554026682974877,0.0374094581833449,0.0179932101141428,285,0.00284520923668721,0,0.00284520923668721,721,0.0236680868564973,0.0174725764761272,0.00619551038037005,277,0.00619551037766117,0,0.00619551037766117,733,0.0267903144394942,0.0229429228195596,0.00384739161993456,285,0.00384739161868509,0,0.00384739161868509,590,0.0569041847346857,0,0.0569041847346857,282,0.0569041847337448,0,0.0569041847337448,686,102.929024316962,58.6364550414764,44.2925692754853,551,74.0807329251442,25.7896680031151,48.2910649220291
Eubacterium_rectale_M104_1_AND_Veillonella_atypica_ACS_049_V_Sch6,1043,0.0390714206999772,0.0377294991111965,0.00134192158878061,797,0.00360172313233965,0.00225980154355905,0.00134192158878061,1041,0.0505300784752169,0.0377294991107544,0.0128005793644625,792,0.0140592343487428,0.00125865498428028,0.0128005793644625,627,0.0236680868564973,0.0236680868564973,0,287,0.00282207150704756,0.00282207150704756,0,1026,0.0289570475679632,0.0251727962603623,0.00378425130760096,783,0.00383176078449721,0.00209414602995289,0.00173761475454432,1028,0.116078654347744,0.013403444828038,0.102675209519706,789,0.116078654346597,0.0134034448268907,0.102675209519706,1027,121.708368210372,63.2422453248515,58.4661228855207,826,70.8321129997322,47.9137914110634,22.9183215886689
Faecalibacterium_prausnitzii_L2_6_AND_Fusobacterium_varium_ATCC_27725,588,0.0115857302356561,0.0115857302356561,0,397,0.0115857302328706,0,0.0115857302328706,592,0.0179932101141427,0.0179932101141427,0,653,0.0179932101110329,0.0125080012619253,0.00548520884910754,539,0.00619551037358549,0.00619551037358549,0,402,0.00619551037766116,0,0.00619551037766116,540,0.00384739161738448,0.00384739161738448,0,399,0.00384739161868515,0,0.00384739161868515,915,0.0618084135588713,0.0520519442190565,0.00975646933981483,655,0.0187378204167291,0.000516246072705801,0.0182215743440233,853,119.183733890878,58.9517132482609,60.2320206426171,690,86.4073803829538,37.0739973024891,49.3333830804647
Faecalibacterium_prausnitzii_L2_6_AND_Haemophilus_parainfluenzae_T3T1,769,0.0292193126693032,0,0.0292193126693032,814,0.0125863265045637,0.0109283120072987,0.00165801449726499,779,0.0453790328000592,0,0.0453790328000592,543,0.0453790327922178,0,0.0453790327922178,774,0.0156251312024289,0,0.0156251312024289,811,0.00700594900513958,0.00566303075577506,0.00134291824936452,773,0.00970315520645879,0,0.00970315520645879,564,0.00970315520973962,0,0.00970315520973962,1025,0.11071269950257,0.0187378204167291,0.0919748790858409,583,0.0253344142683421,0,0.0253344142683421,987,153.666359222571,58.8633499687673,94.8030092538038,834,113.173718982166,39.4830114398285,73.6907075423379
Faecalibacterium_prausnitzii_L2_6_AND_Helicobacter_pylori_26695,805,0.0673707112910089,0.011585730235656,0.0557849810553529,631,0.0586006650157287,0.00281518444728149,0.0557854805684472,810,0.0575938825715284,0.0179932101141427,0.0396006724573857,384,0.0575938825715284,0,0.0575938825715284,786,0.0236680868564973,0.00619551038086434,0.0174725764756329,399,0.00619551037766119,0,0.00619551037766119,801,0.0306030009887366,0.00384739161738448,0.0267556093713521,399,0.0038473916186851,0,0.0038473916186851,803,0.093352209318218,0.0618084135588713,0.0315437957593467,630,0.0216810628924272,0.00345948854840391,0.0182215743440233,770,107.707651512793,59.5478075265436,48.1598439862496,642,64.5153311728352,32.6798336824789,31.8354974903563
Faecalibacterium_prausnitzii_L2_6_AND_Klebsiella_pneumoniae_pneumoniae_MGH78578,978,0.0736648057456932,0.00557357445487039,0.0680912312908228,616,0.0736648057456932,0.0115857302328705,0.0620790755128226,976,0.0575938825715284,0.0179932101141427,0.0396006724573857,615,0.0575938825715284,0.0179932101110328,0.0396006724604956,966,0.0236680868564973,0.00619551038086434,0.0174725764756329,632,0.0236680868564973,0.00619551037766117,0.0174725764788361,737,0.0458601209686777,0,0.0458601209686777,608,0.0458601209686777,0.00384739161868508,0.0420127293499926,1101,5.33545044006795,2.66772522003156,2.66772522003639,366,2.66772522003391,0,2.66772522003391,962,161.011872702741,59.5478075265436,101.464065176197,671,120.895525827494,39.6985383510291,81.1969874764649
Faecalibacterium_prausnitzii_L2_6_AND_Lactobacillus_mucosae_LM1,514,0.011585730235656,0.011585730235656,0,284,0.0115857302328705,0.0115857302328705,0,528,0.0179932101141427,0.0179932101141427,0,284,0.0179932101110328,0.0179932101110328,0,514,0.00619551038086434,0.00619551038086434,0,282,0.00619551037766116,0.00619551037766116,0,504,0.00384739161738448,0.00384739161738448,0,282,0.00384739161868508,0.00384739161868508,0,867,0.0501365759460365,0.0187378204167291,0.0313987555293073,687,0.020117112500073,0.0187378204167291,0.00137929208334384,846,105.63269993874,59.2406918886453,46.3920080500945,721,63.089191179757,33.2430941031922,29.8460970765648
Faecalibacterium_prausnitzii_L2_6_AND_Lactobacillus_reuteri_SD2112_ATCC_55730,542,0.011585730235656,0.011585730235656,0,277,0.0115857302328705,0,0.0115857302328705,538,0.0179932101287005,0.0179932101287005,0,522,0.0179932101110329,0.0133663351918091,0.00462687491922378,512,0.00619551038086434,0.00619551038086434,0,519,0.00619551037766116,0.00529263048397965,0.000902879893681512,497,0.00384739161738448,0,0.00384739161738448,513,0.00384739161868509,0.00281518444728161,0.00103220717140348,736,0.0469585354877188,0.0187378204167291,0.0282207150709897,537,0.0216810628924272,0.00927403290380862,0.0124070299886186,674,124.550833941873,59.3043707141491,65.2464632277243,543,85.1594757615158,34.6461157901935,50.5133599713223
Faecalibacterium_prausnitzii_L2_6_AND_Megasphaera_elsdenii_DSM_20460,770,0.0292193126763542,0,0.0292193126763542,554,0.0292193126693291,0,0.0292193126693291,798,0.0453790328000609,0,0.0453790328000609,501,0.0453790327922178,0,0.0453790327922178,769,0.0156251312024295,0,0.0156251312024295,524,0.0156251311943505,0,0.0156251311943505,750,0.00970315520645948,0,0.00970315520645948,522,0.00970315520973962,0,0.00970315520973962,880,6.72802626621442,0,6.72802626621442,511,6.72802626621442,0,6.72802626621442,922,120.762255523513,59.3304515680447,61.4318039554687,790,91.377570485573,39.698538351029,51.679032134544
Faecalibacterium_prausnitzii_L2_6_AND_Parabacteroides_distasonis_ATCC_8503,1037,0.0434174955362307,0.011585730235656,0.0318317653005746,816,0.0434174955334452,0.0115857302328705,0.0318317653005746,1035,0.0498249754147173,0.0179932101141427,0.0318317653005746,818,0.0498249754116075,0.0179932101110328,0.0318317653005746,1031,0.038027275681439,0.00619551038086434,0.0318317653005746,794,0.0380272756782358,0.00619551037766116,0.0318317653005746,1043,0.0356791569192597,0.00384739161868508,0.0318317653005746,806,0.0356791569192597,0.00384739161868508,0.0318317653005746,862,0.0218960201793722,0,0.0218960201793722,839,0.0211116015807189,0.00465401049261282,0.0164575910881061,1018,123.563219976034,59.5478075265438,64.0154124494903,856,81.3815271877089,30.1382681324702,51.2432590552387
Faecalibacterium_prausnitzii_L2_6_AND_Parabacteroides_johnsonii_DSM_18315,851,0.0434229437466684,0.0115857302210994,0.031837213525569,655,0.0434229437584395,0.0115857302328705,0.031837213525569,848,0.0498304236401171,0.0179932101141427,0.0318372135259744,652,0.0498304236366018,0.0179932101110328,0.031837213525569,864,0.0236680868564973,0.0060474978887915,0.0176205889677058,390,0.0236680868564973,0,0.0236680868564973,887,0.0356846051354429,0.00384739161010562,0.0318372135253373,655,0.035684605144254,0.00384739161868509,0.0318372135255689,486,0.0187378204167291,0.0187378204167291,0,419,0.0187378204167291,0,0.0187378204167291,875,114.481654643789,59.2331024017142,55.2485522420753,695,73.377757259914,39.698538351029,33.679218908885
Faecalibacterium_prausnitzii_L2_6_AND_Phascolarctobacterium_succinatutens_YIT_12067,823,0.0677107975977961,0.0115857302328706,0.0561250673649256,284,0.0115857302328705,0.0115857302328705,0,814,0.0575938825715284,0.0179932101141427,0.0396006724573857,288,0.0179932101110328,0.0179932101110328,0,810,0.0236680868564973,0.00619551038086434,0.0174725764756329,642,0.00619551037766118,0.00371594285397679,0.00247956752368438,841,0.0307661132878007,0.00384739161868507,0.0269187216691156,644,0.0048393977021258,0.00384739161868508,0.00099200608344072,453,0.0187378204167291,0.0187378204167291,0,421,0.0187378204167291,0.0187356386255746,2.1817911544852e-06,782,75.1287665854691,58.8633499687673,16.2654166167018,659,48.0754695402911,39.698538351029,8.37693118926207
Faecalibacterium_prausnitzii_L2_6_AND_Prevotella_ruminicola_23,946,0.0434174955362307,0.0115857302356561,0.0318317653005746,772,0.0385318771177456,0.00670011181717095,0.0318317653005746,942,0.0498249754116075,0.0179932101110329,0.0318317653005746,780,0.0372033833234531,0.00537161802287851,0.0318317653005746,946,0.038027275681439,0.00619551038086434,0.0318317653005746,780,0.0380272756782358,0.00619551037766116,0.0318317653005746,958,0.0356791569179591,0.00384739161738448,0.0318317653005746,780,0.0356791569192597,0.00384739161868508,0.0318317653005746,752,0.0218960201793722,0,0.0218960201793722,767,0.0203558463785661,0.00913795904597976,0.0112178873325864,926,135.761119729218,59.5478075265436,76.213312202674,792,90.657049271785,32.6798336824788,57.9772155893061
Faecalibacterium_prausnitzii_L2_6_AND_Pseudoflavonifractor_capillosus_strain_ATCC_29799,471,0.0115857302356561,0.0115857302356561,0,540,0.0115857302328705,0.00591976387964513,0.0056659663532254,465,0.0179932101141427,0.0179932101141427,0,547,0.0179932101110328,0.0123272437578072,0.00566596635322563,469,0.00619551038086434,0.00619551038086434,0,282,0.00619551037766117,0.00619551037766117,0,475,0.00384739161868508,0.00384739161868508,0,282,0.00384739161868508,0.00384739161868508,0,500,0.0187378204167291,0,0.0187378204167291,308,0.0187378204167291,0,0.0187378204167291,669,98.4491586793929,59.5478075265435,38.9013511528494,549,59.1492139274537,39.698538351029,19.4506755764246
Faecalibacterium_prausnitzii_L2_6_AND_Roseburia_intestinalis_L1_82,723,0.0613720692853623,0.011585730235656,0.0497863390497063,545,0.0526015234970715,0.0115857302328705,0.0410157932642009,722,0.0575938825715284,0.0179932101110329,0.0396006724604956,546,0.0551214953462603,0.0179932101110328,0.0371282852352275,722,0.0236680868564973,0.00319799716297046,0.0204700896935268,305,0.00619551037766115,0,0.00619551037766115,732,0.0277259305120669,0.00384739162078128,0.0238785388912856,305,0.00384739161868507,0,0.00384739161868507,713,0.0468896648899799,0.0187378204167291,0.0281518444732507,563,0.0468896648895454,0.0187378204167291,0.0281518444728163,689,118.304829339941,59.5478075265436,58.7570218133977,565,53.4669955266427,39.698538351029,13.7684571756137
Faecalibacterium_prausnitzii_L2_6_AND_Roseburia_inulinivorans_DSM_16841,722,0.062572602742031,0.0115857302356561,0.0509868725063749,543,0.0145817398309233,0.0115857302328705,0.00299600959805273,736,0.0575938825715284,0.0179932101141428,0.0396006724573856,546,0.027771312886872,0.0179932101110328,0.0097781027758391,737,0.0236680868564973,0.00619551038086434,0.0174725764756329,547,0.0143992597680559,0.00619551037766117,0.0082037493903947,722,0.0283017307327865,0.00384739162466333,0.0244543391081232,542,0.0136254943945244,0.00384739161868508,0.00977810277583932,727,0.0475685103675705,0.0187378204167291,0.0288306899508413,568,0.0448327548311332,0.0160020648799709,0.0288306899511623,685,121.525561945632,59.5478075265437,61.9777544190884,570,92.8265363889302,39.698538351029,53.1279980379012
Faecalibacterium_prausnitzii_L2_6_AND_Ruminococcus_bromii_L2_63,699,0.0629904293250029,0.0115857302356561,0.0514046990893468,557,0.0542198835365391,0.00281518444728155,0.0514046990892576,704,0.0575938825715284,0.0179932101141427,0.0396006724573857,562,0.0568217698590391,0.00281518444728156,0.0540065854117575,708,0.0236680868564973,0.00619551038086434,0.0174725764756329,565,0.0236680868564973,0.00619551037766116,0.0174725764788361,699,0.0285021288366271,0.00384739161738448,0.0246547372192426,571,0.0131889771948238,0.00384739161868508,0.00934158557613875,711,0.0478047717438848,0.0187378204167291,0.0290669513271557,586,0.0226812463580122,0.0187378204167291,0.00394342594128305,689,88.6348734200718,58.9738497291838,29.661023690888,579,56.2588080034391,39.5469440729192,16.7118639305199
Faecalibacterium_prausnitzii_L2_6_AND_Ruminococcus_callidus_ATCC_2776001,840,0.0714995280904884,0.0115857302356561,0.0599137978548323,700,0.0243584779084963,0.0115578985440338,0.0128005793644625,833,0.0569439880388386,0.0179932101141427,0.0389507779246959,701,0.0307937894754953,0.0179932101110328,0.0128005793644625,808,0.0233813409196514,0.00619551038086434,0.0171858305387871,688,0.0233813409195989,0.00619551037766116,0.0171858305419377,838,0.0325832653430286,0.00384739161738448,0.0287358737256441,700,0.0142633395849426,0.00384739161868508,0.0104159479662575,837,0.0526162688262164,0.0187378204167291,0.0338784484094872,728,0.0504449463889757,0.0187378204167291,0.0317071259722466,833,95.375172500549,59.3625703075816,36.0126021929674,723,51.9187745395599,33.2499220323718,18.6688525071881
Faecalibacterium_prausnitzii_L2_6_AND_Ruminococcus_torques_ATCC_27756,718,0.0614938664525807,0.0115857302356561,0.0499081362169247,542,0.0527233206648918,0.00281518444728154,0.0499081362176102,716,0.0575938825715284,0.0179932101141427,0.0396006724573857,548,0.0552494573665302,0.00281518444728155,0.0524342729192487,740,0.0236680868564973,0.00619551037897743,0.0174725764775198,320,0.00619551037766116,0,0.00619551037766116,707,0.0277843469026606,0.00384739161738448,0.0239369552852761,314,0.00384739161868508,0,0.00384739161868508,522,0.0187378204167291,0,0.0187378204167291,315,0.0187378204167291,0.0187378204167291,0,685,103.019213951291,58.8633499687672,44.1558639825237,581,78.1970001371376,39.2997161987235,38.8972839384141
Faecalibacterium_prausnitzii_L2_6_AND_Shigella_flexneri_2002017,911,0.185783282412536,0,0.185783282412536,529,0.185783282412536,0,0.185783282412536,967,0.106931496562196,0,0.106931496562196,792,0.0601142001940766,0.0179932101110328,0.0421209900830437,967,0.0596911214264911,0,0.0596911214264911,532,0.0596911214264911,0,0.0596911214264911,995,0.0578298124806704,0,0.0578298124806704,541,0.0578298124806704,0,0.0578298124806704,1009,6.72802626621454,0,6.72802626621454,541,6.72802626621454,0,6.72802626621454,1104,167.582844956076,55.3711276581918,112.211717297884,831,107.908868217829,39.6985383510291,68.2103298668004
Faecalibacterium_prausnitzii_L2_6_AND_Streptococcus_salivarius_JIM8777,504,0.0115857302356561,0.0115857302356561,0,296,0.0115857302328705,0.0115857302328705,0,504,0.0179932101141427,0.0179932101141427,0,288,0.0179932101110328,0.0179932101110328,0,500,0.00619551038086434,0.00619551038086434,0,282,0.00619551037766116,0.00619551037766116,0,510,0.00384739161738448,0.00384739161738448,0,282,0.00384739161868508,0.00384739161868508,0,680,0.0193080012357121,0,0.0193080012357121,674,0.0190933786431154,0.00705313027650192,0.0120402483666135,853,104.149807030269,59.3347255180452,44.8150815122235,717,61.4784850532749,39.698538351029,21.7799467022459
Faecalibacterium_prausnitzii_L2_6_AND_Subdoligranulum_variabile_DSM_15176,515,0.0115857302502137,0.0115857302502137,0,534,0.0115857302328705,0.0104863481230015,0.001099382109869,549,0.0179932101110329,0.0179932101110329,0,531,0.0179932101110328,0.0151480008743456,0.00284520923668725,515,0.00619551038086434,0.00619551038086434,0,277,0.00619551037766117,0,0.00619551037766117,508,0.00384739162466333,0.00384739162466333,0,280,0.00384739161868509,0,0.00384739161868509,733,0.0618084135588713,0.00490422882471536,0.056904184734156,290,0.0569041847337463,0,0.0569041847337463,701,109.301195341113,58.9495721106283,50.351623230485,550,84.8249900207909,32.6798336824789,52.145156338312
Faecalibacterium_prausnitzii_L2_6_AND_Veillonella_atypica_ACS_049_V_Sch6,558,0.0115857302356561,0.0115857302356561,0,285,0.0115857302328705,0.0115857302328705,0,595,0.0179932101141427,0.0179932101141427,0,285,0.0179932101110328,0.0179932101110328,0,582,0.00619551038086489,0.00619551038086489,0,279,0.00619551037766116,0.00619551037766116,0,564,0.00384739161738448,0.00384739161738448,0,279,0.00384739161868508,0.00384739161868508,0,1031,0.121413029936435,0.0187378204167291,0.102675209519706,782,0.116045944216695,0.0133707346969889,0.102675209519706,1014,117.160702427517,59.0930753428903,58.0676270846272,840,69.8551310600682,39.698538351029,30.1565927090392
Fusobacterium_varium_ATCC_27725_AND_Haemophilus_parainfluenzae_T3T1,882,0.0292193126763542,0,0.0292193126763542,920,0.014361029280433,0.00976228532617244,0.00459874395426057,870,0.0453790327922161,0,0.0453790327922161,535,0.0453790327922178,0,0.0453790327922178,893,0.0156251311943505,0,0.0156251311943505,926,0.00836893038071044,0.00395283201817423,0.00441609836253621,899,0.00970315522481749,0,0.00970315522481749,556,0.00970315520973962,0,0.00970315520973962,1219,0.153783292644613,0.0618084135588713,0.0919748790857414,580,0.0253344142683421,0,0.0253344142683421,1120,141.285277325886,43.6966842715337,97.5885930543525,969,112.675717323915,35.0700585482514,77.605658775664
Fusobacterium_varium_ATCC_27725_AND_Helicobacter_pylori_26695,967,0.0673707112892587,0.0115857302356518,0.0557849810536069,382,0.0557849810554139,0,0.0557849810554139,674,0.0575938825715284,0,0.0575938825715284,377,0.0575938825715284,0,0.0575938825715284,665,0.0236680868564973,0,0.0236680868564973,392,0.00619551037766115,0,0.00619551037766115,975,0.0306030009848625,0.00384739161738482,0.0267556093674777,391,0.00384739161868504,0.00384739161868504,0,708,0.0182215743440233,0,0.0182215743440233,398,0.0182215743440233,0.0182215743440233,0,965,97.5645798992795,55.859541941478,41.7050379578016,793,70.8762056427821,44.3036377834038,26.5725678593783
Fusobacterium_varium_ATCC_27725_AND_Klebsiella_pneumoniae_pneumoniae_MGH78578,1121,0.0736648057456932,0.0115857302356559,0.0620790755100372,348,0.0736648057456932,0,0.0736648057456932,1155,0.0575938825715284,0.0179932101287002,0.0396006724428282,725,0.0575938825715284,0.00548520884910843,0.05210867372242,1155,0.0236680868564973,0.00619551038625572,0.0174725764702416,401,0.0236680868564973,0,0.0236680868564973,851,0.0458601209686777,0,0.0458601209686777,354,0.0458601209686777,0,0.0458601209686777,1022,5.33545044006795,0,5.33545044006795,740,2.66772522003391,0.00980662093669974,2.65791859909721,1089,166.633530774588,65.169465598391,101.464065176197,808,113.319317887787,44.1349887352037,69.1843291525836
Fusobacterium_varium_ATCC_27725_AND_Lactobacillus_mucosae_LM1,659,0.0115857302356561,0.0115857302356561,0,385,0.0115857302328706,0.0115857302328706,0,653,0.0179932101141428,0.0179932101141428,0,789,0.00628308815614132,0.00548520884910749,0.000797879307033829,649,0.00619551038086437,0.00619551038086437,0,394,0.00619551037766116,0.00619551037766116,0,672,0.00384739161010565,0.00384739161010565,0,391,0.0038473916186851,0.0038473916186851,0,743,0.0231113411973524,0,0.0231113411973524,802,0.0185963760484799,0.0171113126911991,0.00148506335728083,970,102.044420758971,65.5407881076245,36.503632651347,864,77.6828932661135,48.9427657126066,28.7401275535069
Fusobacterium_varium_ATCC_27725_AND_Lactobacillus_reuteri_SD2112_ATCC_55730,585,0.0115857302502138,0,0.0115857302502138,388,0.0115857302328705,0.0115857302328705,0,601,0.0179932101141428,0,0.0179932101141428,631,0.0076642399567092,0.00548520884910755,0.00217903110760165,585,0.00619551036630667,0,0.00619551036630667,631,0.00619551037766118,0.00369930681391489,0.0024962035637463,590,0.0038473916173845,0,0.0038473916173845,391,0.00384739161868504,0.00384739161868504,0,585,0.0182215743441451,0,0.0182215743441451,398,0.0182215743440233,0.0182215743440233,0,830,110.398837813468,50.6434242961422,59.7554135173258,684,94.3824353159188,44.2553561590043,50.1270791569146
Fusobacterium_varium_ATCC_27725_AND_Megasphaera_elsdenii_DSM_20460,881,0.0292193126693291,0,0.0292193126693291,545,0.0292193126693291,0,0.0292193126693291,825,0.0453790327922162,0,0.0453790327922162,493,0.0453790327922178,0,0.0453790327922178,823,0.015625131194351,0,0.015625131194351,516,0.015625131194351,0,0.015625131194351,826,0.00970315520973997,0,0.00970315520973997,514,0.00970315520973962,0,0.00970315520973962,1030,6.72802626621442,0,6.72802626621442,511,6.72802626621442,0,6.72802626621442,1071,122.647331497631,61.2155275421625,61.4318039554688,923,92.8134236595676,45.1482514781877,47.66517218138
Fusobacterium_varium_ATCC_27725_AND_Parabacteroides_distasonis_ATCC_8503,942,0.185783282412536,0,0.185783282412536,551,0.0318317653005746,0,0.0318317653005746,946,0.145252274036523,0,0.145252274036523,551,0.0318317653005746,0,0.0318317653005746,931,0.0596911214264911,0,0.0596911214264911,535,0.0318317653005746,0,0.0318317653005746,936,0.115659624961341,0,0.115659624961341,546,0.0318317653005746,0,0.0318317653005746,1222,0.299668316583335,0.0221199787648204,0.277548337818515,931,0.0196069372266032,0.00888396747520895,0.0107229697513943,1171,123.273093343973,61.0617010652491,62.2113922787244,1001,105.645551738688,55.8662681169582,49.7792836217294
Fusobacterium_varium_ATCC_27725_AND_Parabacteroides_johnsonii_DSM_18315,740,0.0736648057456932,0,0.0736648057456932,755,0.0364670580841256,0.0115857302328705,0.024881327851255,750,0.0575938825715284,0,0.0575938825715284,760,0.0340291914011228,0.00548520884910756,0.0285439825520153,997,0.0236680868564973,0.00545715719010009,0.0182109296663972,381,0.0236680868564973,0,0.0236680868564973,796,0.0458601209686777,0,0.0458601209686777,763,0.0333746932348642,0.00384739161868546,0.0295273016161787,787,5.33545044006795,0,5.33545044006795,411,0.0187378204167291,0,0.0187378204167291,1021,115.694016595048,64.3526508944833,51.3413657005648,827,77.3153240965263,48.187778059375,29.1275460371512
Fusobacterium_varium_ATCC_27725_AND_Phascolarctobacterium_succinatutens_YIT_12067,954,0.0677107976078664,0.0115857302429349,0.0561250673649314,748,0.0115857302328705,0.0111259923739211,0.000459737858949479,988,0.0575938825715284,0.0179932101165335,0.0396006724549949,756,0.00669647254433866,0.00548520884910746,0.0012112636952312,968,0.0236680868564973,0.00619551038086434,0.0174725764756329,752,0.00619551037766112,0.00443969003093994,0.00175582034672118,987,0.0307661132869807,0.0038473916173845,0.0269187216695962,755,0.00460132119707357,0.0038473916186851,0.000753929578388468,682,0.0221199787648204,0.0221199787648204,0,766,0.0184003699040294,0.0182298430496982,0.000170526854331191,934,78.3331686722488,65.170923132233,13.1622455400158,794,58.4338042138451,55.8662681169582,2.56753609688688
Fusobacterium_varium_ATCC_27725_AND_Prevotella_ruminicola_23,1172,0.0923618938352602,0.0115857302356561,0.0807761635996041,522,0.0318317653005746,0,0.0318317653005746,1141,0.102857918126318,0.0179932101141427,0.0848647080121758,527,0.0318317653005746,0,0.0318317653005746,873,0.0596911214264911,0,0.0596911214264911,532,0.0318317653005746,0,0.0318317653005746,1153,0.0425892794612645,0.00384739161010565,0.0387418878511589,528,0.0318317653005746,0,0.0318317653005746,782,0.0221199787648204,0.0221199787648204,0,871,0.0195243339511488,0.00301896774277468,0.0165053662083741,1109,138.433160124659,60.4554488848929,77.9777112397658,935,92.4200630340728,32.0379354947165,60.3821275393563
Fusobacterium_varium_ATCC_27725_AND_Pseudoflavonifractor_capillosus_strain_ATCC_29799,550,0.0115857302356561,0,0.0115857302356561,647,0.0115857302328706,0.0108798910581471,0.000705839174723432,576,0.0179932101110329,0,0.0179932101110329,290,0.00566596635322544,0,0.00566596635322544,559,0.00619551037765142,0,0.00619551037765142,394,0.00619551037766116,0.00619551037766116,0,643,0.00384739161993513,0.00384739161993513,0,391,0.00384739161868504,0.00384739161868504,0,846,0.0618084135588713,0.0263840936793731,0.0354243198794982,306,0.0187378204167291,0,0.0187378204167291,822,94.3291187107237,63.292995810731,31.0361228999926,692,75.3169436933829,55.8662681169582,19.4506755764247
Fusobacterium_varium_ATCC_27725_AND_Roseburia_intestinalis_L1_82,878,0.0613720692850172,0.011585730235656,0.0497863390493612,287,0.0497863390497895,0,0.0497863390497895,870,0.0575938825715284,0.00528757167319597,0.0523063108983325,654,0.0527105445873115,0.00548520884910745,0.047225335738204,608,0.0236680868564973,0,0.0236680868564973,660,0.00619551037766116,0.00548520884910752,0.000710301528553638,857,0.027725930513476,0.00384739162248488,0.0238785388909911,391,0.0038473916186851,0.0038473916186851,0,907,0.0899602580311239,0.0618084135588713,0.0281518444722525,656,0.0282266313515671,0.00101481311667613,0.027211818234891,844,115.621428758494,70.2810833640371,45.3403453944567,700,63.6599100620461,49.8914528864324,13.7684571756136
Fusobacterium_varium_ATCC_27725_AND_Roseburia_inulinivorans_DSM_16841,874,0.0625726027284582,0.0115857302222743,0.0509868725061839,652,0.0135259407677071,0.00778176181605807,0.00574417895164899,854,0.0575938825715284,0.00402627234005781,0.0535676102314706,288,0.00977810277583917,0,0.00977810277583917,607,0.0236680868564973,0,0.0236680868564973,293,0.00977810277583921,0,0.00977810277583921,882,0.0283017307178601,0.00384739161010563,0.0244543391077545,288,0.00977810277583925,0,0.00977810277583925,880,0.0470522642952535,0.0182215743440233,0.0288306899512302,670,0.0293343440370297,0.00980662093669976,0.01952772310033,848,114.620149700014,48.1613741306594,66.458775569355,710,89.9984582103774,47.6094495746235,42.3890086357538
Fusobacterium_varium_ATCC_27725_AND_Ruminococcus_bromii_L2_63,899,0.0629904293325595,0.0115857302356561,0.0514046990969035,296,0.051404699089259,0,0.051404699089259,867,0.0575938825715284,0.0035872971604219,0.0540065854111065,675,0.0542456563803815,0.00548520884910758,0.0487604475312739,560,0.0236680868564973,0,0.0236680868564973,305,0.0236680868564973,0,0.0236680868564973,855,0.0285021288368935,0.0038473916173845,0.024654737219509,683,0.0133859537891512,0.0038473916186851,0.00953856217046612,876,0.0472885256714024,0.0182215743440233,0.029066951327379,695,0.0219014414239946,0.0171245206436387,0.00477692078035594,863,82.356001879788,70.2140378462902,12.1419640334977,715,65.7040111309421,55.0810985543462,10.6229125765959
Fusobacterium_varium_ATCC_27725_AND_Ruminococcus_callidus_ATCC_2776001,1019,0.0714995280906672,0.011585730235656,0.0599137978550112,803,0.0230898015740432,0.0102892222095807,0.0128005793644625,1023,0.0569439880388386,0.0179932101141427,0.0389507779246959,813,0.0182857882135702,0.00548520884910766,0.0128005793644625,1001,0.0233813409196514,0.00619551038086437,0.0171858305387871,802,0.0233139260719314,0.00208765415337115,0.0212262719185603,1021,0.032583265350007,0.00384739162466323,0.0287358737253437,813,0.0142633395849424,0.0038473916186851,0.0104159479662573,1002,0.0521000227533367,0.0182215743440233,0.0338784484093133,444,0.0338784484093441,0,0.0338784484093441,970,95.0257615415013,63.0886304691059,31.9371310723954,863,65.4935615368739,51.2205448858803,14.2730166509935
Fusobacterium_varium_ATCC_27725_AND_Ruminococcus_torques_ATCC_27756,898,0.0614938664525023,0.011585730235656,0.0499081362168462,289,0.0499081362176088,0,0.0499081362176088,893,0.0575938825715284,0.00515960965293829,0.0524342729185901,662,0.0528260765234199,0.00548520884910755,0.0473408676743124,605,0.0236680868564973,0,0.0236680868564973,394,0.00619551037766116,0.00619551037766116,0,897,0.0277843469097978,0.00384739162466332,0.0239369552851344,391,0.0038473916186851,0.0038473916186851,0,920,0.0900291286293501,0.0618084135588713,0.0282207150704787,321,0.0187378204167291,0,0.0187378204167291,855,95.6074464546282,69.1189842828139,26.4884621718143,715,79.8973696017912,49.6790195745358,30.2183500272554
Fusobacterium_varium_ATCC_27725_AND_Shigella_flexneri_2002017,965,0.185783282412536,0,0.185783282412536,521,0.185783282412536,0,0.185783282412536,994,0.106931496580414,0,0.106931496580414,904,0.0589509571302054,0.00548520884910745,0.053465748281098,991,0.0596911214264911,0,0.0596911214264911,523,0.0596911214264911,0,0.0596911214264911,996,0.0578298124806704,0,0.0578298124806704,533,0.0578298124806704,0,0.0578298124806704,1116,6.72802626621454,0,6.72802626621454,533,6.72802626621454,0,6.72802626621454,1230,168.887779278534,55.7193145177394,113.168464760794,969,102.551672633879,32.8941062774066,69.6575663564728
Fusobacterium_varium_ATCC_27725_AND_Streptococcus_salivarius_JIM8777,643,0.0115857302356561,0.0115857302356561,0,389,0.0115857302328705,0.0115857302328705,0,636,0.0179932101141427,0.0179932101141427,0,784,0.0177879388080329,0.00548520884910749,0.0123027299589254,629,0.0061955103663072,0.0061955103663072,0,402,0.00619551037766118,0.00619551037766118,0,663,0.0038473916173845,0.0038473916173845,0,399,0.00384739161868504,0.00384739161868504,0,1035,0.0953524976636972,0.0618084135588713,0.0335440841048259,787,0.0190933786431154,0.00705313027650192,0.0120402483666135,1013,106.368420349983,61.8029425511679,44.5654777988154,848,77.2608878618535,50.1787246944936,27.08216316736
Fusobacterium_varium_ATCC_27725_AND_Subdoligranulum_variabile_DSM_15176,862,0.0115857302369748,0.00548520884903786,0.00610052138793691,640,0.0115857302328705,0.00874052099618331,0.00284520923668723,863,0.0179932101141426,0.0054852088489553,0.0125080012651874,653,0.00833041808579476,0.00548520884910756,0.0028452092366872,859,0.00619551038086428,0.005485208848948,0.000710301531916288,272,0.00619551037766117,0,0.00619551037766117,650,0.00384739161738448,0.00384739161738448,0,277,0.00384739161868509,0,0.00384739161868509,904,0.0618084135588713,0.00490422882455809,0.0569041847343133,649,0.0575300031099026,0.00980662093669989,0.0477233821732027,829,103.612284805137,55.722282903324,47.8900019018133,691,72.005821402606,29.1673726706048,42.8384487320012
Fusobacterium_varium_ATCC_27725_AND_Veillonella_atypica_ACS_049_V_Sch6,730,0.0115857302356561,0.0115857302356561,0,388,0.0115857302328705,0.0115857302328705,0,735,0.0179932100995851,0.0179932100995851,0,902,0.0165646947041975,0.00376411533973505,0.0128005793644625,720,0.00619551038086437,0.00619551038086437,0,394,0.00619551037766116,0.00619551037766116,0,689,0.00384739161010565,0.00384739161010565,0,391,0.0038473916186851,0.0038473916186851,0,1183,0.164483623078577,0.0618084135588713,0.102675209519706,889,0.114281720515995,0.0121095953065907,0.102172125209404,1140,121.263961294094,69.5385685288374,51.7253927652562,966,85.5725335257324,54.8887951494863,30.6837383762461
Haemophilus_parainfluenzae_T3T1_AND_Helicobacter_pylori_26695,1083,0.0681165043940083,0.0292193126763521,0.0388971917176562,918,0.0603837250096748,0.00459874395426104,0.0557849810554137,1081,0.0760155147223402,0.0453790328000592,0.0306364819222809,875,0.0582584605925163,0.00110122336504129,0.0571572372274751,1081,0.0330977076780687,0.0156251312024401,0.0174725764756286,918,0.0087518537347017,0.00423592858165305,0.00451592515304864,1085,0.0329575366868206,0.00970315520645948,0.0232543814803611,556,0.00970315520973962,0.00970315520973962,0,767,0.0253344142683421,0.0253344142683421,0,583,0.0253344142683421,0.0253344142683421,0,1045,131.406910834631,97.6400825861156,33.7668282485153,924,86.2137131921207,61.0397094573603,25.1740037347604
Haemophilus_parainfluenzae_T3T1_AND_Klebsiella_pneumoniae_pneumoniae_MGH78578,1251,0.0912983881821519,0.0292193126693291,0.0620790755128229,889,0.076440104793256,0.00459874395426109,0.0718413608389949,1279,0.0849797052527121,0.0453790327922161,0.0396006724604959,864,0.0782968468190517,0.0343053595439343,0.0439914872751173,1236,0.0330977076731867,0.0156251311943505,0.0174725764788362,919,0.0270964352832951,0.00568086405487805,0.021415571228417,1279,0.0497921887503898,0.00970315520973962,0.0400890335406502,354,0.0458601209686777,0,0.0458601209686777,1352,5.41415963431374,0.194230509390623,5.21992912492312,921,2.68301430255052,0.0253344142683421,2.65767988828218,1200,184.45907266565,97.795076031613,86.6639966340371,929,112.145725891989,41.0464705128901,71.099255379099
Haemophilus_parainfluenzae_T3T1_AND_Lactobacillus_mucosae_LM1,771,0.0292193126693291,0.0292193126693291,0,957,0.0132023687646373,0.00459874395426117,0.00860362481037611,801,0.0453790328000601,0.0453790328000601,0,535,0.0453790327922194,0.0453790327922194,0,791,0.0156251312024289,0.0156251312024289,0,920,0.0048186743983251,0.00459874395426115,0.000219930444063953,766,0.00970315520645879,0.00970315520645879,0,566,0.00970315520973962,0.00970315520973962,0,826,0.0919748790838445,0.0919748790851412,-1.29666358483947e-12,985,0.025602780988124,0.0243606408423419,0.00124214014578202,1110,130.173361945147,95.3360928257484,34.837269119399,987,106.504340294523,77.9490430836914,28.5552972108321
Haemophilus_parainfluenzae_T3T1_AND_Lactobacillus_reuteri_SD2112_ATCC_55730,784,0.0292193126693291,0.0292193126693291,0,805,0.0143610292804333,0.0045987439542608,0.00976228532617248,784,0.0453790327922161,0.0453790327922161,0,530,0.0453790327922178,0.0453790327922178,0,786,0.0156251311943505,0.0156251311943505,0,800,0.00519938025965123,0.00459874395426113,0.000600636305390097,784,0.00970315520645966,0.00970315520645966,0,556,0.00970315520973962,0.00970315520973962,0,879,0.0919748790850125,0.0919748790850125,0,580,0.0253344142683421,0.0253344142683421,0,965,144.77929635802,96.0430917830061,48.7362045750137,818,115.91071692071,64.1770815359864,51.733635384724
Haemophilus_parainfluenzae_T3T1_AND_Megasphaera_elsdenii_DSM_20460,862,0.0292193126763542,0.0292193126763542,0,1078,0.0292193126693291,0.00459874395426095,0.0246205687150681,869,0.0453790328000592,0.0453790328000592,0,493,0.0453790327922178,0,0.0453790327922178,775,0.0156251311840716,0,0.0156251311840716,516,0.015625131194351,0,0.015625131194351,805,0.00970315520973962,0.00970315520973962,0,556,0.00970315520973962,0.00970315520973962,0,1397,6.72802626618994,3.36401313311957,3.36401313307037,1072,6.72802626621454,0.0253344142683421,6.7026918519462,1186,158.717008365904,97.5488974278874,61.1681109380169,1059,113.823853830381,62.6631482242182,51.1607056061631
Haemophilus_parainfluenzae_T3T1_AND_Parabacteroides_distasonis_ATCC_8503,1297,0.0610510779769288,0.0292193126763542,0.0318317653005746,1088,0.0364305092548359,0.00459874395426127,0.0318317653005746,1275,0.0772107980927916,0.045379032792217,0.0318317653005746,1048,0.0520016309868156,0.0281259773777105,0.0238756536091052,1289,0.0474568965030035,0.0156251312024289,0.0318317653005746,1070,0.0364305092548358,0.00459874395426116,0.0318317653005746,1350,0.0415349205070341,0.00970315520645948,0.0318317653005746,1075,0.0362974859440808,0.00446572064350613,0.0318317653005746,1329,0.0472304344477143,0.0253344142683421,0.0218960201793722,1120,0.0472304344477143,0.0253344142683421,0.0218960201793722,1287,140.126229199255,84.2883005086974,55.8379286905573,1122,110.142176401015,70.1630488123174,39.9791275886973
Haemophilus_parainfluenzae_T3T1_AND_Parabacteroides_johnsonii_DSM_18315,1142,0.0610565262019231,0.0292193126763542,0.031837213525569,933,0.03643595747983,0.00459874395426108,0.031837213525569,1158,0.077216246317785,0.0453790327922161,0.0318372135255689,894,0.0587841084202359,0.026946894894667,0.0318372135255689,1145,0.0330977076780619,0.0156251312024289,0.0174725764756331,921,0.02644338590406,0.004598743954261,0.021844641949799,1145,0.0415403687320286,0.00970315520645948,0.0318372135255691,933,0.0415403687353086,0.00970315520973962,0.031837213525569,1143,0.0440722346850712,0.0253344142683421,0.0187378204167291,974,0.0440722346850712,0.0253344142683421,0.0187378204167291,1130,132.84944315501,90.2344571589943,42.6149859960159,959,97.0151638648633,60.4286704476023,36.586493417261
Haemophilus_parainfluenzae_T3T1_AND_Phascolarctobacterium_succinatutens_YIT_12067,1090,0.0334194671748372,0.0292193126763542,0.00420015449848304,929,0.00596114511524365,0.00459874395426119,0.00136240116098246,1090,0.0495791872985423,0.0453790328000592,0.00420015449848304,535,0.0453790327922178,0.0453790327922178,0,1068,0.019825285700912,0.0156251312024289,0.00420015449848311,926,0.00657884433354913,0.0045987439542613,0.00198010037928783,1085,0.0139033097049425,0.00970315520645948,0.00420015449848304,924,0.0107285226746529,0.00970315520973962,0.00102536746491331,1107,0.0440722346850712,0.0253344142683421,0.0187378204167291,957,0.0255518291864295,0.0253344142683421,0.00021741491808738,1057,105.328230691854,97.7543908310045,7.57383986084939,931,79.1773657799765,78.3746790833845,0.802686696591955
Haemophilus_parainfluenzae_T3T1_AND_Prevotella_ruminicola_23,1234,0.0610510779769288,0.0292193126763542,0.0318317653005746,952,0.032010457942582,0.000178692642007368,0.0318317653005746,1212,0.0772107981006339,0.0453790328000592,0.0318317653005746,1024,0.0453790327922157,0.0135472674916411,0.0318317653005746,1230,0.0474568965030035,0.0156251312024289,0.0318317653005746,965,0.0320080437396385,0.00017627843906388,0.0318317653005746,1202,0.0415349205103142,0.00970315520973962,0.0318317653005746,958,0.0320312041896488,0.000199438889074184,0.0318317653005746,853,0.0919748790864446,0.0919748790864446,0,581,0.0253344142683421,0.0253344142683421,0,1193,162.72139664415,86.7702794652899,75.9511171788599,1053,104.965014193363,56.9284307747309,48.0365834186318
Haemophilus_parainfluenzae_T3T1_AND_Pseudoflavonifractor_capillosus_strain_ATCC_29799,710,0.0292193126763547,0.0292193126763547,0,831,0.0102647103074865,0.00459874395426103,0.00566596635322545,710,0.0453790328000601,0.0453790328000601,0,535,0.0453790327922178,0.0453790327922178,0,702,0.0156251311943507,0.0156251311943507,0,830,0.008970809425224,0.00459874395426116,0.00437206547096283,697,0.0097031552097398,0.0097031552097398,0,556,0.00970315520973962,0.00970315520973962,0,982,0.0440722346850712,0.0253344142683421,0.0187378204167291,853,0.0399491568656677,0.0253344142683421,0.0146147425973256,935,122.522331273044,97.795076031613,24.7272552414311,828,94.9894052837243,75.5387297072996,19.4506755764247
Haemophilus_parainfluenzae_T3T1_AND_Roseburia_intestinalis_L1_82,1018,0.0639338314968978,0.0292193126693291,0.0347145188275687,826,0.0543850830040499,0.00459874395426134,0.0497863390497885,1015,0.0727211282371985,0.0453790327922161,0.0273420954449824,796,0.0541359118950635,0.0281259773777123,0.0260099345173511,1001,0.0330977076731867,0.0156251311943505,0.0174725764788362,832,0.00897080942522423,0.00459874395426131,0.00437206547096292,1015,0.0304569584493245,0.00970315520646018,0.0207538032428643,556,0.00970315520974031,0.00970315520974031,0,1022,0.0661292926019917,0.0253344142683421,0.0407948783336496,850,0.0534862587411571,0.0253344142683421,0.028151844472815,988,155.49178739721,97.7891534813476,57.7026339158629,838,92.3130440461575,78.5445868705438,13.7684571756137
Haemophilus_parainfluenzae_T3T1_AND_Roseburia_inulinivorans_DSM_16841,1040,0.0389974154523518,0.0292193126763542,0.00977810277599761,828,0.0143768467301002,0.00459874395426113,0.00977810277583905,1007,0.0551571355754892,0.0453790328000592,0.00977810277542998,799,0.0475158050910924,0.0453790327922178,0.00213677229887457,1029,0.0254032339786,0.0156251312024292,0.00977810277617078,831,0.0143768467301003,0.00459874395426124,0.00977810277583905,1033,0.0194812579821564,0.00970315520645948,0.00977810277569694,821,0.0194812579855787,0.00970315520973962,0.00977810277583906,1017,0.0671130085640285,0.0253344142683421,0.0417785942956864,861,0.0531071643118844,0.0242764743607222,0.0288306899511621,1005,155.727429494699,97.7891534813476,57.938276013351,846,116.121581735684,69.7198806177713,46.4017011179127
Haemophilus_parainfluenzae_T3T1_AND_Ruminococcus_bromii_L2_63,995,0.0650622653460642,0.0292193126763562,0.0358429526697079,839,0.0560034430435185,0.00459874395426113,0.0514046990892574,1006,0.0736099133074569,0.0453790328000853,0.0282308805073716,813,0.0549813935965798,0.0281259773777104,0.0268554162188695,994,0.0330977076780619,0.0156251312024289,0.0174725764756331,845,0.0264433859040601,0.00459874395426103,0.021844641949799,984,0.0311315837889348,0.00970315520645948,0.0214284285824753,848,0.0244839675868379,0.00970315520974031,0.0147808123770975,1021,0.0674553752666459,0.0253344142683421,0.0421209609983037,878,0.0301113350486981,0.0253344142683421,0.00477692078035595,972,117.471687352141,97.7950760316131,19.6766113205281,849,89.6520576355895,72.9401937050696,16.7118639305199
Haemophilus_parainfluenzae_T3T1_AND_Ruminococcus_callidus_ATCC_2776001,1125,0.0709954043337295,0.0292193126763547,0.0417760916573748,975,0.0173993233187237,0.00459874395426121,0.0128005793644625,1133,0.0767087321404561,0.0394002353193805,0.0373084968210757,937,0.0494606767426875,0.036660097378225,0.0128005793644625,1122,0.0328109617383123,0.0156251311976685,0.0171858305406438,965,0.0260848891288598,0.00459874395426123,0.0214861451745985,1113,0.0346786644715766,0.00970315520645966,0.0249755092651169,970,0.0201191031759969,0.00970315520973962,0.0104159479662573,1123,0.074427722606819,0.0253344142683421,0.0490933083384769,1007,0.0592128626776854,0.0253344142683421,0.0338784484093433,1090,120.797279433224,95.4563053692122,25.3409740640119,990,81.7229432483016,77.0914496456052,4.63149360269639
Haemophilus_parainfluenzae_T3T1_AND_Ruminococcus_torques_ATCC_27756,1006,0.0640187570036617,0.0292193126693291,0.0347994443343326,829,0.0545068801718707,0.00459874395426127,0.0499081362176095,1016,0.0727880178718148,0.0453790328000592,0.0274089850717556,796,0.0541995425298891,0.0281259773777147,0.0260735651521744,997,0.0330977076780619,0.0156251312024289,0.0174725764756331,844,0.00897080942522407,0.00459874395426106,0.00437206547096301,1002,0.0305077304977413,0.00970315520645948,0.0208045752912818,558,0.00970315520973962,0.00970315520973962,0,1005,0.0440722346850712,0.0253344142683421,0.0187378204167291,869,0.039949156865669,0.0253344142683421,0.0146147425973269,986,132.150740293887,97.7950760316132,34.3556642622737,849,97.6314194959824,72.6289902168588,25.0024292791236
Haemophilus_parainfluenzae_T3T1_AND_Shigella_flexneri_2002017,1427,0.185783282412536,0.0292193126763542,0.156563969736181,1055,0.185783282412536,0.00459874395426103,0.181184538458275,1431,0.118276254762211,0.0453790328000592,0.0728972219621515,1032,0.0648105064791525,0.045379032792218,0.0194314736869345,1425,0.0596911214264911,0.0156251312024289,0.0440659902240623,1050,0.0596911214264912,0.0045987439542611,0.0550923774722301,1423,0.0602556012776959,0.00970315518810217,0.0505524460895937,1056,0.0602556012831053,0.00970315520973962,0.0505524460733657,1542,7.8493639772503,4.48535084414303,3.36401313310727,1091,6.72802626621454,0.0253344142683421,6.7026918519462,1375,193.038113375198,79.8696486144034,113.168464760794,1088,114.816532731658,57.2824547144157,57.5340780172418
Haemophilus_parainfluenzae_T3T1_AND_Streptococcus_salivarius_JIM8777,794,0.0292193126763521,0.0292193126763521,0,954,0.0142008184691936,0.00459874395426119,0.00960207451493245,810,0.0453790328000592,0.0453790328000592,0,543,0.0453790327922178,0.0453790327922178,0,791,0.0156251311943505,0.0156251311943505,0,946,0.00889905858692202,0.00459874395426121,0.00430031463266081,777,0.00970315520645948,0.00970315520645948,0,564,0.00970315520973962,0.00970315520973962,0,852,0.0919748790851408,0.0919748790851408,0,973,0.0279236144384368,0.0159394553021826,0.0119841591362542,1130,131.68672710132,97.7950760316131,33.8916510697072,987,108.325518323926,78.5445868705438,29.780931453382
Haemophilus_parainfluenzae_T3T1_AND_Subdoligranulum_variabile_DSM_15176,821,0.0292193126579979,0.0292193126579979,0,563,0.00459874395426092,0.00459874395426092,0,821,0.0453790328000592,0.0453790328000592,0,530,0.0453790327922178,0.0453790327922178,0,803,0.0156251312024292,0.0156251312024292,0,806,0.00897080942522382,0.00459874395426086,0.00437206547096295,808,0.00970315520645948,0.00970315520645948,0,558,0.00970315520973962,0.00970315520973962,0,1009,0.0665643822496088,0.0253344142683421,0.0412299679812667,842,0.0665643822595902,0.0253344142683421,0.041229967991248,977,145.224607277932,97.795076031613,47.429531246319,832,97.7348756902769,74.8276331639236,22.9072425263532
Haemophilus_parainfluenzae_T3T1_AND_Veillonella_atypica_ACS_049_V_Sch6,888,0.0292193126763542,0.0292193126763542,0,1072,0.00502458896375053,0.00368266737496992,0.00134192158878061,896,0.0453790328000592,0.0453790328000592,0,535,0.0453790327922178,0.0453790327922178,0,865,0.0156251312024289,0.0156251312024289,0,559,0.004598743954261,0.004598743954261,0,866,0.00970315518810217,0.00970315518810217,0,558,0.00970315520974031,0.00970315520974031,0,1306,0.124516970341404,0.0218417608216979,0.102675209519706,519,0.102675209519706,0,0.102675209519706,1269,142.982360845374,97.7950760316131,45.187284813761,1101,95.2267123580973,68.0962185978038,27.1304937602935
Helicobacter_pylori_26695_AND_Klebsiella_pneumoniae_pneumoniae_MGH78578,771,0.0736648057456932,0,0.0736648057456932,708,0.0736648057456932,0.0557849810554146,0.0178798246902785,785,0.0575938825715284,0,0.0575938825715284,377,0.0575938825715284,0.0575938825715284,0,767,0.0236680868564973,0.0236680868564973,0,400,0.0236680868564973,0,0.0236680868564973,766,0.0458601209686777,0,0.0458601209686777,354,0.0458601209686777,0,0.0458601209686777,1154,5.33545044006795,0.000165431248912881,5.33528500881904,366,2.66772522003398,0,2.66772522003398,1008,133.570627833697,32.1065626574998,101.464065176197,765,94.8379100951103,25.1740037347604,69.6639063603499
Helicobacter_pylori_26695_AND_Lactobacillus_mucosae_LM1,591,0.0557849810557096,0.0557849810557096,0,382,0.0557849810554146,0.0557849810554146,0,597,0.0575938825715284,0.0575938825715284,0,377,0.0575938825715284,0.0575938825715284,0,583,0.0236680868564973,0.0236680868564973,0,392,0.00619551037766115,0.00619551037766115,0,588,0.0267556093717488,0.0267556093717488,0,401,0.00384739161868499,0.00384739161868499,0,676,0.0231113411973524,0,0.0231113411973524,776,0.0188772112263062,0.0162794047116005,0.00259780651470575,937,82.8173167980383,41.6102453403081,41.2070714577302,817,59.9521694810297,31.3968722701976,28.5552972108321
Helicobacter_pylori_26695_AND_Lactobacillus_reuteri_SD2112_ATCC_55730,628,0.0557849810568447,0.0557849810568447,0,382,0.0557849810554137,0.0557849810554137,0,779,0.0575938825715284,0.048976744266067,0.00861713830546142,377,0.0575938825715284,0.0575938825715284,0,616,0.0236680868564973,0.0236680868564973,0,629,0.00619551037766119,0.00369930681391489,0.0024962035637463,580,0.0267556093711995,0.0267556093711995,0,263,0.0038473916186851,0,0.0038473916186851,545,0.0182215743440233,0,0.0182215743440233,621,0.0182215743440233,0.00403220721250037,0.0141893671315229,789,91.7376301036985,44.8470565225999,46.8905735810986,639,71.44457621052,25.1740037347604,46.2705724757596
Helicobacter_pylori_26695_AND_Megasphaera_elsdenii_DSM_20460,1109,0.0912983881821532,0.062079075512822,0.0292193126693312,894,0.0589424536031445,0.0487372130221643,0.0102052405809802,1115,0.084979705252713,0.0396006724604953,0.0453790327922178,846,0.0725074262414849,0.0271283934492671,0.0453790327922178,1069,0.0330977076780613,0.0174725764756335,0.0156251312024278,516,0.0156251311943505,0,0.0156251311943505,1074,0.051715884557753,0.0420127293512932,0.00970315520645983,514,0.00970315520973997,0,0.00970315520973997,1184,9.39575148624271,2.66772522003779,6.72802626620492,511,6.72802626621442,0,6.72802626621442,1011,108.679149861685,48.1598439862496,60.5193058754353,889,67.9678366795571,25.1740037347604,42.7938329447967
Helicobacter_pylori_26695_AND_Parabacteroides_distasonis_ATCC_8503,878,0.185783282412536,0,0.185783282412536,911,0.0654652255855927,0.0336334602850181,0.0318317653005746,865,0.145252274036523,0,0.145252274036523,905,0.0681835491944193,0.0363517838938446,0.0318317653005746,846,0.0596911214264911,0,0.0596911214264911,904,0.0380272756782358,0.00619551037766115,0.0318317653005746,889,0.115659624961341,0,0.115659624961341,914,0.0327286927689009,0.000896927468326313,0.0318317653005746,1118,0.299229400710942,0.0216810628924272,0.277548337818515,916,0.0199747646726352,0.00640474118021057,0.0135700234924247,1110,110.990812533682,48.0587142712469,62.9320982624346,953,74.8880836331112,32.1065626574997,42.7815209756114
Helicobacter_pylori_26695_AND_Parabacteroides_johnsonii_DSM_18315,976,0.0736648057456932,0.0541153410766888,0.0195494646690044,754,0.0572431761019813,0.0254059625764123,0.031837213525569,646,0.0575938825715284,0.0575938825715284,0,742,0.0575938825715284,0.0257566690459595,0.0318372135255689,657,0.0236680868564973,0.0236680868564973,0,381,0.0236680868564973,0,0.0236680868564973,951,0.0458601209686777,0.0267556093717934,0.0191045115968843,766,0.035684605144254,0.00384739161868507,0.0318372135255689,697,5.33545044006795,0,5.33545044006795,768,0.0324020177545723,0.0136641973378432,0.0187378204167291,965,98.007736670781,48.1598439862496,49.8478926845314,774,42.3044668135532,25.1740037347604,17.1304630787928
Helicobacter_pylori_26695_AND_Phascolarctobacterium_succinatutens_YIT_12067,896,0.0558108387393786,0.0515434978191584,0.00426734092022014,749,0.0557932541680178,0.054427927221501,0.00136532694651687,898,0.0575938825715284,0.0533265416512866,0.00426734092024185,377,0.0575938825715284,0.0575938825715284,0,890,0.0236680868564973,0.0194007459363159,0.00426734092018135,392,0.00619551037766119,0.00619551037766119,0,895,0.0267814269903458,0.0225206978906617,0.00426072909968407,759,0.00487047979710707,0.00384739161868507,0.001023088178422,890,0.0221199787648204,0.0216810628924272,0.000438915872393148,752,0.0206165015729248,0.0203990866548374,0.00021741491808738,871,65.8433441366156,48.1598439862497,17.6835001503659,751,33.1968422076503,32.1065626574998,1.09027955015048
Helicobacter_pylori_26695_AND_Prevotella_ruminicola_23,772,0.0807761636001352,0,0.0807761636001352,876,0.0656333499538022,0.0338015846532275,0.0318317653005746,765,0.0848647080127406,0,0.0848647080127406,876,0.0682671758143448,0.0364354105137701,0.0318317653005746,768,0.0596911214264911,0,0.0596911214264911,887,0.0319843519135985,0.000152586613023876,0.0318317653005746,754,0.0387418878505075,0,0.0387418878505075,890,0.0319843519135974,0.000152586613022737,0.0318317653005746,632,0.0221199787648204,0.0221199787648204,0,851,0.0200866113273883,0.00715669348415047,0.0129299178432378,1030,113.706325481104,35.5928186520148,78.1135068290893,892,61.4987643557438,1.11663681638754,60.3821275393563
Helicobacter_pylori_26695_AND_Pseudoflavonifractor_capillosus_strain_ATCC_29799,789,0.0673707112904853,0.0557849810548292,0.0115857302356561,382,0.0557849810554145,0.0557849810554145,0,548,0.0575938825715284,0.0575938825715284,0,644,0.0575938825715284,0.0519279162183037,0.00566596635322476,536,0.0236680868564973,0.0236680868564973,0,392,0.00619551037766115,0.00619551037766115,0,754,0.0306030009902824,0.0267556093715973,0.00384739161868508,287,0.00384739161868508,0,0.00384739161868508,781,0.0571053827724655,0.0216810628924272,0.0354243198800383,646,0.0221199787648204,0.00338215834809126,0.0187378204167291,749,71.0079138103491,32.1065626574998,38.9013511528494,654,50.5860229783969,31.1353474019722,19.4506755764247
Helicobacter_pylori_26695_AND_Roseburia_intestinalis_L1_82,654,0.0557849810548858,0.0557849810548858,0,382,0.0557849810554141,0.0557849810554141,0,814,0.0575938825715284,0.0491723102244447,0.00842157234708369,634,0.0575938825715284,0.0513939671976873,0.00619991537384112,525,0.0236680868564973,0,0.0236680868564973,392,0.00619551037766115,0.00619551037766115,0,639,0.026755609371573,0.026755609371573,0,392,0.00384739161868507,0.00384739161868507,0,846,0.0304832414173576,0.0216810628924272,0.00880217852493037,640,0.0282556097626038,0.000964975859467784,0.027290633903136,786,110.920643419269,48.1598439862496,62.7607994330198,663,45.2839058013641,31.5154486257502,13.7684571756139
Helicobacter_pylori_26695_AND_Roseburia_inulinivorans_DSM_16841,585,0.0557849810554514,0.0557849810554514,0,382,0.0557849810554146,0.0557849810554146,0,583,0.0575938825715284,0.0575938825715284,0,377,0.0575938825715284,0.0575938825715284,0,798,0.0236680868564973,0.0138899840808003,0.00977810277569694,655,0.0159736131535003,0.00619551037766115,0.00977810277583911,598,0.0267556093713729,0.0267556093713729,0,651,0.0136254943945241,0.00384739161868507,0.00977810277583905,821,0.0303979413855189,0.0182215743440233,0.0121763670414956,651,0.0303979413867168,0.0182215743440233,0.0121763670426935,796,111.008216724714,48.1598439862496,62.8483727384647,670,73.1171793858109,25.5830577144291,47.5341216713818
Helicobacter_pylori_26695_AND_Ruminococcus_bromii_L2_63,599,0.0557849810548814,0.0557849810548814,0,382,0.0557849810554137,0.0557849810554137,0,820,0.0575938825715284,0.0456859411449016,0.0119079414266269,377,0.0575938825715284,0.0575938825715284,0,503,0.0236680868564973,0,0.0236680868564973,305,0.0236680868564973,0,0.0236680868564973,581,0.0267556093714544,0.0267556093714544,0,682,0.0132634584410781,0.00384739161868499,0.00941606682239311,805,0.0304977241239648,0.0182215743440233,0.0122761497799415,673,0.0229984951243793,0.0182215743440233,0.00477692078035595,793,64.92791330798,42.7691972855847,22.1587160223954,674,48.6989293586054,31.9870654280856,16.7118639305199
Helicobacter_pylori_26695_AND_Ruminococcus_callidus_ATCC_2776001,962,0.0587846605206713,0.0152559214548538,0.0435287390658175,798,0.0566671025201857,0.0438665231557232,0.0128005793644625,530,0.0575938825715284,0.0575938825715284,0,377,0.0575938825715284,0.0575938825715284,0,543,0.0236680868564973,0.0236680868564973,0,801,0.0233813409195989,0.00619551037766119,0.0171858305419377,620,0.0287358737252631,0,0.0287358737252631,810,0.0142633395849423,0.0038473916186851,0.0104159479662572,628,0.0338784484085368,0,0.0338784484085368,444,0.033878448409344,0,0.033878448409344,921,70.5436178582004,48.1598439862496,22.3837738719508,816,38.5529754805256,25.1740037347604,13.3789717457652
Helicobacter_pylori_26695_AND_Ruminococcus_torques_ATCC_27756,600,0.0557849810555443,0.0557849810555443,0,382,0.0557849810554141,0.0557849810554141,0,816,0.0575938825715284,0.0489767442682454,0.00861713830328306,640,0.0575938825715284,0.051243329644243,0.00635055292728542,797,0.0236680868564973,0.0166749074333064,0.00699317942319083,312,0.00619551037766116,0,0.00619551037766116,585,0.0267556093714614,0.0267556093714614,0,306,0.00384739161868508,0,0.00384739161868508,799,0.0305047750472644,0.0216810628924272,0.00882371215483712,665,0.0221199787648204,0.00338215834809126,0.0187378204167291,790,85.7959224226691,48.1598439862497,37.6360784364194,670,53.0214804130636,25.1740037347604,27.8474766783032
Helicobacter_pylori_26695_AND_Shigella_flexneri_2002017,1006,0.185783282412536,0,0.185783282412536,521,0.185783282412536,0,0.185783282412536,991,0.106931496562196,0,0.106931496562196,882,0.0713958587365439,0.0485256190405877,0.0228702396959562,990,0.0596911214264911,0,0.0596911214264911,524,0.0596911214264911,0,0.0596911214264911,1004,0.0578298124806704,0,0.0578298124806704,528,0.0578298124806714,0,0.0578298124806714,1160,6.72802626621454,0,6.72802626621454,533,6.72802626621454,0,6.72802626621454,1213,147.685437978611,34.5169732178162,113.168464760794,929,70.5482255788316,0.863327631076007,69.6848979477556
Helicobacter_pylori_26695_AND_Streptococcus_salivarius_JIM8777,957,0.0564645189066339,0.0450689244029903,0.0113955945036436,768,0.05598732476575,0.0525940967581825,0.00339322800756759,628,0.0575938825715284,0.0575938825715284,0,377,0.0575938825715284,0.0575938825715284,0,588,0.0236680868564973,0.0236680868564973,0,399,0.00619551037766115,0.00619551037766115,0,973,0.0269812704398312,0.0231970191322302,0.00378425130760095,399,0.00384739161868507,0.00384739161868507,0,698,0.0335440841050844,0,0.0335440841050844,773,0.0201746744989721,0.0124359757718167,0.00773869872715535,955,78.0365649943986,48.1598439862496,29.876721008149,817,61.9832836656488,32.1065626574998,29.876721008149
Helicobacter_pylori_26695_AND_Subdoligranulum_variabile_DSM_15176,806,0.058630190291356,0.0557849810546325,0.00284520923672346,640,0.0586306609854193,0.055785451748732,0.00284520923668725,817,0.0575938825715284,0.0396006724581045,0.0179932101134239,377,0.0575938825715284,0.0575938825715284,0,780,0.0236680868564973,0.0174725764803457,0.00619551037615157,274,0.00619551037766117,0,0.00619551037766117,827,0.0296008186081839,0.026755609371538,0.00284520923664591,271,0.00384739161868509,0,0.00384739161868509,842,0.0590292116715554,0.0216810628924272,0.0373481487791281,632,0.0576019840346807,0.0071194535295529,0.0504825305051278,787,100.115940153684,48.1598439862497,51.9560961674344,657,56.4299747383654,7.6889859572496,48.7409887811158
Helicobacter_pylori_26695_AND_Veillonella_atypica_ACS_049_V_Sch6,1118,0.0596525591256981,0.0583106375369175,0.00134192158878061,896,0.057126902644195,0.0557849810554144,0.00134192158878061,682,0.0575938825715284,0.0575938825715284,0,377,0.0575938825715284,0.0575938825715284,0,676,0.0236680868564973,0.0236680868564973,0,392,0.00619551037766119,0.00619551037766119,0,1104,0.0319212259367501,0.0281369746291491,0.00378425130760096,392,0.00384739161868507,0.00384739161868507,0,1118,0.123825530068458,0.00954380955246315,0.114281720515995,868,0.11765695342786,0.014981743908154,0.102675209519706,1101,100.166159404793,48.1598439862496,52.0063154185433,930,54.5300652603694,25.8913825308685,28.6386827295009
Klebsiella_pneumoniae_pneumoniae_MGH78578_AND_Lactobacillus_mucosae_LM1,786,0.0736648057456932,0.0736648057456932,0,348,0.0736648057456932,0.0736648057456932,0,818,0.0575938825715284,0.0575938825715284,0,353,0.0575938825715284,0.0575938825715284,0,758,0.0236680868564973,0.0236680868564973,0,401,0.0236680868564973,0.0236680868564973,0,792,0.0458601209686777,0.0458601209686777,0,354,0.0458601209686777,0.0458601209686777,0,858,5.33545044006795,5.33545044006795,0,366,2.66772522003398,2.66772522003398,0,1074,136.643136313737,101.464065176197,35.1790711375399,826,105.947170496667,78.4477047455932,27.4994657510736
Klebsiella_pneumoniae_pneumoniae_MGH78578_AND_Lactobacillus_reuteri_SD2112_ATCC_55730,959,0.0736648057456932,0.0620790755100367,0.0115857302356564,348,0.0736648057456932,0.0736648057456932,0,945,0.0575938825715284,0.0396006724573851,0.0179932101141433,353,0.0575938825715284,0.0575938825715284,0,940,0.0236680868564973,0.0174725764756327,0.00619551038086454,400,0.0236680868564973,0.0236680868564973,0,964,0.0458601209686777,0.0420127293512931,0.0038473916173846,354,0.0458601209686777,0.0458601209686777,0,1063,5.33545044006795,5.16922895789268,0.166221482175275,618,2.66772522003398,2.65531819004536,0.0124070299886186,945,149.836607417029,101.464065176197,48.3725422408315,652,120.702352845645,78.7762464643418,41.9261063813034
Klebsiella_pneumoniae_pneumoniae_MGH78578_AND_Megasphaera_elsdenii_DSM_20460,1252,0.0912983881863928,0.0620790755100365,0.0292193126763563,870,0.0912983881821519,0.0620790755128229,0.0292193126693291,1234,0.0849797052574463,0.0396006724573854,0.0453790328000609,823,0.084979705252713,0.0396006724604953,0.0453790327922178,1258,0.0330977076780623,0.0174725764756328,0.0156251312024295,872,0.033097707673187,0.017472576478836,0.015625131194351,1207,0.0517158845577528,0.0420127293512933,0.00970315520645948,846,0.0517158845597335,0.0420127293499919,0.00970315520974152,1409,9.39575148625612,2.66772522002898,6.72802626622714,511,6.72802626621442,0,6.72802626621442,1148,161.983371051632,101.464065176197,60.5193058754352,894,114.467716529378,59.4206734641708,55.0470430652075
Klebsiella_pneumoniae_pneumoniae_MGH78578_AND_Parabacteroides_distasonis_ATCC_8503,1339,0.0928749789581139,0.0610432136575392,0.0318317653005746,881,0.0928749789581139,0.0610432136575392,0.0318317653005746,1278,0.0768040557839491,0.0449722904833745,0.0318317653005746,881,0.0768040557839491,0.0449722904833745,0.0318317653005746,1331,0.042878260068918,0.0110464947683433,0.0318317653005746,899,0.0387478982833154,0.00691613298274077,0.0318317653005746,1346,0.0650702941810984,0.0332385288805238,0.0318317653005746,877,0.0650702941810984,0.0332385288805238,0.0318317653005746,1405,5.37002875185031,5.31273157430928,0.0572971775410343,917,2.68451404832028,2.66772522003398,0.0167888282863063,1275,170.365629521725,101.464065176197,68.9015643455281,968,117.400505507138,81.0434939062652,36.3570116008727
Klebsiella_pneumoniae_pneumoniae_MGH78578_AND_Parabacteroides_johnsonii_DSM_18315,884,0.0736648057456932,0,0.0736648057456932,348,0.0736648057456932,0.0736648057456932,0,834,0.0575938825715284,0.0575938825715284,0,717,0.0575938825715284,0.0297111184008128,0.0278827641707156,819,0.0236680868564973,0.0236680868564973,0,404,0.0236680868564973,0.0236680868564973,0,826,0.0458601209686777,0.0458601209686777,0,727,0.0458601209686777,0.0174604397278192,0.0283996812408585,915,5.33545044006795,0,5.33545044006795,758,2.6864630404507,2.66772522003398,0.0187378204167291,1117,156.712617418272,101.464065176197,55.2485522420752,796,90.9182503527161,67.8608168431759,23.0574335095402
Klebsiella_pneumoniae_pneumoniae_MGH78578_AND_Phascolarctobacterium_succinatutens_YIT_12067,1084,0.0736648057456932,0.0693974648252551,0.00426734092043804,348,0.0736648057456932,0.0736648057456932,0,1076,0.0575938825715284,0.0533265416511701,0.0042673409203583,353,0.0575938825715284,0.0575938825715284,0,1071,0.0236680868564973,0.0194007459363097,0.00426734092018762,401,0.0236680868564973,0.0236680868564973,0,732,0.0458601209686777,0.0458601209686777,0,354,0.0458601209686777,0.0458601209686777,0,853,5.33545044006795,5.33545044006795,0,747,2.66794263495206,2.66772522003398,0.000217414918087381,1032,119.147565326563,101.464065176197,17.6835001503659,769,88.238293564885,81.1969874764649,7.04130608842008
Klebsiella_pneumoniae_pneumoniae_MGH78578_AND_Prevotella_ruminicola_23,1224,0.0928749789581139,0.0610432136575392,0.0318317653005746,849,0.0928749789581139,0.0610432136575392,0.0318317653005746,1250,0.0768040557839491,0.0449722904833745,0.0318317653005746,854,0.0768040557839491,0.0449722904833745,0.0318317653005746,1221,0.042878260068918,0.0110464947683433,0.0318317653005746,889,0.0399515434516413,0.0129694250247454,0.026982118426896,1242,0.0650702941810984,0.0332385288805238,0.0318317653005746,856,0.0650702941810984,0.0332385288805238,0.0318317653005746,1307,5.37002875185031,5.31273157430928,0.0572971775410343,853,2.67926039195936,2.66014630686651,0.0191140850928486,1197,165.156700104529,101.077536303618,64.0791638009108,892,112.522195447003,73.2251513452668,39.2970441017362
Klebsiella_pneumoniae_pneumoniae_MGH78578_AND_Pseudoflavonifractor_capillosus_strain_ATCC_29799,987,0.0736648057456932,0.0620790755100371,0.0115857302356561,348,0.0736648057456932,0.0736648057456932,0,982,0.0575938825715284,0.0396006724604956,0.0179932101110328,353,0.0575938825715284,0.0575938825715284,0,994,0.0236680868564973,0.0174725764756329,0.00619551038086434,401,0.0236680868564973,0.0236680868564973,0,751,0.0458601209686777,0.0458601209686777,0,354,0.0458601209686777,0.0458601209686777,0,1060,5.33545044006795,5.29940424637837,0.0360461936895818,644,2.66772522003398,2.64898739961725,0.0187378204167291,906,120.908575872897,101.457900296472,19.4506755764247,664,85.249361845575,81.1969874764649,4.05237436911002
Klebsiella_pneumoniae_pneumoniae_MGH78578_AND_Roseburia_intestinalis_L1_82,772,0.0736648057456932,0,0.0736648057456932,611,0.0736648057456932,0.0238784666959021,0.0497863390497911,762,0.0575938825715284,0,0.0575938825715284,353,0.0575938825715284,0.0575938825715284,0,768,0.0236680868564973,0,0.0236680868564973,401,0.0236680868564973,0.0236680868564973,0,764,0.0458601209686777,0,0.0458601209686777,354,0.0458601209686777,0.0458601209686777,0,1067,5.33545044006795,0.377335138504807,4.95811530156314,366,2.66772522003398,2.66772522003398,0,938,167.289148319199,101.464065176197,65.8250831430015,668,84.7973741610045,73.501725086204,11.2956490748004
Klebsiella_pneumoniae_pneumoniae_MGH78578_AND_Roseburia_inulinivorans_DSM_16841,805,0.0736648057456932,0.0736648057456932,0,348,0.0736648057456932,0.0736648057456932,0,793,0.0575938825715284,0.0575938825715284,0,353,0.0575938825715284,0.0575938825715284,0,801,0.0236680868564973,0.0236680868564973,0,395,0.0236680868564973,0.0236680868564973,0,778,0.0458601209686777,0.0458601209686777,0,354,0.0458601209686777,0.0458601209686777,0,866,5.33545044006795,5.33545044006795,0,649,2.66772522003398,2.63889453008283,0.0288306899511417,927,167.864430545464,101.464065176197,66.4003653692666,685,123.212221309345,78.4393472915687,44.772874017776
Klebsiella_pneumoniae_pneumoniae_MGH78578_AND_Ruminococcus_bromii_L2_63,769,0.0736648057456932,0.0736648057456932,0,348,0.0736648057456932,0.0736648057456932,0,772,0.0575938825715284,0.0575938825715284,0,353,0.0575938825715284,0.0575938825715284,0,755,0.0236680868564973,0.0236680868564973,0,404,0.0236680868564973,0.0236680868564973,0,746,0.0458601209686777,0.0458601209686777,0,362,0.0458601209686777,0.0458601209686777,0,825,5.33545044006795,5.33545044006795,0,384,2.66772522003398,2.66772522003398,0,955,118.052448689863,101.464065176197,16.588383513666,688,82.0742178822941,81.0363651942644,1.03785268802967
Klebsiella_pneumoniae_pneumoniae_MGH78578_AND_Ruminococcus_callidus_ATCC_2776001,717,0.0736648057456932,0.0736648057456932,0,353,0.0736648057456932,0.0736648057456932,0,751,0.0575938825715284,0.0575938825715284,0,353,0.0575938825715284,0.0575938825715284,0,704,0.0236680868564973,0.0236680868564973,0,401,0.0236680868564973,0.0236680868564973,0,766,0.0458601209686777,0.0458601209686777,0,354,0.0458601209686777,0.0458601209686777,0,822,5.33545044006795,5.33545044006795,0,366,2.66772522003398,2.66772522003398,0,1069,123.840626152443,101.456852280492,22.3837738719508,829,85.9125253158334,72.2355903617158,13.6769349541176
Klebsiella_pneumoniae_pneumoniae_MGH78578_AND_Ruminococcus_torques_ATCC_27756,734,0.0736648057456932,0,0.0736648057456932,348,0.0736648057456932,0.0736648057456932,0,725,0.0575938825715284,0,0.0575938825715284,353,0.0575938825715284,0.0575938825715284,0,766,0.0236680868564973,0,0.0236680868564973,401,0.0236680868564973,0.0236680868564973,0,724,0.0458601209686777,0,0.0458601209686777,354,0.0458601209686777,0.0458601209686777,0,902,5.33545044006795,5.33545044006795,0,659,2.66772522003398,2.64950364568995,0.0182215743440233,969,140.361349114611,101.464065176197,38.8972839384141,681,89.4294492007319,59.8168168562491,29.6126323444828
Klebsiella_pneumoniae_pneumoniae_MGH78578_AND_Shigella_flexneri_2002017,1172,0.185783282412536,0,0.185783282412536,522,0.185783282412536,0,0.185783282412536,1168,0.106931496562196,0,0.106931496562196,848,0.0713958587365439,0.0485256190405877,0.0228702396959562,1195,0.0596911214264911,0,0.0596911214264911,524,0.0596911214264911,0,0.0596911214264911,1190,0.0578298124806704,0,0.0578298124806704,533,0.0578298124806704,0,0.0578298124806704,1212,6.72802626621454,0,6.72802626621454,533,6.72802626621454,0,6.72802626621454,1367,197.372473621374,84.2040088605795,113.168464760794,926,108.4614946302,65.9521554382929,42.5093391919074
Klebsiella_pneumoniae_pneumoniae_MGH78578_AND_Streptococcus_salivarius_JIM8777,794,0.0736648057456932,0.0736648057456932,0,361,0.0736648057456932,0.0736648057456932,0,801,0.0575938825715284,0.0575938825715284,0,361,0.0575938825715284,0.0575938825715284,0,833,0.0236680868564973,0.0236680868564973,0,401,0.0236680868564973,0.0236680868564973,0,807,0.0458601209686777,0.0458601209686777,0,362,0.0458601209686777,0.0458601209686777,0,915,5.33545044006795,5.33545044006795,0,366,2.66772522003398,2.66772522003398,0,1088,131.340786184346,101.464065176197,29.876721008149,828,104.133074741515,76.2040062860444,27.9290684554707
Klebsiella_pneumoniae_pneumoniae_MGH78578_AND_Subdoligranulum_variabile_DSM_15176,973,0.0736648057456932,0.0620790755100371,0.011585730235656,348,0.0736648057456932,0.0736648057456932,0,1008,0.0575938825715284,0.0396006724604956,0.0179932101110329,353,0.0575938825715284,0.0575938825715284,0,968,0.0236680868564973,0.0174725764788388,0.00619551037765852,401,0.0236680868564973,0.0236680868564973,0,797,0.0458601209686777,0.0458601209686777,0,354,0.0458601209686777,0.0458601209686777,0,1053,5.33545044006795,2.6677252200364,2.66772522003155,366,2.66772522003398,2.66772522003398,0,916,155.352531161358,101.446979844685,53.9055513166731,666,109.52105642733,81.0434939062652,28.4775625210644
Klebsiella_pneumoniae_pneumoniae_MGH78578_AND_Veillonella_atypica_ACS_049_V_Sch6,896,0.0736648057456932,0.0736648057456932,0,348,0.0736648057456932,0.0736648057456932,0,853,0.0575938825715284,0.0575938825715284,0,353,0.0575938825715284,0.0575938825715284,0,822,0.0236680868564973,0.0236680868564973,0,401,0.0236680868564973,0.0236680868564973,0,850,0.0458601209686777,0.0458601209686777,0,354,0.0458601209686777,0.0458601209686777,0,921,5.33545044006795,5.33545044006795,0,366,2.6677252200339,2.6677252200339,0,1230,153.506547909853,101.464065176197,52.0424827336554,942,100.94749083174,81.1969874764649,19.750503355275
Lactobacillus_mucosae_LM1_AND_Lactobacillus_reuteri_SD2112_ATCC_55730,478,0.011585730235656,0,0.011585730235656,270,0.0115857302328706,0,0.0115857302328706,478,0.0179932101141427,0,0.0179932101141427,270,0.00315319269589399,0,0.00315319269589399,484,0.00619551038086434,0,0.00619551038086434,269,0.00315319269589399,0,0.00315319269589399,478,0.00384739161738448,0,0.00384739161738448,271,0.00384739161868499,0,0.00384739161868499,467,0.0124070299887014,0,0.0124070299887014,277,0.0124070299886186,0,0.0124070299886186,813,98.3635197454116,36.1914064763605,62.1721132690511,701,90.4276897981622,25.3884301234626,65.0392596746997
Lactobacillus_mucosae_LM1_AND_Megasphaera_elsdenii_DSM_20460,775,0.0292193126579989,0,0.0292193126579989,559,0.0292193126693291,0,0.0292193126693291,796,0.0453790327920295,0,0.0453790327920295,493,0.0453790327922178,0,0.0453790327922178,752,0.0156251312024295,0,0.0156251312024295,516,0.0156251311943606,0,0.0156251311943606,727,0.00970315520973997,0,0.00970315520973997,514,0.00970315520973962,0,0.00970315520973962,884,6.72802626621442,0,6.72802626621442,511,6.72802626621442,0,6.72802626621442,1087,108.610452020571,45.1034354039637,63.5070166166069,944,83.0655286241446,29.0907793591436,53.974749265001
Lactobacillus_mucosae_LM1_AND_Parabacteroides_distasonis_ATCC_8503,1150,0.0329863459737896,0.00115458067321495,0.0318317653005746,947,0.0319151795898057,0.00115458067320241,0.0307605989166033,1158,0.0329863459737772,0.00115458067320255,0.0318317653005746,943,0.0319151795898058,0.0011545806732026,0.0307605989166032,1154,0.0329863459737718,0.00115458067319716,0.0318317653005746,933,0.0319151795898058,0.00115458067320266,0.0307605989166031,1150,0.0329863459737996,0.00115458067322496,0.0318317653005746,947,0.0319151795898058,0.0011545806732026,0.0307605989166032,1167,0.0244938266939771,0.00259780651460494,0.0218960201793722,966,0.0170447128481184,0.00259780651470574,0.0144469063334127,1150,108.531567352524,45.1220863064587,63.4094810460652,1013,79.5276691508232,28.4469338336079,51.0807353172153
Lactobacillus_mucosae_LM1_AND_Parabacteroides_johnsonii_DSM_18315,979,0.0329917941987547,0.00115458067318575,0.031837213525569,789,0.0324561193380484,0.00115458067320249,0.0313015386648459,989,0.0329917941987541,0.00115458067318513,0.031837213525569,784,0.0324561193380485,0.00115458067320255,0.031301538664846,639,0.0236680868564973,0,0.0236680868564973,381,0.0236680868564973,0,0.0236680868564973,992,0.0329917941988807,0.00115458067331176,0.031837213525569,799,0.0324561193380485,0.00115458067320262,0.0313015386648459,977,0.0213356269314601,0.00259780651473094,0.0187378204167291,820,0.0213356269314349,0.00259780651470574,0.0187378204167291,1026,97.177776298759,41.9292240566838,55.2485522420752,854,69.0185111568929,32.1861429955094,36.8323681613835
Lactobacillus_mucosae_LM1_AND_Phascolarctobacterium_succinatutens_YIT_12067,917,0.00514441778606985,0.000877076865827953,0.0042673409202419,786,0.00240942282952189,0.00106730305627906,0.00134211977324283,927,0.00514441779091819,0.00087707686621496,0.00426734092470323,789,0.00243280660557752,0.00106567665232177,0.00136712995325575,927,0.00514441778663702,0.000877076866511605,0.00426734092012541,788,0.00351240338113515,0.000990587818770515,0.00252181556236463,908,0.00512508939815074,0.000878421207454383,0.00424666819069636,792,0.00172252936723255,0.000703579417410245,0.0010189499498223,928,0.0222969384657088,0.00412540952855077,0.0181715289371581,433,0.00259780651470574,0.00259780651470574,0,921,62.0332967290592,45.1408513484336,16.8924453806256,817,40.4052523214394,28.5552972108321,11.8499551106073
Lactobacillus_mucosae_LM1_AND_Prevotella_ruminicola_23,1089,0.0432273598069579,0.0113955945063833,0.0318317653005746,913,0.0319151795898057,0.00115458067320248,0.0307605989166033,1117,0.0446323446650371,0.0128005793644625,0.0318317653005746,913,0.0324298954419574,0.00827903117878209,0.0241508642631753,1101,0.0379255999219465,0.0060938346213719,0.0318317653005746,915,0.0322720228723767,0.00609383462137198,0.0261781882510047,1076,0.0356160166081755,0.0037842513076009,0.0318317653005746,924,0.0321051638082942,0.0037842513076009,0.0283209125006933,1089,0.0222955646177576,0.0183946829750832,0.00390088164267443,900,0.0194580346439936,0.00198864801838236,0.0174693866256112,1091,117.112458934363,38.9989521052731,78.1135068290895,953,85.9144348046758,28.5552972108321,57.3591375938437
Lactobacillus_mucosae_LM1_AND_Pseudoflavonifractor_capillosus_strain_ATCC_29799,456,0.0115857302328705,0,0.0115857302328705,683,0.006820547026428,0.00115458067320256,0.00566596635322544,463,0.0179932101110328,0,0.0179932101110328,690,0.00682054702642805,0.00115458067320255,0.0056659663532255,457,0.00619551039102697,0,0.00619551039102697,652,0.00618681992507681,0.000520853571851367,0.00566596635322545,446,0.00384739161868508,0,0.00384739161868508,287,0.00384739161868508,0,0.00384739161868508,832,0.0213356269314286,0.00259780651469945,0.0187378204167291,702,0.0213356269314349,0.00259780651470575,0.0187378204167291,801,74.0804222903892,35.1790711375399,38.9013511528493,717,52.3342904741247,32.8836148977,19.4506755764247
Lactobacillus_mucosae_LM1_AND_Roseburia_intestinalis_L1_82,853,0.0499057329762056,0.00115458067318576,0.0487511523030199,683,0.0499057329776739,0.00115458067320256,0.0487511523044714,856,0.052425704826961,0.00115458067321725,0.0512711241537438,683,0.0524257048268639,0.00115458067320256,0.0512711241536614,506,0.0236680868564973,0,0.0236680868564973,307,0.00619551037766115,0,0.00619551037766115,854,0.0239979328187786,0.00115458067312275,0.0228433521456559,297,0.0038473916186851,0,0.0038473916186851,844,0.0284204808108313,0.00259780651473094,0.0258226742961004,692,0.0283924574561326,0.00232681096254038,0.0260656464935922,850,106.91807573307,45.4876252167239,61.4304505163466,728,47.3098187853436,33.5413616097298,13.7684571756139
Lactobacillus_mucosae_LM1_AND_Roseburia_inulinivorans_DSM_16841,832,0.0109326834491213,0.00115458067318575,0.00977810277593555,681,0.0105226940012218,0.00115458067320256,0.00936811332801925,835,0.0109326834493998,0.00115458067343611,0.00977810277596373,682,0.010522694001222,0.00115458067320255,0.00936811332801946,832,0.0109326834490678,0.00115458067318575,0.00977810277588208,685,0.010522694001222,0.00115458067320255,0.00936811332801945,838,0.0109326834488294,0.00115458067321725,0.00977810277561216,686,0.0105226940012219,0.00115458067320255,0.00936811332801938,859,0.0290431613487251,0.00259780651464273,0.0264453548340823,706,0.0290431613493532,0.00259780651470575,0.0264453548346474,852,109.593933067147,43.3664286390162,66.2275044281312,741,83.1700203416494,30.1633619123323,53.0066584293171
Lactobacillus_mucosae_LM1_AND_Ruminococcus_bromii_L2_63,824,0.0514904431263367,0.00115458067315425,0.0503358624531824,696,0.0514904431265486,0.00115458067320256,0.0503358624533461,842,0.054092329449361,0.00115458067319395,0.0529377487761671,702,0.0540923294490476,0.00115458067320255,0.0529377487758451,512,0.0236680868564973,0,0.0236680868564973,314,0.0236680868564973,0,0.0236680868564973,824,0.0247404812564309,0.00115458067315425,0.0235859005832766,715,0.0106931428436687,0.00115458067320256,0.00953856217046612,859,0.0224153721284115,0.00259780651471708,0.0198175656136944,724,0.00785547487058159,0.00259780651470575,0.00525766835587584,846,68.6306340580053,42.0721958030556,26.5584382549497,735,34.2615487081205,27.9779224510404,6.28362625708015
Lactobacillus_mucosae_LM1_AND_Ruminococcus_callidus_ATCC_2776001,967,0.0446833197386589,0.00115458067283656,0.0435287390658223,438,0.0128005793644625,0,0.0128005793644625,967,0.0446833197388671,0.00115458067304479,0.0435287390658223,437,0.0128005793644625,0,0.0128005793644625,969,0.0232796651633097,0.00115458067319899,0.0221250844901107,432,0.0232796651633097,0,0.0232796651633097,619,0.0287358737253057,0,0.0287358737253057,834,0.0115705286394597,0.00115458067320255,0.0104159479662571,653,0.0338784484093114,0,0.0338784484093114,452,0.0338784484093432,0,0.0338784484093432,954,70.228453647394,38.1341327652064,32.0943208821876,864,44.3793333222691,25.7104808150809,18.6688525071881
Lactobacillus_mucosae_LM1_AND_Ruminococcus_torques_ATCC_27756,847,0.0500249976673558,0.00115458067324876,0.048870416994107,689,0.0500249976673848,0.00115458067320256,0.0488704169941822,847,0.0525511343689897,0.00115458067324876,0.0513965536957409,687,0.0525511343690231,0.00115458067320255,0.0513965536958206,513,0.0236680868564973,0,0.0236680868564973,312,0.00619551037766117,0,0.00619551037766117,844,0.0240538167348948,0.00115458067318575,0.0228992360617091,306,0.00384739161868508,0,0.00384739161868508,865,0.0213356269314349,0.00259780651470573,0.0187378204167291,716,0.0206604462493249,0.00192262583259576,0.0187378204167291,842,83.0913195144639,43.2830623329884,39.8082571814754,735,54.9419469752824,30.3030903276402,24.6388566476423
Lactobacillus_mucosae_LM1_AND_Shigella_flexneri_2002017,962,0.185783282412536,0,0.185783282412536,521,0.185783282412536,0,0.185783282412536,936,0.106931496562196,0,0.106931496562196,531,0.053465748281098,0,0.053465748281098,939,0.0596911214264911,0,0.0596911214264911,523,0.0596911214264911,0,0.0596911214264911,953,0.0578298124806704,0,0.0578298124806704,543,0.0578298124806704,0,0.0578298124806704,1037,6.72802626621454,0,6.72802626621454,533,6.72802626621454,0,6.72802626621454,1264,150.988616025055,37.820151264261,113.168464760794,985,98.4429446028022,28.5552972108321,69.8876473919701
Lactobacillus_mucosae_LM1_AND_Streptococcus_salivarius_JIM8777,678,0.0113955945036438,0.0113955945036438,0,419,0.0113955945036436,0,0.0113955945036436,1009,0.0176979199517751,0.0128005793644625,0.00489734058731258,772,0.017697919951774,0.000445467827423444,0.0172524521243506,637,0.006093834621372,0.006093834621372,0,412,0.00609383462137198,0,0.00609383462137198,643,0.0037842513063217,0.0037842513063217,0,432,0.00378425130760096,0,0.00378425130760096,1003,0.0326336083479288,0.0133256071122167,0.0193080012357121,823,0.0181308809220013,0.00193199761051894,0.0161988833114824,1002,77.2649912753491,40.3384221489166,36.9265691264325,861,42.8222462075325,15.2188129231354,27.6034332843971
Lactobacillus_mucosae_LM1_AND_Subdoligranulum_variabile_DSM_15176,481,0.0115857302502137,0,0.0115857302502137,667,0.00399978990988971,0.00115458067320256,0.00284520923668715,488,0.0179932101287003,0,0.0179932101287003,669,0.00399978990988978,0.00115458067320256,0.00284520923668722,508,0.00619551037766116,0,0.00619551037766116,272,0.00619551037766117,0,0.00619551037766117,468,0.00384739161010563,0,0.00384739161010563,271,0.00384739161868509,0,0.00384739161868509,871,0.0571479797476436,0.00259780651460494,0.0545501732330386,688,0.0571479797705431,0.00259780651470574,0.0545501732558374,823,99.759450073774,43.0122113546991,56.7472387190749,723,73.1540124545884,28.5552972108321,44.5987152437563
Lactobacillus_mucosae_LM1_AND_Veillonella_atypica_ACS_049_V_Sch6,721,0.0113955945063836,0.0113955945063836,0,930,0.00244134640183215,0.00109942481305155,0.00134192158878061,736,0.0128005793644625,0.0128005793644625,0,544,0.0128005793644625,0,0.0128005793644625,739,0.00609383462452259,0.00609383462452259,0,426,0.00115458067320255,0.00115458067320255,0,736,0.00378425130632164,0.00378425130632164,0,535,0.00381309069653592,0,0.00381309069653592,1147,0.117588066485554,0.0149128569658481,0.102675209519706,925,0.105273016034412,0.00259780651470573,0.102675209519706,1143,96.7098580490169,44.4053937322038,52.3044643168131,986,61.2926599744039,28.21047925722,33.0821807171839
Lactobacillus_reuteri_SD2112_ATCC_55730_AND_Megasphaera_elsdenii_DSM_20460,835,0.0292193123459225,0,0.0292193123459225,545,0.0292193126693291,0,0.0292193126693291,824,0.0453790328000592,0,0.0453790328000592,493,0.0453790327922161,0,0.0453790327922161,830,0.0156251312024289,0,0.0156251312024289,516,0.0156251311943505,0,0.0156251311943505,788,0.00970315520645983,0,0.00970315520645983,514,0.00970315520973962,0,0.00970315520973962,889,6.7280262662083,0,6.7280262662083,511,6.72802626621442,0,6.72802626621442,909,127.79716356466,67.2778576892248,60.5193058754352,776,92.117393898152,49.692434892551,42.424959005601
Lactobacillus_reuteri_SD2112_ATCC_55730_AND_Parabacteroides_distasonis_ATCC_8503,1047,0.0434174955362307,0.011585730235656,0.0318317653005746,551,0.0318317653005746,0,0.0318317653005746,1046,0.0498249754147173,0.0179932101141427,0.0318317653005746,551,0.0318317653005746,0,0.0318317653005746,1043,0.038027275681439,0.00619551038086437,0.0318317653005746,535,0.0318317653005746,0,0.0318317653005746,1045,0.0356791569179591,0.00384739161738448,0.0318317653005746,546,0.0318317653005746,0,0.0318317653005746,1040,0.0343030501679908,0.0124070299886186,0.0218960201793722,567,0.0167888282863063,0,0.0167888282863063,992,124.306784498906,62.2145548535239,62.0922296453819,840,71.1183003436824,60.6833471375204,10.434953206162
Lactobacillus_reuteri_SD2112_ATCC_55730_AND_Parabacteroides_johnsonii_DSM_18315,845,0.0434229437612251,0.0115857302356561,0.031837213525569,639,0.0364670580841256,0.0115857302328706,0.024881327851255,855,0.049830423636602,0.0179932101110329,0.031837213525569,632,0.0330972801550979,0.00315319269589399,0.0299440874592039,876,0.0236680868564973,0.00619551037766137,0.0174725764788359,381,0.0236680868564973,0,0.0236680868564973,843,0.0356846051429535,0.0038473916173845,0.031837213525569,637,0.033374693234864,0.00384739161868508,0.0295273016161789,861,0.0311448504053477,0.0124070299886186,0.0187378204167291,661,0.0309625197737442,0.0122246993570151,0.0187378204167291,852,112.370659001264,65.038571181125,47.3320878201388,675,80.1714472794139,43.584953862153,36.586493417261
Lactobacillus_reuteri_SD2112_ATCC_55730_AND_Phascolarctobacterium_succinatutens_YIT_12067,764,0.0157858847313535,0.0115857302328706,0.0042001544984829,270,0.0115857302328705,0.0115857302328705,0,760,0.0221933646097985,0.0179932101110329,0.0042001544987656,633,0.00426976408783027,0.0029120688730383,0.00135769521479197,759,0.0103956648763123,0.00619551037766116,0.00420015449865118,634,0.00521791906932094,0.00270731460882575,0.00251060446049519,786,0.00804754611716813,0.00384739161868508,0.00420015449848304,626,0.00428748185162093,0.00384739161868508,0.000440090232935847,809,0.0221199787648204,0.00338215834809126,0.0187378204167291,650,0.0129822636753785,0.0127648487572911,0.000217414918087381,763,79.8451466672833,62.6612544348942,17.1838922323891,646,68.4552108093923,59.7060002663884,8.74921054300387
Lactobacillus_reuteri_SD2112_ATCC_55730_AND_Prevotella_ruminicola_23,954,0.0434174955334452,0.0115857302328705,0.0318317653005746,518,0.0318317653005746,0,0.0318317653005746,948,0.0498249754116075,0.0179932101110329,0.0318317653005746,527,0.0318317653005746,0,0.0318317653005746,962,0.0380272756814392,0.00619551038086454,0.0318317653005746,532,0.0318317653005746,0,0.0318317653005746,981,0.0356791569192596,0.00384739161868499,0.0318317653005746,532,0.0318317653005746,0,0.0318317653005746,571,0.0221199787648204,0.0221199787648204,0,745,0.0193896533111019,0.00202787051081014,0.0173617828002917,916,129.469146741927,51.355639912838,78.1135068290894,779,103.970329894154,46.7782820359851,57.1920478581686
Lactobacillus_reuteri_SD2112_ATCC_55730_AND_Pseudoflavonifractor_capillosus_strain_ATCC_29799,508,0.0115857302356561,0,0.0115857302356561,270,0.0115857302328705,0.0115857302328705,0,508,0.0179932101141427,0,0.0179932101141427,533,0.00881915904911943,0.00315319269589399,0.00566596635322544,488,0.00619551038086434,0,0.00619551038086434,532,0.00619551037766117,0.00315319269589399,0.00304231768176718,460,0.00384739161738448,0.00384739161738448,0,287,0.00384739161868508,0,0.00384739161868508,721,0.0311448504053477,0.0124070299886186,0.0187378204167291,545,0.0221199787648204,0.00338215834809126,0.0187378204167291,632,87.1913727082313,64.0789643153231,23.1124083929082,544,86.1554420451352,66.7047664687105,19.4506755764247
Lactobacillus_reuteri_SD2112_ATCC_55730_AND_Roseburia_intestinalis_L1_82,717,0.0498146131820017,0.0115857302356561,0.0382288829463456,532,0.049805889923614,0.00801125092983965,0.0417946389937744,717,0.05235022202082,0.0179932101141427,0.0343570119066773,530,0.0523140060358663,0.00315319269589399,0.0491608133399724,717,0.0236680868564973,0.00619551038086454,0.0174725764756327,297,0.00619551037766115,0,0.00619551037766115,703,0.0238879281725068,0.0038473916173845,0.0200405365551223,263,0.00384739161868508,0.00384739161868508,0,717,0.0281821229249656,0.0124070299886186,0.015775092936347,537,0.0281546232726254,0.00113865307279468,0.0270159701998307,688,122.590427746529,62.2969065736902,60.2935211728386,552,73.8490456207445,60.0805884451308,13.7684571756137
Lactobacillus_reuteri_SD2112_ATCC_55730_AND_Roseburia_inulinivorans_DSM_16841,698,0.0213638330118882,0.0115857302356558,0.00977810277623248,529,0.0141895174655933,0.0115857302328706,0.00260378723272267,694,0.0277713128903731,0.0179932101141428,0.00977810277623036,529,0.0129312954717331,0.00315319269589399,0.0097781027758391,684,0.0159736131571416,0.00619551038086437,0.00977810277627728,532,0.0129312954717333,0.00315319269589399,0.00977810277583932,697,0.0136254943910706,0.0038473916173846,0.009778102773686,522,0.0136254943945242,0.00384739161868508,0.00977810277583911,519,0.0288306899510576,0,0.0288306899510576,313,0.0288306899511625,0,0.0288306899511625,684,123.916805170953,63.4614182707116,60.4553869002411,562,92.6603801079363,48.9758441459478,43.6845359619885
Lactobacillus_reuteri_SD2112_ATCC_55730_AND_Ruminococcus_bromii_L2_63,534,0.0514046990890338,0,0.0514046990890338,296,0.051404699089257,0,0.051404699089257,535,0.0540065854121657,0,0.0540065854121657,301,0.0540065854117575,0,0.0540065854117575,716,0.0236680868564973,0.00619551037766119,0.0174725764788361,550,0.0236680868564973,0.00315319269589399,0.0205148941606033,541,0.0246547372191208,0,0.0246547372191208,551,0.01301415023122,0.0038473916186851,0.00916675861253494,486,0.0290669513274978,0,0.0290669513274978,293,0.0124070299886186,0.0124070299886186,0,677,79.7398478520613,60.1185249240741,19.6213229279872,565,69.8522501026923,67.6784211226971,2.17382897999523
Lactobacillus_reuteri_SD2112_ATCC_55730_AND_Ruminococcus_callidus_ATCC_2776001,832,0.0551144692986929,0.0115857302328706,0.0435287390658223,680,0.0239671977548877,0.0111666183904252,0.0128005793644625,853,0.0569439880387876,0.0179932101110329,0.0389507779277546,680,0.0159537720603565,0.00315319269589399,0.0128005793644625,825,0.0233813409195989,0.00619551037766119,0.0171858305419377,675,0.0233314128374378,0.00315319269589399,0.0201782201415438,604,0.0287358737254699,1.72380432213081e-13,0.0287358737252975,678,0.0142633395849424,0.00384739161868508,0.0104159479662573,685,0.0338784484094648,0,0.0338784484094648,444,0.0338784484093433,0,0.0338784484093433,795,89.4152193987193,67.0331399351383,22.382079463581,709,71.4968801056179,55.7150118407772,15.7818682648407
Lactobacillus_reuteri_SD2112_ATCC_55730_AND_Ruminococcus_torques_ATCC_27756,568,0.0499081362175926,0,0.0499081362175926,530,0.0499081362176103,0.0115857302328705,0.0383224059847397,563,0.0524342729185754,0,0.0524342729185754,292,0.0524342729192475,0,0.0524342729192475,543,0.0236680868564973,0,0.0236680868564973,312,0.00619551037766117,0,0.00619551037766117,737,0.0239369552857309,0.0038473916173845,0.0200895636683464,306,0.00384739161868508,0,0.00384739161868508,727,0.0282207150698838,0.0124070299887014,0.0158136850811824,562,0.0210189892378165,0.00228116882108736,0.0187378204167291,682,100.319684769982,65.0849891988525,35.2346955711293,563,83.9217565525041,64.2048066963473,19.7169498561568
Lactobacillus_reuteri_SD2112_ATCC_55730_AND_Shigella_flexneri_2002017,955,0.185783282412536,0,0.185783282412536,521,0.185783282412536,0,0.185783282412536,950,0.106931496562196,0,0.106931496562196,773,0.0566189409769919,0.00315319269589399,0.053465748281098,978,0.0596911214264911,0,0.0596911214264911,524,0.0596911214264911,0,0.0596911214264911,990,0.0578298124865627,0,0.0578298124865627,533,0.0578298124806704,0,0.0578298124806704,1079,6.72802626621454,0,6.72802626621454,533,6.72802626621454,0,6.72802626621454,1091,162.067257035644,49.8555397377596,112.211717297884,813,101.694067627875,31.9717280625123,69.7223395653624
Lactobacillus_reuteri_SD2112_ATCC_55730_AND_Streptococcus_salivarius_JIM8777,504,0.011585730235656,0.011585730235656,0,278,0.0115857302328706,0.0115857302328706,0,495,0.0179932101110331,0.0179932101110331,0,658,0.0177194410704028,0.00131136780949143,0.0164080732609113,494,0.00619551038086454,0.00619551038086454,0,651,0.00614558229550007,0.00315319269589399,0.00299238959960608,515,0.00384739161868541,0.00384739161868541,0,271,0.0038473916186851,0.0038473916186851,0,906,0.0312848504825799,0.0119768492468678,0.0193080012357121,664,0.0182502827093545,0.00285607807789918,0.0153942046314553,834,97.5982801453132,67.7215591371642,29.876721008149,708,97.224854998185,67.7215591371642,29.5032958610208
Lactobacillus_reuteri_SD2112_ATCC_55730_AND_Subdoligranulum_variabile_DSM_15176,513,0.011585730235656,0.011585730235656,0,524,0.0115857302328706,0.00874052099618345,0.00284520923668712,490,0.0179932101110328,0.0179932101110328,0,524,0.00599840193258121,0.00315319269589399,0.00284520923668723,494,0.00619551037766116,0.00619551037766116,0,277,0.00619551037766117,0,0.00619551037766117,509,0.0038473916173845,0.0038473916173845,0,276,0.00384739161868509,0,0.00384739161868509,541,0.0569041847333394,0,0.0569041847333394,282,0.0569041847337429,0,0.0569041847337429,653,112.977393778537,64.6734679288759,48.3039258496607,541,89.1747361423283,52.8101668105233,36.364569331805
Lactobacillus_reuteri_SD2112_ATCC_55730_AND_Veillonella_atypica_ACS_049_V_Sch6,548,0.0115857302356561,0.0115857302356561,0,270,0.0115857302328706,0.0115857302328706,0,592,0.0179932101141427,0.0179932101141427,0,779,0.0145168924670648,0.00171631310260233,0.0128005793644625,560,0.00619551038086437,0.00619551038086437,0,269,0.00315319269589399,0.00315319269589399,0,577,0.00384739161738448,0.00384739161738448,0,263,0.0038473916186851,0.0038473916186851,0,1028,0.116078654344547,0.0134034448248415,0.102675209519706,770,0.115082239508325,0.0124070299886186,0.102675209519706,1002,119.346948025176,67.7215591371642,51.625388888012,820,83.3005541442045,59.9173958939648,23.3831582502397
Megasphaera_elsdenii_DSM_20460_AND_Parabacteroides_distasonis_ATCC_8503,905,0.185783282412536,0,0.185783282412536,1065,0.0318317653005746,0.0292193126693291,0.00261245263124553,1325,0.145252274036523,0.0453790327922178,0.0998732412443054,1014,0.0465271301195676,0.0453790327922178,0.00114809732734986,901,0.0596911214264911,0,0.0596911214264911,1024,0.0322013948838202,0.015625131194351,0.0165762636894692,901,0.115659624961341,0,0.115659624961341,1032,0.0320613040591126,0.00970315520974024,0.0223581488493723,1445,7.00557460402633,6.72802626620782,0.277548337818514,1058,6.74481509450072,6.72802626621442,0.0167888282863063,1277,134.665327678455,66.2839406201801,68.3813870582744,1086,108.503768693235,59.1172113733697,49.3865573198648
Megasphaera_elsdenii_DSM_20460_AND_Parabacteroides_johnsonii_DSM_18315,1190,0.0912983881821532,0.0292193126693312,0.062079075512822,906,0.046590845357376,0.029512314898761,0.0170785304586151,1141,0.0849797052574463,0.0453790328000609,0.0396006724573854,857,0.0618717864710439,0.0453790327922178,0.0164927536788262,1121,0.0330977076731867,0.0156251311943505,0.0174725764788362,876,0.0294322147723259,0.015625131194351,0.0138070835779749,1116,0.051715884557753,0.00970315520645983,0.0420127293512932,882,0.0440992282488855,0.00970315520973997,0.0343960730391456,1243,9.39575148624504,6.72802626620878,2.66772522003626,908,6.74676408663115,6.72802626621442,0.0187378204167291,1120,122.211222028029,66.9626697859541,55.2485522420753,921,76.2803928843712,39.6938994671103,36.5864934172609
Megasphaera_elsdenii_DSM_20460_AND_Phascolarctobacterium_succinatutens_YIT_12067,1114,0.0334194671564209,0.0292193126579989,0.00420015449842192,545,0.0292193126693291,0.0292193126693291,0,1092,0.0495791872987104,0.0453790328000592,0.00420015449865118,493,0.0453790327922178,0.0453790327922178,0,1068,0.019825285700912,0.0156251312024289,0.0042001544984831,516,0.015625131194351,0.015625131194351,0,1066,0.0139033097082227,0.00970315520973962,0.00420015449848304,882,0.0107235984050757,0.00970315520973997,0.00102044319533578,1206,6.7700278112117,6.72802626622618,0.0420015449855186,895,6.72824368113251,6.72802626621442,0.000217414918087381,1044,80.8816409363588,67.5782721028516,13.3033688335072,891,63.1961156192102,50.5881815332345,12.6079340859757
Megasphaera_elsdenii_DSM_20460_AND_Prevotella_ruminicola_23,872,0.185783282412536,0,0.185783282412536,520,0.0318317653005746,0,0.0318317653005746,849,0.145252274036523,0,0.145252274036523,548,0.0453790327922178,0.0453790327922178,0,819,0.0596911214264911,0,0.0596911214264911,1012,0.0322013948838202,0.015625131194351,0.0165762636894692,1216,0.115659624961341,0.00471123342706825,0.110948391534273,1011,0.0320613040591126,0.00970315520973997,0.0223581488493726,1384,13.4560525324291,6.72802626621454,6.72802626621454,511,6.72802626621442,6.72802626621442,0,1207,140.403514975331,62.2848549038015,78.1186600715297,1027,108.86616855702,49.2621793218277,59.6039892351925
Megasphaera_elsdenii_DSM_20460_AND_Pseudoflavonifractor_capillosus_strain_ATCC_29799,738,0.0292193126763562,0.0292193126763562,0,544,0.0292193126693291,0.0292193126693291,0,718,0.0453790328000592,0.0453790328000592,0,493,0.0453790327922178,0.0453790327922178,0,747,0.0156251312024289,0.0156251312024289,0,516,0.0156251311943505,0.0156251311943505,0,725,0.0097031552097398,0.0097031552097398,0,514,0.00970315520973997,0.00970315520973997,0,864,6.72802626621394,6.72802626621394,0,511,6.72802626621442,6.72802626621442,0,908,99.4206570282844,60.5193058754351,38.9013511528493,795,78.2032173880062,58.7525418115815,19.4506755764247
Megasphaera_elsdenii_DSM_20460_AND_Roseburia_intestinalis_L1_82,1054,0.0912983881863928,0.0292193126763563,0.0620790755100365,803,0.0531445412663706,0.00875309760817363,0.0443914436581969,1027,0.0849797052574463,0.0453790328000609,0.0396006724573854,756,0.0566059468571351,0.011206928825048,0.0453990180320872,995,0.0330977076780619,0.0156251312024289,0.0174725764756331,512,0.0156251311943505,0.0156251311943505,0,1002,0.0517158845597323,0.00970315520973962,0.0420127293499927,514,0.00970315520973997,0.00970315520973997,0,1131,9.39575148623338,6.72802626618946,2.66772522004392,511,6.72802626621442,6.72802626621442,0,925,125.194505786752,61.4318039554691,63.7627018312826,799,73.2607976355343,59.4923404599206,13.7684571756137
Megasphaera_elsdenii_DSM_20460_AND_Roseburia_inulinivorans_DSM_16841,997,0.0389974154460953,0.0292193126693312,0.00977810277676411,812,0.0313953369229745,0.0292193126693291,0.00217602425364546,979,0.0551571355679147,0.0453790327922178,0.00977810277569694,759,0.0463353324778001,0.0453790327922178,0.000956299685582321,964,0.0254032339711152,0.0156251311943511,0.00977810277676411,787,0.0254032339701896,0.0156251311943505,0.00977810277583911,981,0.0194812579857037,0.00970315520973992,0.00977810277596373,786,0.0194812579855791,0.00970315520973997,0.00977810277583908,1113,6.82580729397311,6.7280262662149,0.0977810277582105,799,6.75685695616558,6.72802626621442,0.0288306899511622,959,127.991324732144,62.9480554045983,65.0432693275453,811,102.262983864263,53.044185046928,49.218798817335
Megasphaera_elsdenii_DSM_20460_AND_Ruminococcus_bromii_L2_63,990,0.0912983881821519,0.0292193126693291,0.0620790755128228,823,0.0620295384593759,0.029219312669327,0.0328102257900489,988,0.0849797052527121,0.0453790327922161,0.0396006724604959,776,0.0705074846507295,0.0453790327922178,0.0251284518585117,955,0.0330977076780619,0.0156251312024289,0.0174725764756331,804,0.033097707673187,0.015625131194351,0.017472576478836,977,0.0517158845597327,0.00970315520974031,0.0420127293499924,808,0.0192417173802061,0.00970315520973997,0.00953856217046612,1092,9.39575148623396,6.72802626619042,2.66772522004354,811,6.73280318699477,6.72802626621442,0.00477692078035593,930,92.9445038093362,61.4318039554689,31.5126998538673,811,72.4392680967135,58.0800622841314,14.3592058125821
Megasphaera_elsdenii_DSM_20460_AND_Ruminococcus_callidus_ATCC_2776001,1159,0.072748051704875,0.0292193126396416,0.0435287390652334,944,0.0319616408044042,0.020755887138179,0.0112057536662252,1132,0.0843298107199712,0.0453790327922161,0.0389507779277551,901,0.0465405926835873,0.0453790327922178,0.0011615598913695,1098,0.0328109617412164,0.0156251312024295,0.017185830538787,921,0.0323957677874146,0.015625131194351,0.0167706365930635,1089,0.0510264052783755,0.00970315520645983,0.0413232500719157,927,0.0132493634947696,0.00970315520973962,0.00354620828502997,1208,7.16331365687353,6.72802626620782,0.435287390665714,932,6.76190471462376,6.72802626621442,0.0338784484093433,1058,96.5319080684028,60.5193058754354,36.0126021929675,949,65.1717454622095,52.601403002486,12.5703424597235
Megasphaera_elsdenii_DSM_20460_AND_Ruminococcus_torques_ATCC_27756,1003,0.0912983881821519,0.0292193126693291,0.0620790755128228,807,0.0610743229518897,0.029219312669327,0.0318550102825627,988,0.0849797052527131,0.0453790327922178,0.0396006724604953,763,0.0697759112977148,0.0453790327922161,0.0243968785054987,968,0.0330977076780623,0.0156251312024295,0.0174725764756328,516,0.0156251311943505,0.0156251311943505,0,989,0.051715884557753,0.00970315520645983,0.0420127293512932,514,0.00970315520973997,0.00970315520973997,0,1089,9.39575148624504,6.72802626620878,2.66772522003626,537,6.72802626621442,6.72802626621442,0,924,106.999292587848,61.4318039554688,45.5674886323787,813,77.5518134516949,56.7000099133103,20.8518035383846
Megasphaera_elsdenii_DSM_20460_AND_Shigella_flexneri_2002017,1008,0.185783282412536,0,0.185783282412536,1039,0.185783282412536,0.0292193126693297,0.156563969743206,1415,0.129621012962226,0.0453790328000609,0.0842419801621655,993,0.0875000228752613,0.0453790327922178,0.0421209900830435,1423,0.0596911214264911,0.0156251312024295,0.0440659902240617,1010,0.0596911214264912,0.015625131194351,0.0440659902321401,1389,0.0626813900839003,0.00970315520645983,0.0529782348774405,1017,0.0626813900855404,0.00970315520973997,0.0529782348758004,1504,10.0920393993216,6.72802626621413,3.36401313310748,511,6.72802626621442,6.72802626621442,0,1374,174.600268716263,61.4318039554689,113.168464760794,1061,95.9553021394012,46.0446750197935,49.9106271196076
Megasphaera_elsdenii_DSM_20460_AND_Streptococcus_salivarius_JIM8777,824,0.0292193126763547,0.0292193126763547,0,552,0.0292193126693291,0.0292193126693291,0,802,0.0453790328000601,0.0453790328000601,0,493,0.0453790327922161,0.0453790327922161,0,817,0.0156251312024289,0.0156251312024289,0,516,0.0156251311943505,0.0156251311943505,0,786,0.0097031552064597,0.0097031552064597,0,514,0.00970315520973962,0.00970315520973962,0,900,6.72802626618994,6.72802626618994,0,511,6.72802626621442,6.72802626621442,0,1096,105.334387387659,60.5193058754351,44.8150815122235,945,84.2291093699368,59.7524152698055,24.4766941001313
Megasphaera_elsdenii_DSM_20460_AND_Subdoligranulum_variabile_DSM_15176,805,0.0292193126763562,0.0292193126763562,0,545,0.0292193126693291,0.0292193126693291,0,776,0.0453790327982474,0.0453790327982474,0,493,0.0453790327922178,0.0453790327922178,0,768,0.0156251312024289,0.0156251312024289,0,516,0.0156251311943505,0.0156251311943505,0,794,0.00970315520973962,0.00970315520973962,0,514,0.00970315520973962,0.00970315520973962,0,970,6.72802626626385,6.72802626626385,0,511,6.72802626621442,6.72802626621442,0,926,114.972466223882,61.431803955469,53.5406622684135,799,97.4199614264069,51.7573582195934,45.6626032068135
Megasphaera_elsdenii_DSM_20460_AND_Veillonella_atypica_ACS_049_V_Sch6,899,0.0292193126693291,0.0292193126693291,0,545,0.0292193126693291,0.0292193126693291,0,869,0.0453790327922178,0.0453790327922178,0,493,0.0453790327922161,0.0453790327922161,0,825,0.015625131194351,0.015625131194351,0,516,0.015625131194351,0.015625131194351,0,857,0.00970315520645983,0.00970315520645983,0,514,0.00970315520973997,0.00970315520973997,0,966,6.72802626620842,6.72802626620842,0,511,6.72802626621442,6.72802626621442,0,1246,120.164677036767,62.1473314052884,58.017345631479,1058,79.8422408381384,59.1217588363337,20.7204820018047
Parabacteroides_distasonis_ATCC_8503_AND_Parabacteroides_johnsonii_DSM_18315,843,0.0636635306011493,0.0636635306011493,0,917,0.0493011015078929,0.0349337551164785,0.0143673463914144,854,0.0636635306011493,0.0636635306011493,0,900,0.0526409763874101,0.0416146483562214,0.0110263280311888,842,0.0596911214264911,0.0596911214264911,0,535,0.0318317653005746,0.0318317653005746,0,861,0.0636635306011493,0.0636635306011493,0,916,0.0496371992005982,0.0356060655724356,0.0140311336281625,840,0.0218960201793722,0.0218960201793722,0,952,0.0211593779908685,0.0167888282863063,0.00437054970456222,1134,92.246757913583,59.5540412174553,32.6927166961278,971,64.0117882479423,35.8808666200188,28.1309216279234
Parabacteroides_distasonis_ATCC_8503_AND_Phascolarctobacterium_succinatutens_YIT_12067,847,0.185783282412536,0.185783282412536,0,551,0.0318317653005746,0.0318317653005746,0,840,0.145252274036523,0.145252274036523,0,550,0.0318317653005746,0.0318317653005746,0,836,0.0596911214264911,0.0596911214264911,0,535,0.0318317653005746,0.0318317653005746,0,832,0.115659624961341,0.115659624961341,0,541,0.0318317653005746,0.0318317653005746,0,804,0.0218960201793722,0.0218960201793722,0,880,0.021888804681606,0.0218459946279292,4.2810053676797e-05,1098,82.2673900253904,66.205019936568,16.0623700888223,948,61.6024874265062,49.3865573198648,12.2159301066414
Parabacteroides_distasonis_ATCC_8503_AND_Prevotella_ruminicola_23,890,0.0318317653005746,0,0.0318317653005746,518,0.0318317653005746,0,0.0318317653005746,894,0.0318317653005746,0,0.0318317653005746,527,0.0318317653005746,0,0.0318317653005746,892,0.0318317653005746,0,0.0318317653005746,1033,0.0318317653005746,0.0239319875687209,0.00789977773185372,903,0.0318317653005746,0,0.0318317653005746,532,0.0318317653005746,0,0.0318317653005746,1293,0.0218960201793722,0.00278193508652361,0.0191140850928486,1037,0.0204766880833014,0.00136260299045286,0.0191140850928486,1229,124.600939217752,49.7573681080847,74.8435711096678,1083,82.8392753366598,29.3325145225963,53.5067608140635
Parabacteroides_distasonis_ATCC_8503_AND_Pseudoflavonifractor_capillosus_strain_ATCC_29799,1024,0.0434174955362307,0.0318317653005746,0.011585730235656,551,0.0318317653005746,0.0318317653005746,0,1041,0.0498249754147173,0.0318317653005746,0.0179932101141427,541,0.0318317653005746,0.0318317653005746,0,1017,0.038027275681439,0.0318317653005746,0.00619551038086434,535,0.0318317653005746,0.0318317653005746,0,1021,0.0356791569192597,0.0318317653005746,0.00384739161868507,541,0.0318317653005746,0.0318317653005746,0,798,0.0218960201793722,0.0218960201793722,0,612,0.0218960201793722,0.0218960201793722,0,1007,105.312761461994,68.0694139820028,37.2433474799913,853,71.5879173859899,52.1372418095652,19.4506755764247
Parabacteroides_distasonis_ATCC_8503_AND_Roseburia_intestinalis_L1_82,1047,0.081618104350169,0.0318317653005746,0.0497863390495943,816,0.0533830081867539,0.00937485574193069,0.0440081524448232,1055,0.0768040557839491,0.0318317653005746,0.0449722904833745,817,0.0644435642653676,0.0318317653005746,0.032611798964793,1037,0.042878260068918,0.0318317653005746,0.0110464947683433,815,0.0380272756782358,0.0318317653005746,0.00619551037766119,1047,0.0557103041915954,0.0318317653005746,0.0238785388910208,824,0.0356791569192597,0.0318317653005746,0.00384739161868507,1053,0.0500478646522478,0.0218960201793722,0.0281518444728756,828,0.0284871185937472,0.000873904826393536,0.0276132137673537,990,127.024555660102,62.16668660577,64.8578690543317,859,55.5919543720874,48.3839375011727,7.20801687091465
Parabacteroides_distasonis_ATCC_8503_AND_Roseburia_inulinivorans_DSM_16841,1011,0.0416098680761471,0.0318317653005746,0.00977810277557245,551,0.0318317653005744,0.0318317653005744,0,1046,0.0416098680760443,0.0318317653005746,0.00977810277546968,550,0.0318317653005746,0.0318317653005746,0,1046,0.0416098680775801,0.0318317653005746,0.00977810277700547,535,0.0318317653005746,0.0318317653005746,0,1040,0.0416098680765385,0.0318317653005746,0.00977810277596389,546,0.0318317653005746,0.0318317653005746,0,1054,0.0507267101306908,0.0218960201793722,0.0288306899513187,847,0.0350222106999782,0.0167888282863063,0.0182333824136719,1000,126.238188586006,61.9085317905495,64.3296567954565,872,103.501853775385,49.3865573198648,54.1152964555204
Parabacteroides_distasonis_ATCC_8503_AND_Ruminococcus_bromii_L2_63,1058,0.0832364643898,0.0318317653005746,0.0514046990892253,827,0.0628242990000014,0.0318317653005746,0.0309925336994268,1055,0.0768040557839491,0.0318317653005746,0.0449722904833745,831,0.06550364687572,0.0318317653005746,0.0336718815751454,1057,0.042878260068918,0.0318317653005746,0.0110464947683433,819,0.042878260068918,0.0318317653005746,0.0110464947683433,1039,0.0564865025195377,0.0318317653005746,0.0246547372189631,839,0.0360639352722586,0.0318317653005746,0.00423216997168402,1047,0.050962971506832,0.0218960201793722,0.0290669513274598,860,0.0229612005250785,0.0167888282863063,0.00617237223877214,1032,93.4082758257619,67.7051193414203,25.7031564843416,872,62.9542062182092,46.2423422876893,16.7118639305199
Parabacteroides_distasonis_ATCC_8503_AND_Ruminococcus_callidus_ATCC_2776001,742,0.185783282412536,0.185783282412536,0,958,0.0319801249507855,0.019179545586323,0.0128005793644625,764,0.145252274036523,0.145252274036523,0,957,0.0319801249507855,0.019179545586323,0.0128005793644625,739,0.0596911214264911,0.0596911214264911,0,943,0.0320366877901279,0.0143558251879229,0.0176808626022049,778,0.115659624961341,0.115659624961341,0,959,0.0319524868986281,0.0215365389323713,0.0104159479662568,1146,0.0557744685883978,0.0218960201793722,0.0338784484090256,986,0.0382145626851635,0.0167888282863063,0.0214257343988572,1154,102.112601268704,68.0460308305014,34.0665704382029,1017,73.1209316466073,51.0807353172153,22.040196329392
Parabacteroides_distasonis_ATCC_8503_AND_Ruminococcus_torques_ATCC_27756,822,0.185783282412536,0.185783282412536,0,814,0.061922002594136,0.0318317653005746,0.0300902372935614,834,0.145252274036523,0.145252274036523,0,817,0.0645233456838673,0.0318317653005746,0.0326915803832927,818,0.0596911214264911,0.0596911214264911,0,535,0.0318317653005746,0.0318317653005746,0,827,0.115659624961341,0.115659624961341,0,541,0.0318317653005746,0.0318317653005746,0,798,0.0218960201793722,0.0218960201793722,0,602,0.0218960201793722,0.0218960201793722,0,1021,108.447516037311,67.9254800275748,40.5220360097364,874,83.3596905649738,48.9757825633488,34.3839080016251
Parabacteroides_distasonis_ATCC_8503_AND_Shigella_flexneri_2002017,1473,0.185783282412536,0.0318317653005746,0.153951517111961,521,0.185783282412536,0,0.185783282412536,1473,0.122847379212483,0.0318317653005746,0.0910156139119086,1052,0.0773395722565289,0.0318317653005746,0.0455078069559543,1447,0.0596911214264911,0.0318317653005746,0.0278593561259165,529,0.0596911214264911,0,0.0596911214264911,1466,0.0737456951309577,0.0318317653005746,0.0419139298303831,1054,0.0737456951309577,0.0318317653005746,0.0419139298303831,1534,6.75667485498506,0.0572971775410343,6.69937767744403,1082,6.72802626621454,0.0167888282863063,6.71123743792824,1449,172.42129238828,59.8145371022742,112.606755286006,1121,100.96961575513,30.8291678080688,70.1404479470609
Parabacteroides_distasonis_ATCC_8503_AND_Streptococcus_salivarius_JIM8777,1185,0.043227359806958,0.0318317653005746,0.0113955945063834,941,0.0432273598042182,0.0318317653005746,0.0113955945036436,1186,0.0495296852554074,0.0318317653005746,0.0176979199548328,941,0.0495296852523486,0.0318317653005746,0.017697919951774,1191,0.0379255999250972,0.0318317653005746,0.00609383462452259,919,0.0379255999219466,0.0318317653005746,0.00609383462137198,1207,0.0356160166081755,0.0318317653005746,0.0037842513076009,939,0.0356160166081756,0.0318317653005746,0.00378425130760096,827,0.0218960201793722,0.0218960201793722,0,967,0.020004742216632,0.00589480019664875,0.0141099420199833,1183,113.716645857752,68.9015643455281,44.8150815122235,1012,82.0139628177142,52.1372418095652,29.876721008149
Parabacteroides_distasonis_ATCC_8503_AND_Subdoligranulum_variabile_DSM_15176,1049,0.0434174955362307,0.0318317653005746,0.011585730235656,806,0.0346769745372619,0.0318317653005746,0.00284520923668728,1059,0.0498249754147173,0.0318317653005746,0.0179932101141427,812,0.0346769745372619,0.0318317653005746,0.00284520923668731,1035,0.038027275681439,0.0318317653005746,0.00619551038086434,789,0.0380272756782358,0.0318317653005746,0.00619551037766117,1038,0.0356791569106803,0.0318317653005746,0.00384739161010563,800,0.0356791569192597,0.0318317653005746,0.00384739161868509,1056,0.0788002049135686,0.0218960201793722,0.0569041847341964,830,0.063234866738863,0.0167888282863063,0.0464460384525566,1005,118.246112604514,62.8019406092724,55.4441719952415,855,97.1396682127394,48.0159120878716,49.1237561248679
Parabacteroides_distasonis_ATCC_8503_AND_Veillonella_atypica_ACS_049_V_Sch6,1338,0.0331736868893552,0.0318317653005746,0.00134192158878061,1067,0.0331736868893552,0.0318317653005746,0.00134192158878061,1334,0.0446323446650371,0.0318317653005746,0.0128005793644625,1061,0.0446323446650371,0.0318317653005746,0.0128005793644625,1328,0.037925599921944,0.0318317653005746,0.00609383462136938,535,0.0318317653005746,0.0318317653005746,0,1325,0.0356160166081755,0.0318317653005746,0.0037842513076009,1048,0.0356448559971105,0.0318317653005746,0.00381309069653592,1391,0.124571229699078,0.0218960201793722,0.102675209519706,1067,0.119464037806012,0.0167888282863063,0.102675209519706,1357,116.926925896831,68.9191698352556,48.0077560615752,1129,79.8318782704056,50.2080875638669,29.6237907065387
Parabacteroides_johnsonii_DSM_18315_AND_Phascolarctobacterium_succinatutens_YIT_12067,961,0.0441020872711801,0.0398347463508762,0.00426734092030396,759,0.0323828201819407,0.0310174932354239,0.00136532694651687,970,0.0441020872715808,0.0398347463514558,0.00426734092012494,754,0.0323929874717491,0.0310022178833834,0.00139076958836571,935,0.0236680868564973,0.019400745936342,0.00426734092015523,381,0.0236680868564973,0.0236680868564973,0,970,0.0440954754512091,0.039834746351456,0.00426072909975315,764,0.032246968628396,0.0312215968210159,0.00102537180738004,621,0.0187378204167291,0.0187378204167291,0,411,0.0187378204167291,0.0187378204167291,0,941,72.4637371360943,55.2485522420752,17.2151848940191,790,46.8973521806129,36.8323681613834,10.0649840192295
Parabacteroides_johnsonii_DSM_18315_AND_Prevotella_ruminicola_23,794,0.0636635306011493,0,0.0636635306011493,888,0.0477620514011265,0.0159069234263351,0.0318551279747914,844,0.0636635306011493,0,0.0636635306011493,887,0.0480120305108059,0.0156568587307282,0.0323551717800776,789,0.0596911214264911,0,0.0596911214264911,532,0.0318317653005746,0,0.0318317653005746,1114,0.051204841981451,0.0124629541301981,0.0387418878512529,902,0.0480120305108059,0.0156568587307283,0.0323551717800776,1169,0.0214947643046528,0.00238067921180423,0.0191140850928486,893,0.0214947643046528,0.00238067921180423,0.0191140850928486,1112,114.315179553934,36.8641788543789,77.451000699555,926,85.5073312936329,31.5292230832051,53.9781082104277
Parabacteroides_johnsonii_DSM_18315_AND_Pseudoflavonifractor_capillosus_strain_ATCC_29799,876,0.043422943758845,0.0318372135259744,0.0115857302328705,656,0.0341014250135095,0.028435458660284,0.00566596635322551,881,0.0498304236368046,0.0318372135257717,0.0179932101110329,653,0.0341014250135096,0.0284354586602841,0.00566596635322551,849,0.0236680868564973,0.0174725764756329,0.00619551038086437,381,0.0236680868564973,0.0236680868564973,0,868,0.0356846051442541,0.031837213525569,0.00384739161868509,659,0.0333746932348641,0.029527301616179,0.00384739161868508,837,0.0187378204167291,0.0143231221924702,0.00441469822425895,306,0.0187378204167291,0,0.0187378204167291,849,90.9517245846185,52.0737333046797,38.8779912799387,680,36.8919355382675,36.586493417261,0.305442121006496
Parabacteroides_johnsonii_DSM_18315_AND_Roseburia_intestinalis_L1_82,841,0.0736648057456932,0.0238784666960234,0.0497863390496698,656,0.0534596724872019,0.0247515921071763,0.0287080803800256,864,0.0575938825715284,0.00528757167321842,0.05230631089831,650,0.0570312069982323,0.031837213525569,0.0251939934726633,498,0.0236680868564973,0,0.0236680868564973,381,0.0236680868564973,0.0236680868564973,0,899,0.0458601209686777,0.0219815820775526,0.0238785388911251,671,0.0356846051442541,0.031837213525569,0.00384739161868507,838,0.0468896648780743,0.0187378204167291,0.0281518444613452,684,0.0309326862862603,0.0187378204167291,0.0121948658695312,853,120.886026431494,55.2485522420752,65.6374741894188,696,44.6411257531504,36.8323681613834,7.80875759176703
Parabacteroides_johnsonii_DSM_18315_AND_Roseburia_inulinivorans_DSM_16841,864,0.0416153163018906,0.031837213525569,0.00977810277632164,659,0.0357447010140382,0.0259665982382,0.00977810277583823,880,0.0416153163017265,0.0318372135256208,0.00977810277610571,653,0.035744701014038,0.0259665982382004,0.00977810277583757,860,0.0236680868564973,0.0138899840800598,0.00977810277643748,381,0.0236680868564973,0.0236680868564973,0,884,0.0416153163014624,0.0318372135255689,0.00977810277589344,663,0.0357447010140386,0.0259665982381995,0.00977810277583909,861,0.0475685103678135,0.0187378204167291,0.0288306899510844,694,0.031226749773342,0.0187378204167291,0.0124889293566128,873,120.491987629465,55.2485522420753,65.2434353873902,705,85.6441789487647,36.8323681613835,48.8118107873812
Parabacteroides_johnsonii_DSM_18315_AND_Ruminococcus_bromii_L2_63,878,0.0736648057456932,0.0222601066560328,0.0514046990896603,665,0.0552482793107503,0.031837213525569,0.0234110657851813,845,0.0575938825715284,0.00358729716007339,0.054006585411455,664,0.0575938825715284,0.0297143650122469,0.0278795175592815,638,0.0236680868564973,0.0236680868564973,0,390,0.0236680868564973,0.0236680868564973,0,906,0.0458601209686777,0.029420002307015,0.0164401186616627,686,0.0413757756960351,0.031837213525569,0.00953856217046612,880,0.0478047717441832,0.0187378204167291,0.0290669513274541,705,0.0235147411970851,0.0187378204167291,0.00477692078035595,868,81.1907062145701,52.514356627066,28.676349587504,704,47.1624348401326,34.8161617243965,12.3462731157361
Parabacteroides_johnsonii_DSM_18315_AND_Ruminococcus_callidus_ATCC_2776001,991,0.0731096138947329,0.0398347463514558,0.0332748675432771,806,0.0371044894380638,0.0266888930966384,0.0104155963414254,990,0.0573024338455721,0.0398347463514558,0.0174676874941163,799,0.0371044894380636,0.0266888930966382,0.0104155963414254,569,0.0236680868564973,0.0236680868564973,0,381,0.0236680868564973,0.0236680868564973,0,985,0.0457612373442808,0.0398347463514553,0.00592649099282548,815,0.0371044894380638,0.0266888930966384,0.0104155963414254,990,0.0526162688259701,0.0187378204167291,0.0338784484092409,444,0.0338784484093442,0,0.0338784484093442,1010,89.6111593132721,55.2485522420752,34.3626070711969,842,38.9930963902926,36.5864934172609,2.40660297303162
Parabacteroides_johnsonii_DSM_18315_AND_Ruminococcus_torques_ATCC_27756,859,0.0736648057456932,0.0237566695277089,0.0499081362179843,659,0.0545667048154111,0.031837213525569,0.0227294912898421,831,0.0575938825715284,0.00515960965254064,0.0524342729189878,655,0.0570928415170484,0.0318372135255688,0.0252556279914796,568,0.0236680868564973,0,0.0236680868564973,381,0.0236680868564973,0.0236680868564973,0,871,0.0458601209686777,0.0219231656833196,0.0239369552853581,677,0.0333746932348641,0.029527301616179,0.00384739161868509,630,0.0187378204167291,0.0187378204167291,0,411,0.0187378204167291,0.0187378204167291,0,870,96.177203560127,53.1694820788743,43.0077214812527,702,46.4579659153614,14.8331992582377,31.6247666571237
Parabacteroides_johnsonii_DSM_18315_AND_Shigella_flexneri_2002017,989,0.185783282412536,0,0.185783282412536,521,0.185783282412536,0,0.185783282412536,973,0.106931496562196,0,0.106931496562196,894,0.0652295292774744,0.031837213525569,0.0333923157519055,1017,0.0596911214264911,0,0.0596911214264911,529,0.0596911214264911,0,0.0596911214264911,970,0.0578298124806704,0,0.0578298124806704,533,0.0578298124806704,0,0.0578298124806704,1044,6.72802626621454,0,6.72802626621454,554,6.72802626621454,0,6.72802626621454,1254,158.365818789646,45.75906350364,112.606755286006,954,70.5702013703916,1.04663978665888,69.5235615837327
Parabacteroides_johnsonii_DSM_18315_AND_Streptococcus_salivarius_JIM8777,1026,0.0432328080291836,0.03183721352554,0.0113955945036436,783,0.0432328080292126,0.031837213525569,0.0113955945036436,1028,0.049535133477314,0.03183721352554,0.017697919951774,779,0.049535133477343,0.031837213525569,0.017697919951774,633,0.0236680868564973,0.0236680868564973,0,389,0.0236680868564973,0.0236680868564973,0,1018,0.0356214648318907,0.031837213525569,0.0037842513063217,792,0.03562146483317,0.031837213525569,0.00378425130760096,658,0.0193080012357121,0,0.0193080012357121,817,0.0192598234370302,0.00158326430795008,0.0176765591290802,1023,100.063633754299,55.2485522420752,44.8150815122235,851,66.7090891695324,36.8323681613835,29.876721008149
Parabacteroides_johnsonii_DSM_18315_AND_Subdoligranulum_variabile_DSM_15176,872,0.0434229437539462,0.031837213525569,0.0115857302283772,647,0.0346824227622561,0.031837213525569,0.00284520923668716,870,0.0498304236397117,0.031837213525569,0.0179932101141427,642,0.0346824227622562,0.0318372135255689,0.00284520923668723,889,0.0236680868564973,0.0174725764775198,0.00619551037897744,381,0.0236680868564973,0.0236680868564973,0,873,0.0356846051429245,0.0318372135255401,0.00384739161738448,645,0.0356846051442541,0.031837213525569,0.00384739161868509,875,0.0756420051506199,0.0187378204167291,0.0569041847338908,674,0.0595148405678348,0.0187378204167291,0.0407770201511057,852,110.67898951804,55.2485522420752,55.4304372759651,691,79.1252489703832,36.586493417261,42.5387555531222
Parabacteroides_johnsonii_DSM_18315_AND_Veillonella_atypica_ACS_049_V_Sch6,784,0.0736648057456932,0.0736648057456932,0,387,0.031837213525569,0.031837213525569,0,742,0.0575938825715284,0.0575938825715284,0,899,0.0417927436973075,0.031837213525569,0.00995553017173846,721,0.0236680868564973,0.0236680868564973,0,381,0.0236680868564973,0.0236680868564973,0,749,0.0458601209686777,0.0458601209686777,0,899,0.0356503042221049,0.031837213525569,0.00381309069653592,1173,0.121413029936435,0.0187378204167291,0.102675209519706,912,0.110783690447551,0.00810848092784488,0.102675209519706,1202,103.266765934868,55.2485522420752,48.0182136927924,959,58.0983989762278,36.586493417261,21.5119055589668
Phascolarctobacterium_succinatutens_YIT_12067_AND_Prevotella_ruminicola_23,795,0.0807761635988372,0,0.0807761635988372,522,0.0318317653005746,0,0.0318317653005746,780,0.0848647080123607,0,0.0848647080123607,527,0.0318317653005746,0,0.0318317653005746,771,0.0596911214264911,0,0.0596911214264911,532,0.0318317653005746,0,0.0318317653005746,725,0.0387418878507785,0,0.0387418878507785,532,0.0318317653005746,0,0.0318317653005746,1082,0.0203558463785661,0.00913795904597976,0.0112178873325864,880,0.0191436297019741,0.00021741491808739,0.0189262147838867,1017,94.9919487841433,16.8732887126137,78.1186600715297,893,60.7733426191104,0.391215079754129,60.3821275393563
Phascolarctobacterium_succinatutens_YIT_12067_AND_Pseudoflavonifractor_capillosus_strain_ATCC_29799,766,0.0132060977960332,0.00162036756316268,0.0115857302328706,649,0.00673361058309502,0.00106764422986962,0.0056659663532254,766,0.01818682834332,0.000193618229177322,0.0179932101141427,650,0.00675905322494382,0.00109308687171847,0.00566596635322535,774,0.00901611465251527,0.00282060427485408,0.00619551037766119,290,0.0056659663532255,0,0.0056659663532255,766,0.0071908499531527,0.00334345833576822,0.00384739161738448,651,0.00474264396844486,0.000895252349759777,0.00384739161868509,483,0.0187378204167291,0,0.0187378204167291,306,0.0187378204167291,0,0.0187378204167291,752,54.927476936475,17.6828239121619,37.2446530243131,649,31.173281734208,11.7226061577833,19.4506755764247
Phascolarctobacterium_succinatutens_YIT_12067_AND_Roseburia_intestinalis_L1_82,808,0.0502682897361479,0.00426734092042042,0.0460009488157275,650,0.0499405381800785,0.00136532694651687,0.0485752112335616,785,0.0527882615855833,0.00426734092013984,0.0485209206654434,653,0.0524633835045569,0.00139076958836571,0.0510726139161912,501,0.0236680868564973,0,0.0236680868564973,661,0.00619551037766119,0.0024555977332342,0.00373991264442699,807,0.0243597428421012,0.00426072909979862,0.0200990137423026,663,0.00481799824406928,0.000970606625384183,0.0038473916186851,785,0.0302680816271009,0.0187378204167291,0.0115302612103718,664,0.0281763991711368,0.000217414918087381,0.0279589842530495,769,73.3754144635826,12.7902239320312,60.5851905315515,659,27.0521748081232,13.2837176325095,13.7684571756137
Phascolarctobacterium_succinatutens_YIT_12067_AND_Roseburia_inulinivorans_DSM_16841,475,0.00977810277623036,0,0.00977810277623036,288,0.00977810277583883,0,0.00977810277583883,475,0.00977810277569677,0,0.00977810277569677,288,0.00977810277583883,0,0.00977810277583883,425,0.0097781027762302,0,0.0097781027762302,293,0.00977810277583883,0,0.00977810277583883,429,0.00977810277623047,0,0.00977810277623047,288,0.00977810277583911,0,0.00977810277583911,808,0.0305461190319414,0.0187378204167291,0.0118082986152122,679,0.0288957108651342,0.000710230592113599,0.0281854802730206,779,76.1406215248392,16.0623700888223,60.0782514360169,672,58.4977697191848,6.00500208703523,52.4927676321496
Phascolarctobacterium_succinatutens_YIT_12067_AND_Ruminococcus_bromii_L2_63,797,0.0517636014767917,0.00426734092000911,0.0474962605567826,669,0.0515195291697648,0.00136532694651687,0.0501542022232479,783,0.0543654877990859,0.0042673409200091,0.0500981468790768,673,0.0541235553318235,0.00139076958836571,0.0527327857434578,784,0.0236680868564973,0.0042673409199547,0.0194007459365426,674,0.0236680868564973,0.00250181114674393,0.0211662757097533,787,0.025013083523215,0.00426072909981921,0.0207523544233958,681,0.0101685921303074,0.000630029959841257,0.00953856217046612,802,0.0306428855302952,0.0187378204167291,0.011905065113566,312,0.00477692078035594,0,0.00477692078035594,786,41.2916948627945,16.5338668055417,24.7578280572528,674,27.4974692342102,10.7856053036904,16.7118639305199
Phascolarctobacterium_succinatutens_YIT_12067_AND_Ruminococcus_callidus_ATCC_2776001,633,0.0435287390658191,0,0.0435287390658191,803,0.0141659063109794,0.00136532694651687,0.0128005793644625,590,0.043528739065752,0,0.043528739065752,802,0.0141913489528282,0.00139076958836571,0.0128005793644625,930,0.023315719963079,0.00219696311380502,0.021118756849274,798,0.0232924379377523,0.000778296218278751,0.0225141417194735,668,0.0287358737251416,0,0.0287358737251416,810,0.0114413197736367,0.00102537180738005,0.0104159479662567,639,0.0338784484095899,0,0.0338784484095899,444,0.0338784484093429,0,0.0338784484093429,904,51.6207182105157,15.7942901104645,35.8264281000511,822,28.5076652118733,8.72325949738223,19.7844057144911
Phascolarctobacterium_succinatutens_YIT_12067_AND_Ruminococcus_torques_ATCC_27756,815,0.0503808263347813,0.00426734092007107,0.0461134854147103,653,0.0500593724480182,0.00136532694651687,0.0486940455015013,803,0.0529069630362297,0.00426734092012541,0.0486396221161043,655,0.0525883274118009,0.00139076958836571,0.0511975578234352,458,0.0236680868564973,0,0.0236680868564973,312,0.00619551037766116,0,0.00619551037766116,803,0.0244089130161551,0.00426072910002788,0.0201481839161273,668,0.00480560534580876,0.000958213727123681,0.00384739161868508,482,0.0187378204167291,0,0.0187378204167291,321,0.0187378204167291,0,0.0187378204167291,769,56.7723768826787,12.7902239320312,43.9821529506475,672,45.9492705900522,7.05198665163812,38.8972839384141
Phascolarctobacterium_succinatutens_YIT_12067_AND_Shigella_flexneri_2002017,925,0.185783282412536,0,0.185783282412536,521,0.185783282412536,0,0.185783282412536,903,0.106931496562196,0,0.106931496562196,904,0.0539776553148313,0.00138541286540685,0.0525922424494244,900,0.0596911214264911,0,0.0596911214264911,524,0.0596911214264911,0,0.0596911214264911,902,0.0578298124806704,0,0.0578298124806704,533,0.0578298124806704,0,0.0578298124806704,1000,6.72802626621454,0,6.72802626621454,533,6.72802626621454,0,6.72802626621454,1201,129.235989617851,16.0675248570567,113.168464760794,935,73.2543534533438,5.17025205491324,68.0841013984306
Phascolarctobacterium_succinatutens_YIT_12067_AND_Streptococcus_salivarius_JIM8777,970,0.0155957490025393,0.00420015449889565,0.0113955945036436,783,0.0114180011564304,0.00136532694651687,0.0100526742099135,954,0.021898074449269,0.00420015449749525,0.0176979199517738,786,0.0177206465981125,0.00138482543310491,0.0163358211650076,959,0.0102939891199487,0.0042001544985758,0.00609383462137288,778,0.00613522063945531,0.00252181556236464,0.00361340507709067,938,0.00798440580602287,0.00420015449842191,0.00378425130760096,790,0.00480820342984995,0.001023952122249,0.00378425130760096,658,0.0193080012357121,0,0.0193080012357121,798,0.0177202330279751,0.000217414918087396,0.0175028181098877,954,62.4979054243853,17.6828239121618,44.8150815122235,816,43.1604386406584,13.2837176325095,29.876721008149
Phascolarctobacterium_succinatutens_YIT_12067_AND_Subdoligranulum_variabile_DSM_15176,793,0.0157858847312131,0.00420015449834253,0.0115857302328706,643,0.0042105361832041,0.00136532694651687,0.00284520923668724,809,0.0221933646045473,0.0042001544976834,0.0179932101068639,649,0.00423597882505291,0.00139076958836571,0.00284520923668719,803,0.010395664873629,0.00420015449853658,0.00619551037509244,277,0.00619551037766117,0,0.00619551037766117,786,0.00804754611603566,0.00420015449865118,0.00384739161738448,640,0.00487276342606513,0.00102537180738005,0.00384739161868509,830,0.0588431477007776,0.0187378204167291,0.0401053272840485,660,0.0569266825197781,0.000217414918087381,0.0567092676016907,766,69.3744485625804,16.0623700888224,53.312078473758,297,54.7332364309463,0,54.7332364309463
Phascolarctobacterium_succinatutens_YIT_12067_AND_Veillonella_atypica_ACS_049_V_Sch6,1089,0.00560926250913889,0.00426734092035828,0.00134192158878061,901,0.00270724853529748,0.00136532694651687,0.00134192158878061,1093,0.0170679202850537,0.0042673409205912,0.0128005793644625,896,0.0141913489528282,0.00139076958836572,0.0128005793644625,1108,0.0102939891229445,0.00420015449842192,0.00609383462452261,392,0.00198010037928786,0.00198010037928786,0,1097,0.00798440580390636,0.00420015449836857,0.00378425130553779,891,0.00483703199951095,0.00102394130297503,0.00381309069653592,1114,0.114281720515995,0.0116065109962892,0.102675209519706,897,0.102892624437793,0.00021741491808738,0.102675209519706,1094,76.5591101174328,17.6828239121618,58.876286205271,930,45.4557852719044,11.5959207551797,33.8598645167247
Prevotella_ruminicola_23_AND_Pseudoflavonifractor_capillosus_strain_ATCC_29799,940,0.0434174955289518,0.0318317653005746,0.0115857302283772,522,0.0318317653005746,0.0318317653005746,0,975,0.0498249754147173,0.0318317653005746,0.0179932101141427,527,0.0318317653005746,0.0318317653005746,0,947,0.038027275681439,0.0318317653005746,0.00619551038086434,532,0.0318317653005746,0.0318317653005746,0,957,0.0356791569179591,0.0318317653005746,0.00384739161738448,528,0.0318317653005746,0.0318317653005746,0,741,0.0218960201793722,0.0218960201793722,0,778,0.0203558463785661,0.0112178873325864,0.00913795904597976,923,102.608708476734,65.9030107114503,36.7056977652835,795,76.2936010552946,57.0353734908524,19.2582275644421
Prevotella_ruminicola_23_AND_Roseburia_intestinalis_L1_82,1000,0.0619986152692596,0.0318317653005746,0.0301668499686849,782,0.0533830081867513,0.0093748557419241,0.0440081524448272,965,0.0645185871180855,0.0318317653005746,0.0326868218175109,785,0.0645185871177535,0.0318317653005746,0.0326868218171788,971,0.042878260068918,0.0318317653005746,0.0110464947683433,801,0.0380272756782358,0.0318317653005746,0.00619551037766119,955,0.0360908151077885,0.0318317653005746,0.00425904980721387,801,0.0356791569192597,0.0318317653005746,0.0038473916186851,968,0.0365522660028941,0.0218960201793722,0.0146562458235219,772,0.0284979433381939,0.000902119937032182,0.0275958234011617,943,140.90793043774,75.9729202806708,64.9350101570691,805,72.3599959267714,60.3821275393562,11.9778683874152
Prevotella_ruminicola_23_AND_Roseburia_inulinivorans_DSM_16841,945,0.0416098680768052,0.0318317653005746,0.00977810277623053,522,0.0318317653005746,0.0318317653005746,0,933,0.0416098680767843,0.0318317653005746,0.00977810277620971,527,0.0318317653005746,0.0318317653005746,0,976,0.0416098680773399,0.0318317653005746,0.00977810277676524,532,0.0318317653005746,0.0318317653005746,0,946,0.0361935166114107,0.0318317653005746,0.0043617513108361,532,0.0318317653005746,0.0318317653005746,0,978,0.0358797378322144,0.0191140850928486,0.0167656527393658,787,0.0345951835511265,0.0156309083234229,0.0189642752277036,931,139.927531728401,75.9675588668388,63.9599728615622,815,97.0200955548261,60.3821275393563,36.6379680154699
Prevotella_ruminicola_23_AND_Ruminococcus_bromii_L2_63,949,0.0629792221091412,0.0318317653005746,0.0311474568085666,797,0.0629792221064347,0.0318317653005746,0.0311474568058601,960,0.0655811084294532,0.0318317653005746,0.0337493431288786,806,0.0655811084289356,0.0318317653005746,0.033749343128361,980,0.042878260068918,0.0318317653005746,0.0110464947683433,814,0.042878260068918,0.0318317653005746,0.0110464947683433,957,0.0362292602342835,0.0318317653005746,0.00439749493370885,823,0.0362292602363977,0.0318317653005746,0.0043974949358231,946,0.0360171287910172,0.0191140850928486,0.0169030436981686,797,0.0238910058732045,0.0191140850928486,0.00477692078035594,946,98.3043533083964,78.1135068290894,20.190846479307,817,68.6368714712854,60.3821275393562,8.25474393192917
Prevotella_ruminicola_23_AND_Ruminococcus_callidus_ATCC_2776001,687,0.0807761636004688,0.0807761636004688,0,925,0.0319801249507855,0.019179545586323,0.0128005793644625,701,0.0848647080139798,0.0848647080139798,0,931,0.0319801249507855,0.019179545586323,0.0128005793644625,720,0.0596911214264911,0.0596911214264911,0,929,0.0320366877901279,0.0143558251879229,0.0176808626022049,696,0.0387418878518949,0.0387418878518949,0,940,0.0319524868986281,0.0215365389323708,0.0104159479662573,1058,0.0388151155683312,0.0191140850928486,0.0197010304754826,920,0.0388151155684174,0.0191140850928486,0.0197010304755689,1065,103.750292859527,78.1135068290894,25.6367860304381,959,76.8585874135744,58.7022859713519,18.1563014422225
Prevotella_ruminicola_23_AND_Ruminococcus_torques_ATCC_27756,796,0.0807761636003686,0.0807761636003686,0,784,0.0620724153703233,0.0318317653005746,0.0302406500697487,757,0.0848647080128087,0.0848647080128087,0,791,0.0645985520719615,0.0318317653005746,0.0327667867713868,784,0.0596911214264911,0.0596911214264911,0,532,0.0318317653005746,0.0318317653005746,0,781,0.0387418878507719,0.0387418878507719,0,532,0.0318317653005746,0.0318317653005746,0,760,0.0218960201793722,0.0218960201793722,0,792,0.0203558463785661,0.0112178873325864,0.00913795904597976,943,117.127997131082,78.1186600715296,39.0093370595524,810,77.6214433497963,43.6995572184341,33.9218861313623
Prevotella_ruminicola_23_AND_Shigella_flexneri_2002017,1008,0.185783282412536,0,0.185783282412536,1019,0.185783282412536,0.0318317653005746,0.153951517111961,1398,0.122847379212483,0.0318317653005746,0.0910156139119086,1033,0.0773395722565289,0.0318317653005746,0.0455078069559543,959,0.0596911214264911,0,0.0596911214264911,577,0.0596911214264911,0,0.0596911214264911,1386,0.0737456951309577,0.0318317653005746,0.0419139298303831,1037,0.0737456951309577,0.0318317653005746,0.0419139298303831,1516,6.75667485498506,0.0572971775410343,6.69937767744403,1020,6.72802626621442,0.0191140850928486,6.70891218112157,1373,176.898886302253,63.8362811525701,113.062605149683,1060,91.7345592218068,48.0365834186318,43.6979758031749
Prevotella_ruminicola_23_AND_Streptococcus_salivarius_JIM8777,1103,0.0432273598069582,0.0318317653005746,0.0113955945063836,903,0.0386182742007315,0.0272226796970879,0.0113955945036436,1116,0.0495296852554074,0.0318317653005746,0.0176979199548328,910,0.0371152286288953,0.0318317653005746,0.00528346332832065,1109,0.0379255999250972,0.0318317653005746,0.00609383462452259,906,0.0379255999219466,0.0318317653005746,0.00609383462137198,1121,0.0356160166068963,0.0318317653005746,0.0037842513063217,917,0.0356160166081756,0.0318317653005746,0.00378425130760096,782,0.0218960201793722,0.0218960201793722,0,504,0.0191140850928486,0.0191140850928486,0,1098,111.234358914807,78.1135068290894,33.120852085718,956,90.2588485475052,60.3821275393562,29.876721008149
Prevotella_ruminicola_23_AND_Subdoligranulum_variabile_DSM_15176,981,0.0434174955362307,0.0318317653005746,0.011585730235656,775,0.0346769745372618,0.0318317653005746,0.0028452092366872,964,0.0498249754116075,0.0318317653005746,0.0179932101110329,781,0.0346769745372619,0.0318317653005746,0.00284520923668723,960,0.0380272756782367,0.0318317653005746,0.00619551037766208,777,0.0380272756782358,0.0318317653005746,0.00619551037766117,971,0.0356791569179591,0.0318317653005746,0.00384739161738448,776,0.0356791569192597,0.0318317653005746,0.00384739161868509,1039,0.0651606716410435,0.0218960201793722,0.0432646514616713,764,0.0641116677383986,0.0191140850928486,0.04499758264555,934,129.931176929437,76.2212779557867,53.7098989736499,799,73.9199571093129,48.0365834186319,25.883373690681
Prevotella_ruminicola_23_AND_Veillonella_atypica_ACS_049_V_Sch6,1267,0.0331736868893552,0.0318317653005746,0.00134192158878061,516,0.0318317653005746,0.0318317653005746,0,1286,0.0446323446650371,0.0318317653005746,0.0128005793644625,1030,0.0371152286288953,0.0318317653005746,0.00528346332832065,1270,0.0379255999250971,0.0318317653005746,0.0060938346245225,532,0.0318317653005746,0.0318317653005746,0,1287,0.0356160166068963,0.0318317653005746,0.0037842513063217,1026,0.0356448559971105,0.0318317653005746,0.00381309069653592,1260,0.124368643380659,0.0216934338609528,0.102675209519706,519,0.102675209519706,0,0.102675209519706,1273,124.337576725832,78.1186600715296,46.2189166543025,1073,95.2447588103561,60.3821275393563,34.8626312709999
Pseudoflavonifractor_capillosus_strain_ATCC_29799_AND_Roseburia_intestinalis_L1_82,684,0.0613720692826666,0.0115857302328705,0.0497863390497961,550,0.0498599579692248,0.00566596635322546,0.0441939916159994,708,0.0575938825715284,0.00528757167172303,0.0523063108998054,551,0.0523799298184153,0.00566596635322541,0.0467139634651899,690,0.0236680868564973,0.00619551037766107,0.0174725764788362,550,0.00619551037766117,0.00566596635322545,0.000529544024435712,701,0.027725930508687,0.00384739161738448,0.0238785388913025,287,0.00384739161868508,0.00384739161868508,0,733,0.0468896648896356,0.0187378204167291,0.0281518444729065,567,0.0466753471046509,0.0187378204167291,0.0279375266879218,649,98.4925329795467,35.8515937721479,62.6409392073988,551,33.2191327520385,19.4506755764246,13.7684571756138
Pseudoflavonifractor_capillosus_strain_ATCC_29799_AND_Roseburia_inulinivorans_DSM_16841,673,0.0153580011287967,0.0115857302356561,0.00377227089314067,547,0.0125069351998082,0.00566596635322545,0.00684096884658273,671,0.0184439599500191,0.0179932101141427,0.000450749835876424,548,0.0125069351998082,0.00566596635322544,0.00684096884658274,698,0.0127619732292412,0.00619551037766116,0.00656646285158006,548,0.0125069351998082,0.00566596635322546,0.00684096884658278,668,0.011631076539915,0.00384739161868509,0.00778368492122993,542,0.0116310765392288,0.00384739161868508,0.00778368492054367,725,0.0475685103680663,0.0187378204167291,0.0288306899513372,579,0.0473490245855919,0.0187378204167291,0.0286112041688628,671,99.1572016756589,37.2433474799913,61.9138541956675,564,73.742802815643,19.4506755764246,54.2921272392184
Pseudoflavonifractor_capillosus_strain_ATCC_29799_AND_Ruminococcus_bromii_L2_63,690,0.0629904293221421,0.0115857302328705,0.0514046990892716,296,0.0514046990892581,0,0.0514046990892581,688,0.0575938825715284,0.0179932101110328,0.0396006724604956,301,0.0540065854117576,0,0.0540065854117576,684,0.0236680868564973,0.00619551037766116,0.0174725764788361,575,0.0236680868564973,0.00566596635322543,0.0180021205032719,671,0.0285021288382033,0.00384739161868509,0.0246547372195182,575,0.0133859537891512,0.00384739161868508,0.00953856217046612,703,0.0478047717440725,0.0187378204167291,0.0290669513273434,596,0.0235147411970851,0.0187378204167291,0.00477692078035594,671,53.8878056631601,37.2994221494938,16.5883835136662,568,35.646512792241,19.4506755764247,16.1958372158163
Pseudoflavonifractor_capillosus_strain_ATCC_29799_AND_Ruminococcus_callidus_ATCC_2776001,589,0.0435287390646552,0,0.0435287390646552,702,0.0184665457176879,0.0056659663532254,0.0128005793644625,617,0.04352873906701,0,0.04352873906701,702,0.0184665457176879,0.00566596635322544,0.0128005793644625,808,0.0233813409195989,0.00619551037766116,0.0171858305419377,699,0.0233726504670145,0.00566596635322541,0.0177066841137891,805,0.0325832653426079,0.00384739161738448,0.0287358737252234,704,0.0142633395849421,0.00384739161868508,0.010415947966257,841,0.0526162688259543,0.0187378204167291,0.0338784484092251,723,0.0523583548543693,0.0187378204167291,0.0336205344376402,783,61.2851250248002,38.9013511528494,22.3837738719508,710,37.5309942786657,19.4506755764247,18.080318702241
Pseudoflavonifractor_capillosus_strain_ATCC_29799_AND_Ruminococcus_torques_ATCC_27756,697,0.0614938664502599,0.0115857302328705,0.0499081362173893,551,0.0499680740331143,0.00566596635322545,0.0443021076798888,689,0.0575938825715284,0.00515960965293887,0.0524342729185896,551,0.0524942107347531,0.00566596635322547,0.0468282443815276,698,0.0236680868564973,0.00619551037766117,0.0174725764788361,556,0.00619551037766117,0.00566596635322547,0.000529544024435703,679,0.0277843469037107,0.00384739161868509,0.0239369552850257,287,0.00384739161868508,0.00384739161868508,0,492,0.0187378204167291,0,0.0187378204167291,303,0.0187378204167291,0.0187378204167291,0,651,74.2171732195634,34.3180291224511,39.8991440971123,564,50.1532640685355,11.2559801301213,38.8972839384141
Pseudoflavonifractor_capillosus_strain_ATCC_29799_AND_Shigella_flexneri_2002017,915,0.185783282412536,0,0.185783282412536,521,0.185783282412536,0,0.185783282412536,913,0.106931496562196,0,0.106931496562196,803,0.0555593104974849,0.00566596635322477,0.0498933441442601,914,0.0596911214264911,0,0.0596911214264911,523,0.0596911214264911,0,0.0596911214264911,907,0.0578298124924551,0,0.0578298124924551,528,0.0578298124806704,0,0.0578298124806704,1040,6.72802626621454,0,6.72802626621454,533,6.72802626621454,0,6.72802626621454,1094,135.539671838199,22.3712070774044,113.168464760794,830,77.7253705415799,7.79829064082122,69.9270799007587
Pseudoflavonifractor_capillosus_strain_ATCC_29799_AND_Streptococcus_salivarius_JIM8777,500,0.0115857302328705,0.0115857302328705,0,676,0.0114885798073485,0.00566596635322545,0.005822613454123,502,0.0179932101110328,0.0179932101110328,0,679,0.0177909052554788,0.00566596635322551,0.0121249389022533,495,0.00619551037766116,0.00619551037766116,0,636,0.00618681992507681,0.00566596635322544,0.000520853571851371,477,0.00384739161010598,0.00384739161010598,0,295,0.00384739161868508,0.00384739161868508,0,635,0.0193080012357121,0,0.0193080012357121,696,0.0190933786431154,0.00705313027650192,0.0120402483666135,848,68.7780721609983,38.9013511528494,29.876721008149,706,49.2977408332934,19.4506755764247,29.8470652568687
Pseudoflavonifractor_capillosus_strain_ATCC_29799_AND_Subdoligranulum_variabile_DSM_15176,490,0.0115857302328705,0.0115857302328705,0,534,0.00851117558991275,0.00566596635322544,0.00284520923668731,496,0.0179932101141427,0.0179932101141427,0,541,0.00851117558991266,0.00566596635322545,0.0028452092366872,486,0.00619551037766116,0.00619551037766116,0,277,0.00619551037766117,0,0.00619551037766117,490,0.00384739161868509,0.00384739161868509,0,276,0.00384739161868509,0,0.00384739161868509,724,0.0618084135588713,0.0049042288251011,0.0569041847337702,546,0.0618084135588713,0.00496158322975785,0.0568468303291135,648,87.7033612346592,35.1529514585021,52.5504097761571,546,69.8397737269187,19.4506755764247,50.389098150494
Pseudoflavonifractor_capillosus_strain_ATCC_29799_AND_Veillonella_atypica_ACS_049_V_Sch6,564,0.0115857302356561,0.0115857302356561,0,289,0.00566596635322544,0.00566596635322544,0,568,0.0179932101110329,0.0179932101110329,0,798,0.0177909052554788,0.00566596635322539,0.0121249389022534,545,0.00619551038086434,0.00619551038086434,0,290,0.00566596635322544,0.00566596635322544,0,577,0.00384739161738448,0.00384739161738448,0,287,0.00384739161868508,0.00384739161868508,0,1040,0.121413029936435,0.0187378204167291,0.102675209519706,798,0.121413029936435,0.0187378204167291,0.102675209519706,979,90.9348996669661,38.9013511528494,52.0335485141168,828,44.9101254257979,19.3552784612477,25.5548469645502
Roseburia_intestinalis_L1_82_AND_Roseburia_inulinivorans_DSM_16841,679,0.0500165735976521,0.0402384708214215,0.00977810277623053,552,0.0500052735267532,0.0407070867872073,0.00929818673954591,683,0.0525365454464072,0.0427584426704434,0.00977810277596385,551,0.05253654544652,0.042758442670681,0.00977810277583903,682,0.0236680868564973,0.0138899840808004,0.0097781027756969,559,0.0141625517694359,0.00438444899359687,0.00977810277583901,708,0.0241087734384743,0.0143306706627773,0.00977810277569694,554,0.0136254943945242,0.00384739161868507,0.00977810277583913,527,0.0288306899507436,0,0.0288306899507436,359,0.0288306899511623,0,0.0288306899511623,673,112.207015752944,49.6140068655964,62.5930088873475,562,57.4032601343288,13.7684571756139,43.6348029587149
Roseburia_intestinalis_L1_82_AND_Ruminococcus_bromii_L2_63,518,0.0514046990890775,0,0.0514046990890775,296,0.0514046990892581,0,0.0514046990892581,517,0.0540065854108835,0,0.0540065854108835,301,0.0540065854117581,0,0.0540065854117581,524,0.0236680868564612,0,0.0236680868564612,305,0.0236680868564973,0,0.0236680868564973,517,0.0246547372184867,0,0.0246547372184867,586,0.0133859537891516,0.00384739161868546,0.00953856217046612,507,0.0290669513277763,0,0.0290669513277763,309,0.0281518444728152,0.0281518444728152,0,701,82.4911578362421,64.730374066793,17.760783769449,578,23.3718074872744,13.7684571756135,9.60335031166091
Roseburia_intestinalis_L1_82_AND_Ruminococcus_callidus_ATCC_2776001,851,0.0571441685904902,0.0136154295246744,0.0435287390658159,703,0.0517473910186005,0.0401458556776262,0.0116015353409743,850,0.0571188460235663,0.028648006287147,0.0284708397364193,708,0.0544700418730969,0.0416694625086344,0.0128005793644625,456,0.0236680868564973,0.0236680868564973,0,707,0.0233813409195989,0.00619551037766119,0.0171858305419377,636,0.028735873725157,0,0.028735873725157,716,0.0142633395849424,0.00384739161868507,0.0104159479662573,613,0.0338784484093124,0,0.0338784484093124,444,0.0338784484093439,0,0.0338784484093439,823,100.279061041786,65.6244396116279,34.6546214301576,724,31.9519933659285,13.7684571756138,18.1835361903147
Roseburia_intestinalis_L1_82_AND_Ruminococcus_torques_ATCC_27756,544,0.0499081362171421,0,0.0499081362171421,289,0.0499081362176081,0,0.0499081362176081,558,0.052434272919361,0,0.052434272919361,292,0.052434272919251,0,0.052434272919251,498,0.0236680868564973,0.0236680868564973,0,297,0.00619551037766119,0.00619551037766119,0,519,0.0239369552851364,0,0.0239369552851364,297,0.00384739161868546,0.00384739161868546,0,737,0.0281975727524291,0.00945975233569996,0.0187378204167291,580,0.0281975727574361,0.00945975234070701,0.0187378204167291,675,96.6527041883464,56.873115428437,39.7795887599094,573,44.8854133179351,13.7684571756137,31.1169561423214
Roseburia_intestinalis_L1_82_AND_Shigella_flexneri_2002017,1001,0.185783282412536,0,0.185783282412536,544,0.185783282412536,0,0.185783282412536,959,0.106931496562196,0,0.106931496562196,791,0.0713958587365439,0.0485256190405877,0.0228702396959562,950,0.0596911214264911,0,0.0596911214264911,524,0.0596911214264911,0,0.0596911214264911,957,0.0578298124806704,0,0.0578298124806704,533,0.0578298124806704,0,0.0578298124806704,1075,6.72802626621454,0,6.72802626621454,533,6.72802626621454,0,6.72802626621454,1104,176.07315046444,63.4663951784341,112.606755286006,840,82.4481134986744,13.2290758959613,69.2190376027131
Roseburia_intestinalis_L1_82_AND_Streptococcus_salivarius_JIM8777,871,0.0516181904169875,0.0402225958962874,0.0113955945207001,678,0.0516181904165465,0.0402225959129029,0.0113955945036436,848,0.055151266363352,0.0374533464085189,0.0176979199548331,670,0.0551512663633087,0.0374533464115347,0.017697919951774,518,0.0236680868564973,0.0236680868564973,0,297,0.00619551037766119,0.00619551037766119,0,863,0.0244868604574362,0.0207026091630712,0.00378425129436498,297,0.0038473916186851,0.0038473916186851,0,846,0.0312556218542596,0.0119476206185475,0.0193080012357121,689,0.0284633654673725,0.0265254533650225,0.00193791210235,854,109.582864126594,65.7872352370467,43.7956288895472,720,40.8441861969877,13.7684571756138,27.0757290213739
Roseburia_intestinalis_L1_82_AND_Subdoligranulum_variabile_DSM_15176,720,0.0527237848419915,0.0411380546063354,0.011585730235656,537,0.0526315482864771,0.0497863390497899,0.00284520923668716,726,0.0553113732423853,0.0373181631289614,0.0179932101134239,545,0.0551515201356684,0.0523063108989812,0.0028452092366872,519,0.0236680868564973,0.0236680868564973,0,272,0.00619551037766117,0,0.00619551037766117,676,0.0267343239096718,0.0228869322995662,0.00384739161010562,297,0.00384739161868524,0.00384739161868524,0,533,0.0569041847335304,0,0.0569041847335304,282,0.0569041847337456,0,0.0569041847337456,661,105.358602594305,47.3455486852696,58.0130539090349,559,56.5110019670896,4.48744014850553,52.0235618185841
Roseburia_intestinalis_L1_82_AND_Veillonella_atypica_ACS_049_V_Sch6,1027,0.0533823295211758,0.0520404079323952,0.00134192158878061,797,0.0511282606385709,0.0497863390497903,0.00134192158878061,1010,0.0575249620063419,0.0533942769582421,0.00413068504809987,793,0.0567748082317553,0.0539333646647292,0.00284144356702616,597,0.0236680868564973,0.0236680868564973,0,297,0.00619551037766115,0.00619551037766115,0,1016,0.0288956151935437,0.0251113638859425,0.00378425130760116,297,0.0038473916186851,0.0038473916186851,0,1001,0.116045944216985,0.0133707346972794,0.102675209519706,781,0.116045944216696,0.0133707346969901,0.102675209519706,1008,124.621037720004,66.0529706561978,58.5680670638061,835,50.8544893309402,13.7684571756137,37.0860321553265
Roseburia_inulinivorans_DSM_16841_AND_Ruminococcus_bromii_L2_63,484,0.0514046990889508,0,0.0514046990889508,296,0.0514046990892569,0,0.0514046990892569,482,0.0540065854121715,0,0.0540065854121715,301,0.054006585411758,0,0.054006585411758,493,0.0236680868564973,0,0.0236680868564973,574,0.0236680868564973,0.0097781027758398,0.0138899840806575,484,0.0246547372188835,0,0.0246547372188835,574,0.0145863759741678,0.00466596055815848,0.00992041541600933,507,0.0290669513215467,0,0.0290669513215467,331,0.0288306899511623,0.0288306899511623,0,703,85.6708925127211,63.3587994936649,22.3120930190562,588,67.5551735356626,50.8433096051428,16.7118639305199
Roseburia_inulinivorans_DSM_16841_AND_Ruminococcus_callidus_ATCC_2776001,611,0.0435287390658264,0,0.0435287390658264,702,0.0197032167971656,0.00690263743270311,0.0128005793644625,617,0.0435287390658804,0,0.0435287390658804,701,0.019703216797165,0.0069026374327025,0.0128005793644625,822,0.0233754855949032,0.00583872203164145,0.0175367635632617,696,0.023317785668529,0.00232283480652379,0.0209949508620052,577,0.0287358737255295,0,0.0287358737255295,711,0.0180332202360651,0.00523264087160264,0.0128005793644625,625,0.0338784484094929,0,0.0338784484094929,452,0.0338784484093447,0,0.0338784484093447,814,99.8601788305901,65.3841143311893,34.4760644994008,730,66.1167021315694,46.3260531141721,19.7906490173972
Roseburia_inulinivorans_DSM_16841_AND_Ruminococcus_torques_ATCC_27756,757,0.0501150128864708,0.00977810277676444,0.0403369101097064,550,0.0501150128856373,0.0097781027758392,0.0403369101097981,736,0.0526411495894135,0.00977810277729787,0.0428630468121156,553,0.0526411495872752,0.00977810277583907,0.0428630468114361,539,0.0236680868564973,0,0.0236680868564973,574,0.0141895174655933,0.00977810277583941,0.00441141468975385,750,0.024143831952606,0.00977810277623085,0.0143657291763751,567,0.0136254943945243,0.00977810277583918,0.00384739161868508,531,0.0288306899510434,0.0288306899510434,0,368,0.0288306899511625,0.0288306899511625,0,678,99.580788829882,66.4003653692667,33.1804234606153,586,80.5597845351251,50.98435975089,29.5754247842351
Roseburia_inulinivorans_DSM_16841_AND_Shigella_flexneri_2002017,976,0.185783282412536,0,0.185783282412536,521,0.185783282412536,0,0.185783282412536,951,0.106931496562196,0,0.106931496562196,796,0.057078735941676,0.00977810277584213,0.0473006331658338,968,0.0596911214264911,0,0.0596911214264911,529,0.0596911214264911,0,0.0596911214264911,933,0.0578298124806704,0,0.0578298124806704,533,0.0578298124806704,0,0.0578298124806704,1028,6.72802626621454,0,6.72802626621454,541,6.72802626621454,0,6.72802626621454,1101,163.748324152063,51.6743217779544,112.074002374108,852,103.305858093246,42.9651684758095,60.3406896174366
Roseburia_inulinivorans_DSM_16841_AND_Streptococcus_salivarius_JIM8777,840,0.02117369728208,0.00977810277569661,0.0113955945063834,684,0.0211736972794825,0.00977810277583891,0.0113955945036436,832,0.0274760227313301,0.00977810277649732,0.0176979199548328,682,0.0269920077539556,0.00929408780218163,0.017697919951774,853,0.0158719374002195,0.00977810277569688,0.00609383462452259,680,0.0158719373972114,0.00977810277583942,0.00609383462137198,846,0.013562354082819,0.00977810277649732,0.00378425130632169,686,0.01356235408344,0.00977810277583906,0.00378425130760096,874,0.0315437233396653,0.0122357221039532,0.0193080012357121,696,0.0309816949785847,0.0156735134016109,0.0153081815769738,850,111.21544688149,66.4003653692666,44.8150815122235,734,81.90068204031,52.023961032161,29.876721008149
Roseburia_inulinivorans_DSM_16841_AND_Subdoligranulum_variabile_DSM_15176,724,0.0213638330122135,0.0097781027765575,0.011585730235656,294,0.00977810277583907,0.00977810277583907,0,724,0.0277713128909701,0.00977810277682739,0.0179932101141427,294,0.00977810277583919,0.00977810277583919,0,725,0.0159736131573615,0.00977810277649716,0.00619551038086434,293,0.00977810277583933,0.00977810277583933,0,713,0.0136254944016939,0.00977810277703058,0.00384739162466332,294,0.00977810277583941,0.00977810277583941,0,714,0.0572827823180594,0.02883068995098,0.0284520923670794,559,0.0570886574039267,0.0140478296195531,0.0430408277843736,665,103.989919210304,50.8492324003274,53.1406868099765,562,84.0710970280721,33.4056980591577,50.6653989689144
Roseburia_inulinivorans_DSM_16841_AND_Veillonella_atypica_ACS_049_V_Sch6,1021,0.0111200243647443,0.00977810277596373,0.00134192158878061,804,0.0105184877827988,0.00917656619401816,0.00134192158878061,1005,0.0225786821411844,0.00977810277672185,0.0128005793644625,796,0.0168406294697098,0.0040400501052473,0.0128005793644625,1019,0.0158719374002195,0.00977810277569694,0.0060938346245226,293,0.00977810277583933,0.00977810277583933,0,983,0.0135623540817517,0.00977810277542998,0.0037842513063217,791,0.0118829927816585,0.00806990208512262,0.00381309069653591,1076,0.116368362269608,0.0136931527499018,0.102675209519706,796,0.116368362266423,0.0136931527467173,0.102675209519706,992,124.81901686943,66.2300322611455,58.5889846082845,850,85.551006733524,53.0076505726036,32.5433561609204
Ruminococcus_bromii_L2_63_AND_Ruminococcus_callidus_ATCC_2776001,811,0.0575867531916641,0.0140580141258259,0.0435287390658382,715,0.0532226675367609,0.0404220881722984,0.0128005793644625,813,0.0572167474433055,0.0346135312472647,0.0226032161960408,720,0.0558245538592601,0.0430239744947976,0.0128005793644625,449,0.0236680868564973,0.0236680868564973,0,305,0.0236680868564973,0.0236680868564973,0,589,0.028735873724995,-2.0425591545412e-13,0.0287358737251993,734,0.0211916765566653,0.0107757285904081,0.0104159479662571,636,0.0338784484098129,0,0.0338784484098129,460,0.0338784484093445,0,0.0338784484093445,813,55.3970017907674,31.4908542470444,23.906147543723,739,38.1728189039664,16.7118639305199,21.4609549734466
Ruminococcus_bromii_L2_63_AND_Ruminococcus_torques_ATCC_27756,501,0.0514046990893826,0.0514046990893826,0,296,0.0514046990892577,0.0514046990892577,0,498,0.0540065854112894,0.0540065854112894,0,301,0.0540065854117596,0.0540065854117596,0,503,0.0236680868564973,0,0.0236680868564973,305,0.0236680868564973,0.0236680868564973,0,492,0.0246547372185658,0.0246547372185658,0,595,0.0133859537891512,0.00953856217046612,0.00384739161868508,486,0.02906695132722,0.02906695132722,0,612,0.020282410407468,0.00154458999073885,0.0187378204167291,680,61.9687673767313,16.5883835136662,45.3803838630651,590,42.6002929538989,3.73536776849178,38.8649251854071
Ruminococcus_bromii_L2_63_AND_Shigella_flexneri_2002017,919,0.185783282412536,0,0.185783282412536,521,0.185783282412536,0,0.185783282412536,934,0.106931496562196,0,0.106931496562196,811,0.0713958587365439,0.0485256190405877,0.0228702396959562,929,0.0596911214264911,0,0.0596911214264911,537,0.0596911214264911,0,0.0596911214264911,934,0.0578298124806704,0,0.0578298124806704,541,0.0578298124806704,0,0.0578298124806704,1002,6.72802626621454,0,6.72802626621454,550,6.72802626621454,0,6.72802626621454,1145,132.247604773464,19.0791400126701,113.168464760794,853,76.6542598123955,7.03330403844739,69.6209557739481
Ruminococcus_bromii_L2_63_AND_Streptococcus_salivarius_JIM8777,857,0.0529256704088599,0.0415300759024765,0.0113955945063834,696,0.0529256704030565,0.0415300758994128,0.0113955945036436,857,0.0563687288303418,0.038670808875509,0.0176979199548328,700,0.056368728830597,0.038670808878823,0.017697919951774,510,0.0236680868564973,0.0236680868564973,0,313,0.0236680868564973,0.0236680868564973,0,840,0.0251598216785438,0.0213755703722221,0.0037842513063217,710,0.0133228134780671,0.00953856217046612,0.00378425130760096,882,0.0316439924834662,0.0123359912477542,0.0193080012357121,717,0.0224534799094361,0.00477692078035595,0.0176765591290802,855,63.0534880354814,33.1767670273325,29.876721008149,736,32.7990555602302,4.86998710475955,27.9290684554706
Ruminococcus_bromii_L2_63_AND_Subdoligranulum_variabile_DSM_15176,710,0.0542499083255513,0.0514046990891058,0.00284520923644549,557,0.0542499083259449,0.0514046990892577,0.00284520923668716,710,0.0568517946483514,0.0540065854117931,0.00284520923655834,562,0.0568517946484456,0.0540065854117583,0.00284520923668723,521,0.0236680868564973,0.0236680868564973,0,305,0.0236680868564973,0.0236680868564973,0,697,0.0274999464582527,0.0246547372209859,0.00284520923726682,560,0.0133859537891512,0.00953856217046612,0.00384739161868509,708,0.0575190436946744,0.0290669513276719,0.0284520923670025,299,0.0569041847337438,0,0.0569041847337438,697,74.7955667265774,22.3120930190563,52.4834737075211,578,56.4946228138798,4.19064456125706,52.3039782526227
Ruminococcus_bromii_L2_63_AND_Veillonella_atypica_ACS_049_V_Sch6,1011,0.0550739605646491,0.0537320389758685,0.00134192158878061,815,0.0527466206780372,0.0514046990892566,0.00134192158878061,1005,0.0575744691703564,0.0564109464143093,0.00116352275604705,812,0.0575621788939196,0.055662050728775,0.00190012816514463,572,0.0236680868564973,0.0236680868564973,0,305,0.0236680868564973,0.0236680868564973,0,991,0.02971188786181,0.0259276365554883,0.0037842513063217,817,0.013351652867002,0.00953856217046612,0.00381309069653592,1032,0.11648057474239,0.0138053652226844,0.102675209519706,816,0.107452130300062,0.00477692078035593,0.102675209519706,1005,85.2192497609879,33.1767670273324,52.0424827336555,852,53.4564624390996,16.7118639305199,36.7445985085797
Ruminococcus_callidus_ATCC_2776001_AND_Ruminococcus_torques_ATCC_27756,824,0.0571774773404956,0.0435287390658159,0.0136487382746797,702,0.0520458452340342,0.0128005793644625,0.0392452658695717,825,0.0571252121042242,0.0280892950680383,0.0290359170361859,705,0.0545719819356728,0.0128005793644625,0.0417714025712103,434,0.0236680868564973,0,0.0236680868564973,720,0.0233813409195989,0.0171858305419377,0.00619551037766117,582,0.0287358737247096,0.0287358737247096,0,444,0.010415947966257,0.010415947966257,0,608,0.0338784484092832,0.0338784484092832,0,444,0.0338784484093451,0.0338784484093451,0,803,73.0613002213763,33.3961167703702,39.6651834510061,731,45.2385518376051,17.0356043279383,28.2029475096668
Ruminococcus_callidus_ATCC_2776001_AND_Shigella_flexneri_2002017,944,0.185783282412536,0,0.185783282412536,521,0.185783282412536,0,0.185783282412536,944,0.106931496562196,0,0.106931496562196,938,0.0580608731017188,0.0128005793644625,0.0452602937372563,947,0.0596911214264911,0,0.0596911214264911,528,0.0596911214264911,0,0.0596911214264911,913,0.0578298124806704,0,0.0578298124806704,533,0.0578298124806704,0,0.0578298124806704,998,6.72802626621454,0,6.72802626621454,533,6.72802626621454,0,6.72802626621454,1250,137.801383523996,24.6329187632015,113.168464760794,988,70.3547039190881,0.873320584790589,69.4813833342975
Ruminococcus_callidus_ATCC_2776001_AND_Streptococcus_salivarius_JIM8777,958,0.0549243335721993,0.0435287390658159,0.0113955945063834,825,0.0241961738681061,0.0128005793644625,0.0113955945036436,964,0.0566486978795287,0.043528739065828,0.0131199588137007,825,0.0304984993162365,0.0128005793644625,0.017697919951774,626,0.0232796651633097,0.0232796651633097,0,815,0.0232796651633097,0.0171858305419377,0.00609383462137198,641,0.0287358737254366,0.0287358737254366,0,836,0.0142001992738579,0.010415947966257,0.00378425130760096,659,0.0338784484094066,0.0338784484094066,0,444,0.0338784484093437,0.0338784484093437,0,992,61.0977626742589,26.0666910965265,35.0310715777324,873,43.2191809757613,18.3390870904779,24.8800938852834
Ruminococcus_callidus_ATCC_2776001_AND_Subdoligranulum_variabile_DSM_15176,835,0.0551144693038473,0.0435287390681912,0.0115857302356561,692,0.0156457886011497,0.0128005793644625,0.00284520923668716,843,0.0569439880388386,0.0389507779246959,0.0179932101141427,692,0.0156457886011498,0.0128005793644625,0.00284520923668726,834,0.0233813409196514,0.0171858305387871,0.00619551038086434,679,0.0233157529675297,0.0211167787605761,0.00219897420695368,845,0.0315810829627058,0.0287358737253429,0.00284520923736292,690,0.0142633395849424,0.0104159479662573,0.00384739161868509,862,0.0623305407753364,0.0338784484092201,0.0284520923661162,696,0.0623305407762177,0.0338784484093447,0.028452092366873,814,87.7169847223281,34.4760644994009,53.2409202229272,712,68.9504441695239,19.9310659595925,49.0193782099314
Ruminococcus_callidus_ATCC_2776001_AND_Veillonella_atypica_ACS_049_V_Sch6,1111,0.044870660654538,0.0435287390657574,0.00134192158878061,439,0.0128005793644625,0.0128005793644625,0,1131,0.0566486978795287,0.0435287390697562,0.0131199588097725,939,0.0128005793644625,0.0103350393637218,0.00246554000074073,675,0.0232796651633097,0.0232796651633097,0,433,0.0232796651633097,0.0232796651633097,0,1129,0.0340037293526986,0.0302194780450976,0.00378425130760095,939,0.0128005793644625,0.010415947966257,0.00238463139820554,800,0.102675209519706,0,0.102675209519706,935,0.102675209519706,0.0010003352981716,0.101674874221534,1143,79.6854065985088,28.9721107037836,50.7132958947252,991,40.1334746587402,16.3121361318095,23.8213385269307
Ruminococcus_torques_ATCC_27756_AND_Shigella_flexneri_2002017,959,0.185783282412536,0,0.185783282412536,521,0.185783282412536,0,0.185783282412536,957,0.106931496562196,0,0.106931496562196,797,0.0713958587365439,0.0485256190405877,0.0228702396959562,965,0.0596911214264911,0,0.0596911214264911,524,0.0596911214264911,0,0.0596911214264911,991,0.0578298124806704,0,0.0578298124806704,533,0.0578298124806704,0,0.0578298124806704,979,6.72802626622678,0,6.72802626622678,533,6.72802626621454,0,6.72802626621454,1126,148.153587612747,34.9851228519529,113.168464760794,850,77.5579146414691,7.56212045252901,69.9957941889401
Ruminococcus_torques_ATCC_27756_AND_Streptococcus_salivarius_JIM8777,871,0.0517165908705932,0.0403209963642098,0.0113955945063834,684,0.0517165908685204,0.0403209963648767,0.0113955945036436,862,0.0552428921322399,0.0375449721804659,0.017697919951774,684,0.0552428921306433,0.0375449721788694,0.017697919951774,535,0.0236680868564973,0.0236680868564973,0,317,0.00619551037766116,0.00619551037766116,0,879,0.0245375072692472,0.0207532559629256,0.0037842513063217,311,0.00384739161868508,0.00384739161868508,0,673,0.0193080012357121,0,0.0193080012357121,706,0.0190933786431154,0.00705313027650192,0.0120402483666135,879,83.7514458352044,39.0658012279303,44.6856446072741,729,64.5974669746918,38.8972839384141,25.7001830362777
Ruminococcus_torques_ATCC_27756_AND_Subdoligranulum_variabile_DSM_15176,737,0.0528244248678413,0.0412386946349708,0.0115857302328705,548,0.0527533454542959,0.0499081362176087,0.00284520923668721,742,0.0554026682982478,0.037409458187215,0.0179932101110328,544,0.0552794821559345,0.0524342729192473,0.00284520923668722,724,0.0236680868564973,0.0174725764683541,0.00619551038814318,277,0.00619551037766117,0,0.00619551037766117,732,0.0267903144406395,0.022942922823255,0.00384739161738448,272,0.00384739161868509,0,0.00384739161868509,568,0.0569041847335393,0,0.0569041847335393,339,0.0569041847337464,0,0.0569041847337464,679,89.3712551390252,36.6426084437601,52.7286466952651,570,68.0665089475015,27.9376764915668,40.1288324559347
Ruminococcus_torques_ATCC_27756_AND_Veillonella_atypica_ACS_049_V_Sch6,1017,0.053509641037606,0.0521677194488254,0.00134192158878061,798,0.0512500578063911,0.0499081362176105,0.00134192158878061,1019,0.057528609519249,0.0536165345041233,0.00391207501512568,797,0.057528609519326,0.053616534508813,0.00391207501051296,601,0.0236680868564973,0.0236680868564973,0,317,0.00619551037766117,0.00619551037766117,0,1010,0.0289570475683609,0.0251727962620392,0.0037842513063217,311,0.00384739161868508,0.00384739161868508,0,1038,0.116078654347077,0.0134034448273708,0.102675209519706,807,0.116078654346597,0.0134034448268908,0.102675209519706,1001,99.0976926536703,47.2760663603431,51.8216262933272,850,61.9512799777344,35.882171290746,26.0691086869884
Shigella_flexneri_2002017_AND_Streptococcus_salivarius_JIM8777,951,0.185783282412536,0.185783282412536,0,529,0.185783282412536,0.185783282412536,0,958,0.106931496562196,0.106931496562196,0,921,0.0598189100348177,0.0421209900830437,0.017697919951774,950,0.0596911214264911,0.0596911214264911,0,531,0.0596911214264911,0.0596911214264911,0,941,0.0578298124806704,0.0578298124806704,0,533,0.0578298124806704,0.0578298124806704,0,1069,6.72802626621454,6.72802626621454,0,533,6.72802626621456,6.72802626621456,0,1267,145.288190247308,113.168464760794,32.1197254865138,989,100.01716895521,70.140447947061,29.876721008149
Shigella_flexneri_2002017_AND_Subdoligranulum_variabile_DSM_15176,1012,0.185783282412536,0.185783282412536,0,521,0.185783282412536,0.185783282412536,0,1003,0.106931496562196,0.106931496562196,0,786,0.0545170468918377,0.0516718376551505,0.00284520923668724,996,0.0596911214264911,0.0596911214264911,0,523,0.0596911214264911,0.0596911214264911,0,1007,0.0578298124806704,0.0578298124806704,0,528,0.0578298124806704,0.0578298124806704,0,1100,6.72802626621454,6.72802626621454,0,533,6.72802626621454,6.72802626621454,0,1080,164.928018807966,112.606755286006,52.3212635219599,833,92.2692919433103,68.0841013984305,24.1851905448798
Shigella_flexneri_2002017_AND_Veillonella_atypica_ACS_049_V_Sch6,1052,0.185783282412536,0.185783282412536,0,521,0.185783282412536,0.185783282412536,0,1007,0.106931496562196,0.106931496562196,0,1043,0.0580608731017188,0.0452602937372563,0.0128005793644625,1019,0.0596911214264911,0.0596911214264911,0,523,0.0596911214264911,0.0596911214264911,0,1040,0.0578298124806704,0.0578298124806704,0,533,0.0578298124806704,0.0578298124806704,0,1137,6.72802626621454,6.72802626621454,0,533,6.72802626621454,6.72802626621454,0,1410,157.745774503845,112.211717297884,45.5340572059612,1100,90.9524496286188,69.1737376054371,21.7787120231817
Streptococcus_salivarius_JIM8777_AND_Subdoligranulum_variabile_DSM_15176,488,0.0115857302558269,2.01708474349044e-11,0.011585730235656,665,0.011442287799806,0.00859707856311875,0.00284520923668724,541,0.0179932101141427,0,0.0179932101141427,667,0.0177446132479364,0.0148994040112492,0.00284520923668717,497,0.00619551038086434,0,0.00619551038086434,274,0.00619551037766117,0,0.00619551037766117,500,0.00384739161738448,0,0.00384739161738448,277,0.00384739161868509,0,0.00384739161868509,907,0.0598351391894076,0.0193080012357121,0.0405271379536955,686,0.0595874862888348,0.0176765591290802,0.0419109271597546,843,98.7206328288964,44.8150815122235,53.9055513166729,720,77.6822173366127,29.4271816405053,48.2550356961075
Streptococcus_salivarius_JIM8777_AND_Veillonella_atypica_ACS_049_V_Sch6,737,0.0113955945063834,0.0113955945063834,0,418,0.0113955945036436,0.0113955945036436,0,740,0.0176979199601465,0.0176979199548328,5.31368447090016e-12,414,0.017697919951774,0.017697919951774,0,700,0.0060938346213719,0.0060938346213719,0,407,0.00609383462137198,0.00609383462137198,0,728,0.0037842513076011,0.0037842513076011,0,527,0.00381309069653592,0,0.00381309069653592,1158,0.118606991526802,0.0159317820070963,0.102675209519706,919,0.118606991526163,0.015931782006457,0.102675209519706,1169,89.3988710075938,39.6136983093119,49.7851726982819,990,59.7687155970846,22.4075407561117,37.3611748409729
Subdoligranulum_variabile_DSM_15176_AND_Veillonella_atypica_ACS_049_V_Sch6,570,0.0115857302210984,0.0115857302210984,0,788,0.00362036094855458,0.00227843935977397,0.00134192158878061,601,0.0179932101141427,0.0179932101141427,0,784,0.0140695538671048,0.00126897450264232,0.0128005793644625,578,0.00619551038086437,0.00619551038086437,0,269,0.00619551037766117,0.00619551037766117,0,588,0.00384739161738448,0.00384739161738448,0,271,0.00384739161868509,0.00384739161868509,0,1032,0.116188547124892,0.0135133376051864,0.102675209519706,775,0.116188547126376,0.0135133376066705,0.102675209519706,979,112.967320433596,55.5251701855167,57.4421502480788,836,90.2262244475428,52.8650496065699,37.3611748409729
